Date,Close,MIN.YEAR,Year,New.Year,Min,Min.Date,Max,Max.Date
6/6/2014,4321.399902,6/6/2014,2014,6/6/2014,4213.660156,10/13/2014,4806.910156,12/29/2014
6/9/2014,4336.240234,6/6/2014,2015,1/2/2015,4506.490234,8/25/2015,5218.859863,7/20/2015
6/10/2014,4338,6/6/2014,2016,1/4/2016,4266.839844,2/11/2016,5487.439941,12/27/2016
6/11/2014,4331.930176,6/6/2014,2017,1/3/2017,5429.080078,1/3/2017,6994.759766,12/18/2017
6/12/2014,4297.629883,6/6/2014,2018,1/2/2018,6192.919922,12/24/2018,8109.689941,8/29/2018
6/13/2014,4310.649902,6/6/2014,2019,1/2/2019,6463.5,1/3/2019,9022.389648,12/26/2019
6/16/2014,4321.100098,6/6/2014,2020,1/2/2020,6860.669922,3/23/2020,12899.41992,12/28/2020
6/17/2014,4337.22998,6/6/2014,2021,1/4/2021,12609.16016,3/8/2021,16057.44043,11/19/2021
6/18/2014,4362.839844,6/6/2014,2022,1/3/2022,10213.29004,12/28/2022,15832.79981,1/3/2022
6/19/2014,4359.330078,6/6/2014,2023,1/3/2023,10305.24023,1/5/2023,15099.17969,12/27/2023
6/20/2014,4368.040039,6/6/2014,2024,1/2/2024,14510.29981,1/4/2024,17187.90039,6/5/2024
6/23/2014,4368.680176,6/6/2014,,,,,,
6/24/2014,4350.350098,6/6/2014,,,,,,
6/25/2014,4379.759766,6/6/2014,,,,,,
6/26/2014,4379.049805,6/6/2014,,,,,,
6/27/2014,4397.930176,6/6/2014,,,,,,
6/30/2014,4408.180176,6/6/2014,,,,,,
7/1/2014,4458.649902,6/6/2014,,,,,,
7/2/2014,4457.72998,6/6/2014,,,,,,
7/3/2014,4485.930176,6/6/2014,,,,,,
7/7/2014,4451.529785,6/6/2014,,,,,,
7/8/2014,4391.459961,6/6/2014,,,,,,
7/9/2014,4419.029785,6/6/2014,,,,,,
7/10/2014,4396.200195,6/6/2014,,,,,,
7/11/2014,4415.490234,6/6/2014,,,,,,
7/14/2014,4440.419922,6/6/2014,,,,,,
7/15/2014,4416.390137,6/6/2014,,,,,,
7/16/2014,4425.970215,6/6/2014,,,,,,
7/17/2014,4363.450195,6/6/2014,,,,,,
7/18/2014,4432.149902,6/6/2014,,,,,,
7/21/2014,4424.700195,6/6/2014,,,,,,
7/22/2014,4456.02002,6/6/2014,,,,,,
7/23/2014,4473.700195,6/6/2014,,,,,,
7/24/2014,4472.109863,6/6/2014,,,,,,
7/25/2014,4449.560059,6/6/2014,,,,,,
7/28/2014,4444.910156,6/6/2014,,,,,,
7/29/2014,4442.700195,6/6/2014,,,,,,
7/30/2014,4462.899902,6/6/2014,,,,,,
7/31/2014,4369.77002,6/6/2014,,,,,,
8/1/2014,4352.640137,6/6/2014,,,,,,
8/4/2014,4383.890137,6/6/2014,,,,,,
8/5/2014,4352.839844,6/6/2014,,,,,,
8/6/2014,4355.049805,6/6/2014,,,,,,
8/7/2014,4334.970215,6/6/2014,,,,,,
8/8/2014,4370.899902,6/6/2014,,,,,,
8/11/2014,4401.330078,6/6/2014,,,,,,
8/12/2014,4389.25,6/6/2014,,,,,,
8/13/2014,4434.129883,6/6/2014,,,,,,
8/14/2014,4453,6/6/2014,,,,,,
8/15/2014,4464.930176,6/6/2014,,,,,,
8/18/2014,4508.310059,6/6/2014,,,,,,
8/19/2014,4527.509766,6/6/2014,,,,,,
8/20/2014,4526.47998,6/6/2014,,,,,,
8/21/2014,4532.100098,6/6/2014,,,,,,
8/22/2014,4538.549805,6/6/2014,,,,,,
8/25/2014,4557.350098,6/6/2014,,,,,,
8/26/2014,4570.640137,6/6/2014,,,,,,
8/27/2014,4569.620117,6/6/2014,,,,,,
8/28/2014,4557.700195,6/6/2014,,,,,,
8/29/2014,4580.27002,6/6/2014,,,,,,
9/2/2014,4598.189941,6/6/2014,,,,,,
9/3/2014,4572.560059,6/6/2014,,,,,,
9/4/2014,4562.290039,6/6/2014,,,,,,
9/5/2014,4582.899902,6/6/2014,,,,,,
9/8/2014,4592.290039,6/6/2014,,,,,,
9/9/2014,4552.290039,6/6/2014,,,,,,
9/10/2014,4586.52002,6/6/2014,,,,,,
9/11/2014,4591.810059,6/6/2014,,,,,,
9/12/2014,4567.600098,6/6/2014,,,,,,
9/15/2014,4518.899902,6/6/2014,,,,,,
9/16/2014,4552.759766,6/6/2014,,,,,,
9/17/2014,4562.189941,6/6/2014,,,,,,
9/18/2014,4593.430176,6/6/2014,,,,,,
9/19/2014,4579.790039,6/6/2014,,,,,,
9/22/2014,4527.689941,6/6/2014,,,,,,
9/23/2014,4508.689941,6/6/2014,,,,,,
9/24/2014,4555.220215,6/6/2014,,,,,,
9/25/2014,4466.75,6/6/2014,,,,,,
9/26/2014,4512.189941,6/6/2014,,,,,,
9/29/2014,4505.850098,6/6/2014,,,,,,
9/30/2014,4493.390137,6/6/2014,,,,,,
10/1/2014,4422.089844,6/6/2014,,,,,,
10/2/2014,4430.200195,6/6/2014,,,,,,
10/3/2014,4475.620117,6/6/2014,,,,,,
10/6/2014,4454.799805,6/6/2014,,,,,,
10/7/2014,4385.200195,6/6/2014,,,,,,
10/8/2014,4468.589844,6/6/2014,,,,,,
10/9/2014,4378.339844,6/6/2014,,,,,,
10/10/2014,4276.240234,6/6/2014,,,,,,
10/13/2014,4213.660156,6/6/2014,,,,,,
10/14/2014,4227.169922,6/6/2014,,,,,,
10/15/2014,4215.319824,6/6/2014,,,,,,
10/16/2014,4217.390137,6/6/2014,,,,,,
10/17/2014,4258.439941,6/6/2014,,,,,,
10/20/2014,4316.069824,6/6/2014,,,,,,
10/21/2014,4419.47998,6/6/2014,,,,,,
10/22/2014,4382.850098,6/6/2014,,,,,,
10/23/2014,4452.790039,6/6/2014,,,,,,
10/24/2014,4483.720215,6/6/2014,,,,,,
10/27/2014,4485.930176,6/6/2014,,,,,,
10/28/2014,4564.290039,6/6/2014,,,,,,
10/29/2014,4549.22998,6/6/2014,,,,,,
10/30/2014,4566.140137,6/6/2014,,,,,,
10/31/2014,4630.740234,6/6/2014,,,,,,
11/3/2014,4638.910156,6/6/2014,,,,,,
11/4/2014,4623.640137,6/6/2014,,,,,,
11/5/2014,4620.720215,6/6/2014,,,,,,
11/6/2014,4638.470215,6/6/2014,,,,,,
11/7/2014,4632.529785,6/6/2014,,,,,,
11/10/2014,4651.620117,6/6/2014,,,,,,
11/11/2014,4660.560059,6/6/2014,,,,,,
11/12/2014,4675.140137,6/6/2014,,,,,,
11/13/2014,4680.140137,6/6/2014,,,,,,
11/14/2014,4688.540039,6/6/2014,,,,,,
11/17/2014,4671,6/6/2014,,,,,,
11/18/2014,4702.439941,6/6/2014,,,,,,
11/19/2014,4675.709961,6/6/2014,,,,,,
11/20/2014,4701.870117,6/6/2014,,,,,,
11/21/2014,4712.970215,6/6/2014,,,,,,
11/24/2014,4754.890137,6/6/2014,,,,,,
11/25/2014,4758.25,6/6/2014,,,,,,
11/26/2014,4787.319824,6/6/2014,,,,,,
11/28/2014,4791.629883,6/6/2014,,,,,,
12/1/2014,4727.350098,6/6/2014,,,,,,
12/2/2014,4755.810059,6/6/2014,,,,,,
12/3/2014,4774.470215,6/6/2014,,,,,,
12/4/2014,4769.439941,6/6/2014,,,,,,
12/5/2014,4780.759766,6/6/2014,,,,,,
12/8/2014,4740.689941,6/6/2014,,,,,,
12/9/2014,4766.470215,6/6/2014,,,,,,
12/10/2014,4684.02002,6/6/2014,,,,,,
12/11/2014,4708.160156,6/6/2014,,,,,,
12/12/2014,4653.600098,6/6/2014,,,,,,
12/15/2014,4605.160156,6/6/2014,,,,,,
12/16/2014,4547.830078,6/6/2014,,,,,,
12/17/2014,4644.310059,6/6/2014,,,,,,
12/18/2014,4748.399902,6/6/2014,,,,,,
12/19/2014,4765.379883,6/6/2014,,,,,,
12/22/2014,4781.419922,6/6/2014,,,,,,
12/23/2014,4765.419922,6/6/2014,,,,,,
12/24/2014,4773.470215,6/6/2014,,,,,,
12/26/2014,4806.859863,6/6/2014,,,,,,
12/29/2014,4806.910156,6/6/2014,,,,,,
12/30/2014,4777.439941,6/6/2014,,,,,,
12/31/2014,4736.049805,6/6/2014,,,,,,
1/2/2015,4726.810059,1/2/2015,,,,,,
1/5/2015,4652.569824,1/2/2015,,,,,,
1/6/2015,4592.740234,1/2/2015,,,,,,
1/7/2015,4650.470215,1/2/2015,,,,,,
1/8/2015,4736.189941,1/2/2015,,,,,,
1/9/2015,4704.069824,1/2/2015,,,,,,
1/12/2015,4664.709961,1/2/2015,,,,,,
1/13/2015,4661.5,1/2/2015,,,,,,
1/14/2015,4639.319824,1/2/2015,,,,,,
1/15/2015,4570.819824,1/2/2015,,,,,,
1/16/2015,4634.379883,1/2/2015,,,,,,
1/20/2015,4654.850098,1/2/2015,,,,,,
1/21/2015,4667.419922,1/2/2015,,,,,,
1/22/2015,4750.399902,1/2/2015,,,,,,
1/23/2015,4757.879883,1/2/2015,,,,,,
1/26/2015,4771.759766,1/2/2015,,,,,,
1/27/2015,4681.5,1/2/2015,,,,,,
1/28/2015,4637.990234,1/2/2015,,,,,,
1/29/2015,4683.410156,1/2/2015,,,,,,
1/30/2015,4635.240234,1/2/2015,,,,,,
2/2/2015,4676.689941,1/2/2015,,,,,,
2/3/2015,4727.740234,1/2/2015,,,,,,
2/4/2015,4716.700195,1/2/2015,,,,,,
2/5/2015,4765.100098,1/2/2015,,,,,,
2/6/2015,4744.399902,1/2/2015,,,,,,
2/9/2015,4726.009766,1/2/2015,,,,,,
2/10/2015,4787.640137,1/2/2015,,,,,,
2/11/2015,4801.180176,1/2/2015,,,,,,
2/12/2015,4857.609863,1/2/2015,,,,,,
2/13/2015,4893.839844,1/2/2015,,,,,,
2/17/2015,4899.27002,1/2/2015,,,,,,
2/18/2015,4906.359863,1/2/2015,,,,,,
2/19/2015,4924.700195,1/2/2015,,,,,,
2/20/2015,4955.970215,1/2/2015,,,,,,
2/23/2015,4960.970215,1/2/2015,,,,,,
2/24/2015,4968.120117,1/2/2015,,,,,,
2/25/2015,4967.140137,1/2/2015,,,,,,
2/26/2015,4987.890137,1/2/2015,,,,,,
2/27/2015,4963.529785,1/2/2015,,,,,,
3/2/2015,5008.100098,1/2/2015,,,,,,
3/3/2015,4979.899902,1/2/2015,,,,,,
3/4/2015,4967.140137,1/2/2015,,,,,,
3/5/2015,4982.810059,1/2/2015,,,,,,
3/6/2015,4927.370117,1/2/2015,,,,,,
3/9/2015,4942.439941,1/2/2015,,,,,,
3/10/2015,4859.790039,1/2/2015,,,,,,
3/11/2015,4849.939941,1/2/2015,,,,,,
3/12/2015,4893.290039,1/2/2015,,,,,,
3/13/2015,4871.759766,1/2/2015,,,,,,
3/16/2015,4929.509766,1/2/2015,,,,,,
3/17/2015,4937.430176,1/2/2015,,,,,,
3/18/2015,4982.830078,1/2/2015,,,,,,
3/19/2015,4992.379883,1/2/2015,,,,,,
3/20/2015,5026.419922,1/2/2015,,,,,,
3/23/2015,5010.970215,1/2/2015,,,,,,
3/24/2015,4994.72998,1/2/2015,,,,,,
3/25/2015,4876.52002,1/2/2015,,,,,,
3/26/2015,4863.359863,1/2/2015,,,,,,
3/27/2015,4891.220215,1/2/2015,,,,,,
3/30/2015,4947.439941,1/2/2015,,,,,,
3/31/2015,4900.879883,1/2/2015,,,,,,
4/1/2015,4880.22998,1/2/2015,,,,,,
4/2/2015,4886.939941,1/2/2015,,,,,,
4/6/2015,4917.319824,1/2/2015,,,,,,
4/7/2015,4910.22998,1/2/2015,,,,,,
4/8/2015,4950.819824,1/2/2015,,,,,,
4/9/2015,4974.560059,1/2/2015,,,,,,
4/10/2015,4995.97998,1/2/2015,,,,,,
4/13/2015,4988.25,1/2/2015,,,,,,
4/14/2015,4977.290039,1/2/2015,,,,,,
4/15/2015,5011.02002,1/2/2015,,,,,,
4/16/2015,5007.790039,1/2/2015,,,,,,
4/17/2015,4931.810059,1/2/2015,,,,,,
4/20/2015,4994.600098,1/2/2015,,,,,,
4/21/2015,5014.100098,1/2/2015,,,,,,
4/22/2015,5035.169922,1/2/2015,,,,,,
4/23/2015,5056.060059,1/2/2015,,,,,,
4/24/2015,5092.080078,1/2/2015,,,,,,
4/27/2015,5060.25,1/2/2015,,,,,,
4/28/2015,5055.419922,1/2/2015,,,,,,
4/29/2015,5023.640137,1/2/2015,,,,,,
4/30/2015,4941.419922,1/2/2015,,,,,,
5/1/2015,5005.390137,1/2/2015,,,,,,
5/4/2015,5016.930176,1/2/2015,,,,,,
5/5/2015,4939.330078,1/2/2015,,,,,,
5/6/2015,4919.640137,1/2/2015,,,,,,
5/7/2015,4945.540039,1/2/2015,,,,,,
5/8/2015,5003.549805,1/2/2015,,,,,,
5/11/2015,4993.569824,1/2/2015,,,,,,
5/12/2015,4976.189941,1/2/2015,,,,,,
5/13/2015,4981.689941,1/2/2015,,,,,,
5/14/2015,5050.799805,1/2/2015,,,,,,
5/15/2015,5048.290039,1/2/2015,,,,,,
5/18/2015,5078.439941,1/2/2015,,,,,,
5/19/2015,5070.029785,1/2/2015,,,,,,
5/20/2015,5071.740234,1/2/2015,,,,,,
5/21/2015,5090.790039,1/2/2015,,,,,,
5/22/2015,5089.359863,1/2/2015,,,,,,
5/26/2015,5032.75,1/2/2015,,,,,,
5/27/2015,5106.589844,1/2/2015,,,,,,
5/28/2015,5097.97998,1/2/2015,,,,,,
5/29/2015,5070.029785,1/2/2015,,,,,,
6/1/2015,5082.930176,1/2/2015,,,,,,
6/2/2015,5076.52002,1/2/2015,,,,,,
6/3/2015,5099.22998,1/2/2015,,,,,,
6/4/2015,5059.120117,1/2/2015,,,,,,
6/5/2015,5068.459961,1/2/2015,,,,,,
6/8/2015,5021.629883,1/2/2015,,,,,,
6/9/2015,5013.870117,1/2/2015,,,,,,
6/10/2015,5076.689941,1/2/2015,,,,,,
6/11/2015,5082.509766,1/2/2015,,,,,,
6/12/2015,5051.100098,1/2/2015,,,,,,
6/15/2015,5029.970215,1/2/2015,,,,,,
6/16/2015,5055.549805,1/2/2015,,,,,,
6/17/2015,5064.879883,1/2/2015,,,,,,
6/18/2015,5132.950195,1/2/2015,,,,,,
6/19/2015,5117,1/2/2015,,,,,,
6/22/2015,5153.970215,1/2/2015,,,,,,
6/23/2015,5160.089844,1/2/2015,,,,,,
6/24/2015,5122.410156,1/2/2015,,,,,,
6/25/2015,5112.189941,1/2/2015,,,,,,
6/26/2015,5080.509766,1/2/2015,,,,,,
6/29/2015,4958.470215,1/2/2015,,,,,,
6/30/2015,4986.870117,1/2/2015,,,,,,
7/1/2015,5013.120117,1/2/2015,,,,,,
7/2/2015,5009.209961,1/2/2015,,,,,,
7/6/2015,4991.939941,1/2/2015,,,,,,
7/7/2015,4997.459961,1/2/2015,,,,,,
7/8/2015,4909.759766,1/2/2015,,,,,,
7/9/2015,4922.399902,1/2/2015,,,,,,
7/10/2015,4997.700195,1/2/2015,,,,,,
7/13/2015,5071.509766,1/2/2015,,,,,,
7/14/2015,5104.890137,1/2/2015,,,,,,
7/15/2015,5098.939941,1/2/2015,,,,,,
7/16/2015,5163.180176,1/2/2015,,,,,,
7/17/2015,5210.140137,1/2/2015,,,,,,
7/20/2015,5218.859863,1/2/2015,,,,,,
7/21/2015,5208.120117,1/2/2015,,,,,,
7/22/2015,5171.77002,1/2/2015,,,,,,
7/23/2015,5146.410156,1/2/2015,,,,,,
7/24/2015,5088.629883,1/2/2015,,,,,,
7/27/2015,5039.779785,1/2/2015,,,,,,
7/28/2015,5089.209961,1/2/2015,,,,,,
7/29/2015,5111.72998,1/2/2015,,,,,,
7/30/2015,5128.779785,1/2/2015,,,,,,
7/31/2015,5128.279785,1/2/2015,,,,,,
8/3/2015,5115.379883,1/2/2015,,,,,,
8/4/2015,5105.549805,1/2/2015,,,,,,
8/5/2015,5139.939941,1/2/2015,,,,,,
8/6/2015,5056.439941,1/2/2015,,,,,,
8/7/2015,5043.540039,1/2/2015,,,,,,
8/10/2015,5101.799805,1/2/2015,,,,,,
8/11/2015,5036.790039,1/2/2015,,,,,,
8/12/2015,5044.390137,1/2/2015,,,,,,
8/13/2015,5033.560059,1/2/2015,,,,,,
8/14/2015,5048.240234,1/2/2015,,,,,,
8/17/2015,5091.700195,1/2/2015,,,,,,
8/18/2015,5059.350098,1/2/2015,,,,,,
8/19/2015,5019.049805,1/2/2015,,,,,,
8/20/2015,4877.490234,1/2/2015,,,,,,
8/21/2015,4706.040039,1/2/2015,,,,,,
8/24/2015,4526.25,1/2/2015,,,,,,
8/25/2015,4506.490234,1/2/2015,,,,,,
8/26/2015,4697.540039,1/2/2015,,,,,,
8/27/2015,4812.709961,1/2/2015,,,,,,
8/28/2015,4828.319824,1/2/2015,,,,,,
8/31/2015,4776.509766,1/2/2015,,,,,,
9/1/2015,4636.100098,1/2/2015,,,,,,
9/2/2015,4749.97998,1/2/2015,,,,,,
9/3/2015,4733.5,1/2/2015,,,,,,
9/4/2015,4683.919922,1/2/2015,,,,,,
9/8/2015,4811.930176,1/2/2015,,,,,,
9/9/2015,4756.529785,1/2/2015,,,,,,
9/10/2015,4796.25,1/2/2015,,,,,,
9/11/2015,4822.339844,1/2/2015,,,,,,
9/14/2015,4805.759766,1/2/2015,,,,,,
9/15/2015,4860.52002,1/2/2015,,,,,,
9/16/2015,4889.240234,1/2/2015,,,,,,
9/17/2015,4893.950195,1/2/2015,,,,,,
9/18/2015,4827.22998,1/2/2015,,,,,,
9/21/2015,4828.950195,1/2/2015,,,,,,
9/22/2015,4756.720215,1/2/2015,,,,,,
9/23/2015,4752.740234,1/2/2015,,,,,,
9/24/2015,4734.47998,1/2/2015,,,,,,
9/25/2015,4686.5,1/2/2015,,,,,,
9/28/2015,4543.970215,1/2/2015,,,,,,
9/29/2015,4517.319824,1/2/2015,,,,,,
9/30/2015,4620.160156,1/2/2015,,,,,,
10/1/2015,4627.080078,1/2/2015,,,,,,
10/2/2015,4707.779785,1/2/2015,,,,,,
10/5/2015,4781.259766,1/2/2015,,,,,,
10/6/2015,4748.359863,1/2/2015,,,,,,
10/7/2015,4791.149902,1/2/2015,,,,,,
10/8/2015,4810.790039,1/2/2015,,,,,,
10/9/2015,4830.470215,1/2/2015,,,,,,
10/12/2015,4838.640137,1/2/2015,,,,,,
10/13/2015,4796.609863,1/2/2015,,,,,,
10/14/2015,4782.850098,1/2/2015,,,,,,
10/15/2015,4870.100098,1/2/2015,,,,,,
10/16/2015,4886.689941,1/2/2015,,,,,,
10/19/2015,4905.470215,1/2/2015,,,,,,
10/20/2015,4880.970215,1/2/2015,,,,,,
10/21/2015,4840.120117,1/2/2015,,,,,,
10/22/2015,4920.049805,1/2/2015,,,,,,
10/23/2015,5031.859863,1/2/2015,,,,,,
10/26/2015,5034.700195,1/2/2015,,,,,,
10/27/2015,5030.149902,1/2/2015,,,,,,
10/28/2015,5095.689941,1/2/2015,,,,,,
10/29/2015,5074.27002,1/2/2015,,,,,,
10/30/2015,5053.75,1/2/2015,,,,,,
11/2/2015,5127.149902,1/2/2015,,,,,,
11/3/2015,5145.129883,1/2/2015,,,,,,
11/4/2015,5142.47998,1/2/2015,,,,,,
11/5/2015,5127.740234,1/2/2015,,,,,,
11/6/2015,5147.120117,1/2/2015,,,,,,
11/9/2015,5095.299805,1/2/2015,,,,,,
11/10/2015,5083.240234,1/2/2015,,,,,,
11/11/2015,5067.02002,1/2/2015,,,,,,
11/12/2015,5005.080078,1/2/2015,,,,,,
11/13/2015,4927.879883,1/2/2015,,,,,,
11/16/2015,4984.620117,1/2/2015,,,,,,
11/17/2015,4986.02002,1/2/2015,,,,,,
11/18/2015,5075.200195,1/2/2015,,,,,,
11/19/2015,5073.640137,1/2/2015,,,,,,
11/20/2015,5104.919922,1/2/2015,,,,,,
11/23/2015,5102.47998,1/2/2015,,,,,,
11/24/2015,5102.810059,1/2/2015,,,,,,
11/25/2015,5116.140137,1/2/2015,,,,,,
11/27/2015,5127.52002,1/2/2015,,,,,,
11/30/2015,5108.669922,1/2/2015,,,,,,
12/1/2015,5156.310059,1/2/2015,,,,,,
12/2/2015,5123.220215,1/2/2015,,,,,,
12/3/2015,5037.529785,1/2/2015,,,,,,
12/4/2015,5142.27002,1/2/2015,,,,,,
12/7/2015,5101.810059,1/2/2015,,,,,,
12/8/2015,5098.240234,1/2/2015,,,,,,
12/9/2015,5022.870117,1/2/2015,,,,,,
12/10/2015,5045.169922,1/2/2015,,,,,,
12/11/2015,4933.470215,1/2/2015,,,,,,
12/14/2015,4952.22998,1/2/2015,,,,,,
12/15/2015,4995.359863,1/2/2015,,,,,,
12/16/2015,5071.129883,1/2/2015,,,,,,
12/17/2015,5002.549805,1/2/2015,,,,,,
12/18/2015,4923.080078,1/2/2015,,,,,,
12/21/2015,4968.919922,1/2/2015,,,,,,
12/22/2015,5001.109863,1/2/2015,,,,,,
12/23/2015,5045.930176,1/2/2015,,,,,,
12/24/2015,5048.490234,1/2/2015,,,,,,
12/28/2015,5040.990234,1/2/2015,,,,,,
12/29/2015,5107.939941,1/2/2015,,,,,,
12/30/2015,5065.850098,1/2/2015,,,,,,
12/31/2015,5007.410156,1/2/2015,,,,,,
1/4/2016,4903.089844,1/4/2016,,,,,,
1/5/2016,4891.430176,1/4/2016,,,,,,
1/6/2016,4835.759766,1/4/2016,,,,,,
1/7/2016,4689.430176,1/4/2016,,,,,,
1/8/2016,4643.629883,1/4/2016,,,,,,
1/11/2016,4637.990234,1/4/2016,,,,,,
1/12/2016,4685.919922,1/4/2016,,,,,,
1/13/2016,4526.060059,1/4/2016,,,,,,
1/14/2016,4615,1/4/2016,,,,,,
1/15/2016,4488.419922,1/4/2016,,,,,,
1/19/2016,4476.950195,1/4/2016,,,,,,
1/20/2016,4471.689941,1/4/2016,,,,,,
1/21/2016,4472.060059,1/4/2016,,,,,,
1/22/2016,4591.180176,1/4/2016,,,,,,
1/25/2016,4518.490234,1/4/2016,,,,,,
1/26/2016,4567.669922,1/4/2016,,,,,,
1/27/2016,4468.169922,1/4/2016,,,,,,
1/28/2016,4506.680176,1/4/2016,,,,,,
1/29/2016,4613.950195,1/4/2016,,,,,,
2/1/2016,4620.370117,1/4/2016,,,,,,
2/2/2016,4516.950195,1/4/2016,,,,,,
2/3/2016,4504.240234,1/4/2016,,,,,,
2/4/2016,4509.560059,1/4/2016,,,,,,
2/5/2016,4363.140137,1/4/2016,,,,,,
2/8/2016,4283.75,1/4/2016,,,,,,
2/9/2016,4268.759766,1/4/2016,,,,,,
2/10/2016,4283.589844,1/4/2016,,,,,,
2/11/2016,4266.839844,1/4/2016,,,,,,
2/12/2016,4337.509766,1/4/2016,,,,,,
2/16/2016,4435.959961,1/4/2016,,,,,,
2/17/2016,4534.060059,1/4/2016,,,,,,
2/18/2016,4487.540039,1/4/2016,,,,,,
2/19/2016,4504.430176,1/4/2016,,,,,,
2/22/2016,4570.609863,1/4/2016,,,,,,
2/23/2016,4503.580078,1/4/2016,,,,,,
2/24/2016,4542.609863,1/4/2016,,,,,,
2/25/2016,4582.200195,1/4/2016,,,,,,
2/26/2016,4590.470215,1/4/2016,,,,,,
2/29/2016,4557.950195,1/4/2016,,,,,,
3/1/2016,4689.600098,1/4/2016,,,,,,
3/2/2016,4703.419922,1/4/2016,,,,,,
3/3/2016,4707.419922,1/4/2016,,,,,,
3/4/2016,4717.02002,1/4/2016,,,,,,
3/7/2016,4708.25,1/4/2016,,,,,,
3/8/2016,4648.819824,1/4/2016,,,,,,
3/9/2016,4674.379883,1/4/2016,,,,,,
3/10/2016,4662.160156,1/4/2016,,,,,,
3/11/2016,4748.470215,1/4/2016,,,,,,
3/14/2016,4750.279785,1/4/2016,,,,,,
3/15/2016,4728.669922,1/4/2016,,,,,,
3/16/2016,4763.970215,1/4/2016,,,,,,
3/17/2016,4774.990234,1/4/2016,,,,,,
3/18/2016,4795.649902,1/4/2016,,,,,,
3/21/2016,4808.870117,1/4/2016,,,,,,
3/22/2016,4821.660156,1/4/2016,,,,,,
3/23/2016,4768.859863,1/4/2016,,,,,,
3/24/2016,4773.5,1/4/2016,,,,,,
3/28/2016,4766.790039,1/4/2016,,,,,,
3/29/2016,4846.620117,1/4/2016,,,,,,
3/30/2016,4869.290039,1/4/2016,,,,,,
3/31/2016,4869.850098,1/4/2016,,,,,,
4/1/2016,4914.540039,1/4/2016,,,,,,
4/4/2016,4891.799805,1/4/2016,,,,,,
4/5/2016,4843.930176,1/4/2016,,,,,,
4/6/2016,4920.720215,1/4/2016,,,,,,
4/7/2016,4848.370117,1/4/2016,,,,,,
4/8/2016,4850.689941,1/4/2016,,,,,,
4/11/2016,4833.399902,1/4/2016,,,,,,
4/12/2016,4872.089844,1/4/2016,,,,,,
4/13/2016,4947.419922,1/4/2016,,,,,,
4/14/2016,4945.890137,1/4/2016,,,,,,
4/15/2016,4938.220215,1/4/2016,,,,,,
4/18/2016,4960.02002,1/4/2016,,,,,,
4/19/2016,4940.330078,1/4/2016,,,,,,
4/20/2016,4948.129883,1/4/2016,,,,,,
4/21/2016,4945.890137,1/4/2016,,,,,,
4/22/2016,4906.22998,1/4/2016,,,,,,
4/25/2016,4895.790039,1/4/2016,,,,,,
4/26/2016,4888.279785,1/4/2016,,,,,,
4/27/2016,4863.140137,1/4/2016,,,,,,
4/28/2016,4805.290039,1/4/2016,,,,,,
4/29/2016,4775.359863,1/4/2016,,,,,,
5/2/2016,4817.589844,1/4/2016,,,,,,
5/3/2016,4763.220215,1/4/2016,,,,,,
5/4/2016,4725.640137,1/4/2016,,,,,,
5/5/2016,4717.089844,1/4/2016,,,,,,
5/6/2016,4736.160156,1/4/2016,,,,,,
5/9/2016,4750.209961,1/4/2016,,,,,,
5/10/2016,4809.879883,1/4/2016,,,,,,
5/11/2016,4760.689941,1/4/2016,,,,,,
5/12/2016,4737.330078,1/4/2016,,,,,,
5/13/2016,4717.680176,1/4/2016,,,,,,
5/16/2016,4775.459961,1/4/2016,,,,,,
5/17/2016,4715.72998,1/4/2016,,,,,,
5/18/2016,4739.120117,1/4/2016,,,,,,
5/19/2016,4712.529785,1/4/2016,,,,,,
5/20/2016,4769.560059,1/4/2016,,,,,,
5/23/2016,4765.779785,1/4/2016,,,,,,
5/24/2016,4861.060059,1/4/2016,,,,,,
5/25/2016,4894.890137,1/4/2016,,,,,,
5/26/2016,4901.77002,1/4/2016,,,,,,
5/27/2016,4933.5,1/4/2016,,,,,,
5/31/2016,4948.049805,1/4/2016,,,,,,
6/1/2016,4952.25,1/4/2016,,,,,,
6/2/2016,4971.359863,1/4/2016,,,,,,
6/3/2016,4942.52002,1/4/2016,,,,,,
6/6/2016,4968.709961,1/4/2016,,,,,,
6/7/2016,4961.75,1/4/2016,,,,,,
6/8/2016,4974.640137,1/4/2016,,,,,,
6/9/2016,4958.620117,1/4/2016,,,,,,
6/10/2016,4894.549805,1/4/2016,,,,,,
6/13/2016,4848.439941,1/4/2016,,,,,,
6/14/2016,4843.549805,1/4/2016,,,,,,
6/15/2016,4834.930176,1/4/2016,,,,,,
6/16/2016,4844.919922,1/4/2016,,,,,,
6/17/2016,4800.339844,1/4/2016,,,,,,
6/20/2016,4837.209961,1/4/2016,,,,,,
6/21/2016,4843.759766,1/4/2016,,,,,,
6/22/2016,4833.319824,1/4/2016,,,,,,
6/23/2016,4910.040039,1/4/2016,,,,,,
6/24/2016,4707.97998,1/4/2016,,,,,,
6/27/2016,4594.439941,1/4/2016,,,,,,
6/28/2016,4691.870117,1/4/2016,,,,,,
6/29/2016,4779.25,1/4/2016,,,,,,
6/30/2016,4842.669922,1/4/2016,,,,,,
7/1/2016,4862.569824,1/4/2016,,,,,,
7/5/2016,4822.899902,1/4/2016,,,,,,
7/6/2016,4859.160156,1/4/2016,,,,,,
7/7/2016,4876.810059,1/4/2016,,,,,,
7/8/2016,4956.759766,1/4/2016,,,,,,
7/11/2016,4988.640137,1/4/2016,,,,,,
7/12/2016,5022.819824,1/4/2016,,,,,,
7/13/2016,5005.72998,1/4/2016,,,,,,
7/14/2016,5034.060059,1/4/2016,,,,,,
7/15/2016,5029.589844,1/4/2016,,,,,,
7/18/2016,5055.779785,1/4/2016,,,,,,
7/19/2016,5036.370117,1/4/2016,,,,,,
7/20/2016,5089.930176,1/4/2016,,,,,,
7/21/2016,5073.899902,1/4/2016,,,,,,
7/22/2016,5100.160156,1/4/2016,,,,,,
7/25/2016,5097.629883,1/4/2016,,,,,,
7/26/2016,5110.049805,1/4/2016,,,,,,
7/27/2016,5139.810059,1/4/2016,,,,,,
7/28/2016,5154.97998,1/4/2016,,,,,,
7/29/2016,5162.129883,1/4/2016,,,,,,
8/1/2016,5184.200195,1/4/2016,,,,,,
8/2/2016,5137.72998,1/4/2016,,,,,,
8/3/2016,5159.740234,1/4/2016,,,,,,
8/4/2016,5166.25,1/4/2016,,,,,,
8/5/2016,5221.120117,1/4/2016,,,,,,
8/8/2016,5213.140137,1/4/2016,,,,,,
8/9/2016,5225.47998,1/4/2016,,,,,,
8/10/2016,5204.580078,1/4/2016,,,,,,
8/11/2016,5228.399902,1/4/2016,,,,,,
8/12/2016,5232.890137,1/4/2016,,,,,,
8/15/2016,5262.02002,1/4/2016,,,,,,
8/16/2016,5227.109863,1/4/2016,,,,,,
8/17/2016,5228.660156,1/4/2016,,,,,,
8/18/2016,5240.149902,1/4/2016,,,,,,
8/19/2016,5238.379883,1/4/2016,,,,,,
8/22/2016,5244.600098,1/4/2016,,,,,,
8/23/2016,5260.080078,1/4/2016,,,,,,
8/24/2016,5217.689941,1/4/2016,,,,,,
8/25/2016,5212.200195,1/4/2016,,,,,,
8/26/2016,5218.919922,1/4/2016,,,,,,
8/29/2016,5232.330078,1/4/2016,,,,,,
8/30/2016,5222.990234,1/4/2016,,,,,,
8/31/2016,5213.220215,1/4/2016,,,,,,
9/1/2016,5227.209961,1/4/2016,,,,,,
9/2/2016,5249.899902,1/4/2016,,,,,,
9/6/2016,5275.910156,1/4/2016,,,,,,
9/7/2016,5283.930176,1/4/2016,,,,,,
9/8/2016,5259.47998,1/4/2016,,,,,,
9/9/2016,5125.910156,1/4/2016,,,,,,
9/12/2016,5211.890137,1/4/2016,,,,,,
9/13/2016,5155.25,1/4/2016,,,,,,
9/14/2016,5173.77002,1/4/2016,,,,,,
9/15/2016,5249.689941,1/4/2016,,,,,,
9/16/2016,5244.569824,1/4/2016,,,,,,
9/19/2016,5235.029785,1/4/2016,,,,,,
9/20/2016,5241.350098,1/4/2016,,,,,,
9/21/2016,5295.180176,1/4/2016,,,,,,
9/22/2016,5339.52002,1/4/2016,,,,,,
9/23/2016,5305.75,1/4/2016,,,,,,
9/26/2016,5257.490234,1/4/2016,,,,,,
9/27/2016,5305.709961,1/4/2016,,,,,,
9/28/2016,5318.549805,1/4/2016,,,,,,
9/29/2016,5269.149902,1/4/2016,,,,,,
9/30/2016,5312,1/4/2016,,,,,,
10/3/2016,5300.870117,1/4/2016,,,,,,
10/4/2016,5289.660156,1/4/2016,,,,,,
10/5/2016,5316.02002,1/4/2016,,,,,,
10/6/2016,5306.850098,1/4/2016,,,,,,
10/7/2016,5292.399902,1/4/2016,,,,,,
10/10/2016,5328.669922,1/4/2016,,,,,,
10/11/2016,5246.790039,1/4/2016,,,,,,
10/12/2016,5239.02002,1/4/2016,,,,,,
10/13/2016,5213.330078,1/4/2016,,,,,,
10/14/2016,5214.160156,1/4/2016,,,,,,
10/17/2016,5199.819824,1/4/2016,,,,,,
10/18/2016,5243.839844,1/4/2016,,,,,,
10/19/2016,5246.410156,1/4/2016,,,,,,
10/20/2016,5241.830078,1/4/2016,,,,,,
10/21/2016,5257.399902,1/4/2016,,,,,,
10/24/2016,5309.830078,1/4/2016,,,,,,
10/25/2016,5283.399902,1/4/2016,,,,,,
10/26/2016,5250.27002,1/4/2016,,,,,,
10/27/2016,5215.970215,1/4/2016,,,,,,
10/28/2016,5190.100098,1/4/2016,,,,,,
10/31/2016,5189.140137,1/4/2016,,,,,,
11/1/2016,5153.580078,1/4/2016,,,,,,
11/2/2016,5105.569824,1/4/2016,,,,,,
11/3/2016,5058.410156,1/4/2016,,,,,,
11/4/2016,5046.370117,1/4/2016,,,,,,
11/7/2016,5166.169922,1/4/2016,,,,,,
11/8/2016,5193.490234,1/4/2016,,,,,,
11/9/2016,5251.069824,1/4/2016,,,,,,
11/10/2016,5208.799805,1/4/2016,,,,,,
11/11/2016,5237.109863,1/4/2016,,,,,,
11/14/2016,5218.399902,1/4/2016,,,,,,
11/15/2016,5275.620117,1/4/2016,,,,,,
11/16/2016,5294.580078,1/4/2016,,,,,,
11/17/2016,5333.970215,1/4/2016,,,,,,
11/18/2016,5321.509766,1/4/2016,,,,,,
11/21/2016,5368.859863,1/4/2016,,,,,,
11/22/2016,5386.350098,1/4/2016,,,,,,
11/23/2016,5380.680176,1/4/2016,,,,,,
11/25/2016,5398.919922,1/4/2016,,,,,,
11/28/2016,5368.810059,1/4/2016,,,,,,
11/29/2016,5379.919922,1/4/2016,,,,,,
11/30/2016,5323.680176,1/4/2016,,,,,,
12/1/2016,5251.109863,1/4/2016,,,,,,
12/2/2016,5255.649902,1/4/2016,,,,,,
12/5/2016,5308.890137,1/4/2016,,,,,,
12/6/2016,5333,1/4/2016,,,,,,
12/7/2016,5393.759766,1/4/2016,,,,,,
12/8/2016,5417.359863,1/4/2016,,,,,,
12/9/2016,5444.5,1/4/2016,,,,,,
12/12/2016,5412.540039,1/4/2016,,,,,,
12/13/2016,5463.830078,1/4/2016,,,,,,
12/14/2016,5436.669922,1/4/2016,,,,,,
12/15/2016,5456.850098,1/4/2016,,,,,,
12/16/2016,5437.160156,1/4/2016,,,,,,
12/19/2016,5457.439941,1/4/2016,,,,,,
12/20/2016,5483.939941,1/4/2016,,,,,,
12/21/2016,5471.430176,1/4/2016,,,,,,
12/22/2016,5447.419922,1/4/2016,,,,,,
12/23/2016,5462.689941,1/4/2016,,,,,,
12/27/2016,5487.439941,1/4/2016,,,,,,
12/28/2016,5438.560059,1/4/2016,,,,,,
12/29/2016,5432.089844,1/4/2016,,,,,,
12/30/2016,5383.120117,1/4/2016,,,,,,
1/3/2017,5429.080078,1/3/2017,,,,,,
1/4/2017,5477,1/3/2017,,,,,,
1/5/2017,5487.939941,1/3/2017,,,,,,
1/6/2017,5521.060059,1/3/2017,,,,,,
1/9/2017,5531.819824,1/3/2017,,,,,,
1/10/2017,5551.819824,1/3/2017,,,,,,
1/11/2017,5563.649902,1/3/2017,,,,,,
1/12/2017,5547.490234,1/3/2017,,,,,,
1/13/2017,5574.120117,1/3/2017,,,,,,
1/17/2017,5538.72998,1/3/2017,,,,,,
1/18/2017,5555.649902,1/3/2017,,,,,,
1/19/2017,5540.080078,1/3/2017,,,,,,
1/20/2017,5555.330078,1/3/2017,,,,,,
1/23/2017,5552.939941,1/3/2017,,,,,,
1/24/2017,5600.959961,1/3/2017,,,,,,
1/25/2017,5656.339844,1/3/2017,,,,,,
1/26/2017,5655.180176,1/3/2017,,,,,,
1/27/2017,5660.779785,1/3/2017,,,,,,
1/30/2017,5613.709961,1/3/2017,,,,,,
1/31/2017,5614.790039,1/3/2017,,,,,,
2/1/2017,5642.649902,1/3/2017,,,,,,
2/2/2017,5636.200195,1/3/2017,,,,,,
2/3/2017,5666.77002,1/3/2017,,,,,,
2/6/2017,5663.549805,1/3/2017,,,,,,
2/7/2017,5674.220215,1/3/2017,,,,,,
2/8/2017,5682.450195,1/3/2017,,,,,,
2/9/2017,5715.180176,1/3/2017,,,,,,
2/10/2017,5734.129883,1/3/2017,,,,,,
2/13/2017,5763.959961,1/3/2017,,,,,,
2/14/2017,5782.569824,1/3/2017,,,,,,
2/15/2017,5819.439941,1/3/2017,,,,,,
2/16/2017,5814.899902,1/3/2017,,,,,,
2/17/2017,5838.580078,1/3/2017,,,,,,
2/21/2017,5865.950195,1/3/2017,,,,,,
2/22/2017,5860.629883,1/3/2017,,,,,,
2/23/2017,5835.509766,1/3/2017,,,,,,
2/24/2017,5845.310059,1/3/2017,,,,,,
2/27/2017,5861.899902,1/3/2017,,,,,,
2/28/2017,5825.439941,1/3/2017,,,,,,
3/1/2017,5904.029785,1/3/2017,,,,,,
3/2/2017,5861.220215,1/3/2017,,,,,,
3/3/2017,5870.75,1/3/2017,,,,,,
3/6/2017,5849.180176,1/3/2017,,,,,,
3/7/2017,5833.930176,1/3/2017,,,,,,
3/8/2017,5837.549805,1/3/2017,,,,,,
3/9/2017,5838.810059,1/3/2017,,,,,,
3/10/2017,5861.72998,1/3/2017,,,,,,
3/13/2017,5875.779785,1/3/2017,,,,,,
3/14/2017,5856.819824,1/3/2017,,,,,,
3/15/2017,5900.049805,1/3/2017,,,,,,
3/16/2017,5900.759766,1/3/2017,,,,,,
3/17/2017,5901,1/3/2017,,,,,,
3/20/2017,5901.529785,1/3/2017,,,,,,
3/21/2017,5793.830078,1/3/2017,,,,,,
3/22/2017,5821.640137,1/3/2017,,,,,,
3/23/2017,5817.689941,1/3/2017,,,,,,
3/24/2017,5828.740234,1/3/2017,,,,,,
3/27/2017,5840.370117,1/3/2017,,,,,,
3/28/2017,5875.140137,1/3/2017,,,,,,
3/29/2017,5897.549805,1/3/2017,,,,,,
3/30/2017,5914.339844,1/3/2017,,,,,,
3/31/2017,5911.740234,1/3/2017,,,,,,
4/3/2017,5894.680176,1/3/2017,,,,,,
4/4/2017,5898.609863,1/3/2017,,,,,,
4/5/2017,5864.47998,1/3/2017,,,,,,
4/6/2017,5878.950195,1/3/2017,,,,,,
4/7/2017,5877.810059,1/3/2017,,,,,,
4/10/2017,5880.930176,1/3/2017,,,,,,
4/11/2017,5866.77002,1/3/2017,,,,,,
4/12/2017,5836.160156,1/3/2017,,,,,,
4/13/2017,5805.149902,1/3/2017,,,,,,
4/17/2017,5856.790039,1/3/2017,,,,,,
4/18/2017,5849.470215,1/3/2017,,,,,,
4/19/2017,5863.029785,1/3/2017,,,,,,
4/20/2017,5916.779785,1/3/2017,,,,,,
4/21/2017,5910.52002,1/3/2017,,,,,,
4/24/2017,5983.819824,1/3/2017,,,,,,
4/25/2017,6025.490234,1/3/2017,,,,,,
4/26/2017,6025.22998,1/3/2017,,,,,,
4/27/2017,6048.939941,1/3/2017,,,,,,
4/28/2017,6047.609863,1/3/2017,,,,,,
5/1/2017,6091.600098,1/3/2017,,,,,,
5/2/2017,6095.370117,1/3/2017,,,,,,
5/3/2017,6072.549805,1/3/2017,,,,,,
5/4/2017,6075.339844,1/3/2017,,,,,,
5/5/2017,6100.759766,1/3/2017,,,,,,
5/8/2017,6102.660156,1/3/2017,,,,,,
5/9/2017,6120.589844,1/3/2017,,,,,,
5/10/2017,6129.140137,1/3/2017,,,,,,
5/11/2017,6115.959961,1/3/2017,,,,,,
5/12/2017,6121.22998,1/3/2017,,,,,,
5/15/2017,6149.669922,1/3/2017,,,,,,
5/16/2017,6169.870117,1/3/2017,,,,,,
5/17/2017,6011.240234,1/3/2017,,,,,,
5/18/2017,6055.129883,1/3/2017,,,,,,
5/19/2017,6083.700195,1/3/2017,,,,,,
5/22/2017,6133.620117,1/3/2017,,,,,,
5/23/2017,6138.709961,1/3/2017,,,,,,
5/24/2017,6163.02002,1/3/2017,,,,,,
5/25/2017,6205.259766,1/3/2017,,,,,,
5/26/2017,6210.189941,1/3/2017,,,,,,
5/30/2017,6203.189941,1/3/2017,,,,,,
5/31/2017,6198.52002,1/3/2017,,,,,,
6/1/2017,6246.830078,1/3/2017,,,,,,
6/2/2017,6305.799805,1/3/2017,,,,,,
6/5/2017,6295.680176,1/3/2017,,,,,,
6/6/2017,6275.060059,1/3/2017,,,,,,
6/7/2017,6297.379883,1/3/2017,,,,,,
6/8/2017,6321.759766,1/3/2017,,,,,,
6/9/2017,6207.919922,1/3/2017,,,,,,
6/12/2017,6175.459961,1/3/2017,,,,,,
6/13/2017,6220.370117,1/3/2017,,,,,,
6/14/2017,6194.890137,1/3/2017,,,,,,
6/15/2017,6165.5,1/3/2017,,,,,,
6/16/2017,6151.759766,1/3/2017,,,,,,
6/19/2017,6239.009766,1/3/2017,,,,,,
6/20/2017,6188.029785,1/3/2017,,,,,,
6/21/2017,6233.950195,1/3/2017,,,,,,
6/22/2017,6236.689941,1/3/2017,,,,,,
6/23/2017,6265.25,1/3/2017,,,,,,
6/26/2017,6247.149902,1/3/2017,,,,,,
6/27/2017,6146.620117,1/3/2017,,,,,,
6/28/2017,6234.410156,1/3/2017,,,,,,
6/29/2017,6144.350098,1/3/2017,,,,,,
6/30/2017,6140.419922,1/3/2017,,,,,,
7/3/2017,6110.060059,1/3/2017,,,,,,
7/5/2017,6150.859863,1/3/2017,,,,,,
7/6/2017,6089.459961,1/3/2017,,,,,,
7/7/2017,6153.080078,1/3/2017,,,,,,
7/10/2017,6176.390137,1/3/2017,,,,,,
7/11/2017,6193.299805,1/3/2017,,,,,,
7/12/2017,6261.169922,1/3/2017,,,,,,
7/13/2017,6274.439941,1/3/2017,,,,,,
7/14/2017,6312.470215,1/3/2017,,,,,,
7/17/2017,6314.430176,1/3/2017,,,,,,
7/18/2017,6344.310059,1/3/2017,,,,,,
7/19/2017,6385.040039,1/3/2017,,,,,,
7/20/2017,6390,1/3/2017,,,,,,
7/21/2017,6387.75,1/3/2017,,,,,,
7/24/2017,6410.810059,1/3/2017,,,,,,
7/25/2017,6412.169922,1/3/2017,,,,,,
7/26/2017,6422.75,1/3/2017,,,,,,
7/27/2017,6382.189941,1/3/2017,,,,,,
7/28/2017,6374.680176,1/3/2017,,,,,,
7/31/2017,6348.120117,1/3/2017,,,,,,
8/1/2017,6362.939941,1/3/2017,,,,,,
8/2/2017,6362.649902,1/3/2017,,,,,,
8/3/2017,6340.339844,1/3/2017,,,,,,
8/4/2017,6351.560059,1/3/2017,,,,,,
8/7/2017,6383.77002,1/3/2017,,,,,,
8/8/2017,6370.459961,1/3/2017,,,,,,
8/9/2017,6352.330078,1/3/2017,,,,,,
8/10/2017,6216.870117,1/3/2017,,,,,,
8/11/2017,6256.560059,1/3/2017,,,,,,
8/14/2017,6340.22998,1/3/2017,,,,,,
8/15/2017,6333.009766,1/3/2017,,,,,,
8/16/2017,6345.109863,1/3/2017,,,,,,
8/17/2017,6221.910156,1/3/2017,,,,,,
8/18/2017,6216.529785,1/3/2017,,,,,,
8/21/2017,6213.129883,1/3/2017,,,,,,
8/22/2017,6297.47998,1/3/2017,,,,,,
8/23/2017,6278.410156,1/3/2017,,,,,,
8/24/2017,6271.330078,1/3/2017,,,,,,
8/25/2017,6265.640137,1/3/2017,,,,,,
8/28/2017,6283.02002,1/3/2017,,,,,,
8/29/2017,6301.890137,1/3/2017,,,,,,
8/30/2017,6368.310059,1/3/2017,,,,,,
8/31/2017,6428.660156,1/3/2017,,,,,,
9/1/2017,6435.330078,1/3/2017,,,,,,
9/5/2017,6375.569824,1/3/2017,,,,,,
9/6/2017,6393.310059,1/3/2017,,,,,,
9/7/2017,6397.870117,1/3/2017,,,,,,
9/8/2017,6360.189941,1/3/2017,,,,,,
9/11/2017,6432.259766,1/3/2017,,,,,,
9/12/2017,6454.279785,1/3/2017,,,,,,
9/13/2017,6460.189941,1/3/2017,,,,,,
9/14/2017,6429.080078,1/3/2017,,,,,,
9/15/2017,6448.470215,1/3/2017,,,,,,
9/18/2017,6454.640137,1/3/2017,,,,,,
9/19/2017,6461.319824,1/3/2017,,,,,,
9/20/2017,6456.040039,1/3/2017,,,,,,
9/21/2017,6422.689941,1/3/2017,,,,,,
9/22/2017,6426.919922,1/3/2017,,,,,,
9/25/2017,6370.589844,1/3/2017,,,,,,
9/26/2017,6380.160156,1/3/2017,,,,,,
9/27/2017,6453.259766,1/3/2017,,,,,,
9/28/2017,6453.450195,1/3/2017,,,,,,
9/29/2017,6495.959961,1/3/2017,,,,,,
10/2/2017,6516.720215,1/3/2017,,,,,,
10/3/2017,6531.709961,1/3/2017,,,,,,
10/4/2017,6534.629883,1/3/2017,,,,,,
10/5/2017,6585.359863,1/3/2017,,,,,,
10/6/2017,6590.180176,1/3/2017,,,,,,
10/9/2017,6579.72998,1/3/2017,,,,,,
10/10/2017,6587.25,1/3/2017,,,,,,
10/11/2017,6603.549805,1/3/2017,,,,,,
10/12/2017,6591.509766,1/3/2017,,,,,,
10/13/2017,6605.799805,1/3/2017,,,,,,
10/16/2017,6624,1/3/2017,,,,,,
10/17/2017,6623.660156,1/3/2017,,,,,,
10/18/2017,6624.220215,1/3/2017,,,,,,
10/19/2017,6605.069824,1/3/2017,,,,,,
10/20/2017,6629.049805,1/3/2017,,,,,,
10/23/2017,6586.830078,1/3/2017,,,,,,
10/24/2017,6598.430176,1/3/2017,,,,,,
10/25/2017,6563.890137,1/3/2017,,,,,,
10/26/2017,6556.77002,1/3/2017,,,,,,
10/27/2017,6701.259766,1/3/2017,,,,,,
10/30/2017,6698.959961,1/3/2017,,,,,,
10/31/2017,6727.669922,1/3/2017,,,,,,
11/1/2017,6716.529785,1/3/2017,,,,,,
11/2/2017,6714.939941,1/3/2017,,,,,,
11/3/2017,6764.439941,1/3/2017,,,,,,
11/6/2017,6786.439941,1/3/2017,,,,,,
11/7/2017,6767.779785,1/3/2017,,,,,,
11/8/2017,6789.120117,1/3/2017,,,,,,
11/9/2017,6750.049805,1/3/2017,,,,,,
11/10/2017,6750.939941,1/3/2017,,,,,,
11/13/2017,6757.600098,1/3/2017,,,,,,
11/14/2017,6737.870117,1/3/2017,,,,,,
11/15/2017,6706.209961,1/3/2017,,,,,,
11/16/2017,6793.290039,1/3/2017,,,,,,
11/17/2017,6782.790039,1/3/2017,,,,,,
11/20/2017,6790.709961,1/3/2017,,,,,,
11/21/2017,6862.47998,1/3/2017,,,,,,
11/22/2017,6867.359863,1/3/2017,,,,,,
11/24/2017,6889.160156,1/3/2017,,,,,,
11/27/2017,6878.52002,1/3/2017,,,,,,
11/28/2017,6912.359863,1/3/2017,,,,,,
11/29/2017,6824.390137,1/3/2017,,,,,,
11/30/2017,6873.970215,1/3/2017,,,,,,
12/1/2017,6847.589844,1/3/2017,,,,,,
12/4/2017,6775.370117,1/3/2017,,,,,,
12/5/2017,6762.209961,1/3/2017,,,,,,
12/6/2017,6776.379883,1/3/2017,,,,,,
12/7/2017,6812.839844,1/3/2017,,,,,,
12/8/2017,6840.080078,1/3/2017,,,,,,
12/11/2017,6875.080078,1/3/2017,,,,,,
12/12/2017,6862.319824,1/3/2017,,,,,,
12/13/2017,6875.799805,1/3/2017,,,,,,
12/14/2017,6856.529785,1/3/2017,,,,,,
12/15/2017,6936.580078,1/3/2017,,,,,,
12/18/2017,6994.759766,1/3/2017,,,,,,
12/19/2017,6963.850098,1/3/2017,,,,,,
12/20/2017,6960.959961,1/3/2017,,,,,,
12/21/2017,6965.359863,1/3/2017,,,,,,
12/22/2017,6959.959961,1/3/2017,,,,,,
12/26/2017,6936.25,1/3/2017,,,,,,
12/27/2017,6939.339844,1/3/2017,,,,,,
12/28/2017,6950.160156,1/3/2017,,,,,,
12/29/2017,6903.390137,1/3/2017,,,,,,
1/2/2018,7006.899902,1/2/2018,,,,,,
1/3/2018,7065.529785,1/2/2018,,,,,,
1/4/2018,7077.910156,1/2/2018,,,,,,
1/5/2018,7136.560059,1/2/2018,,,,,,
1/8/2018,7157.390137,1/2/2018,,,,,,
1/9/2018,7163.580078,1/2/2018,,,,,,
1/10/2018,7153.569824,1/2/2018,,,,,,
1/11/2018,7211.779785,1/2/2018,,,,,,
1/12/2018,7261.060059,1/2/2018,,,,,,
1/16/2018,7223.689941,1/2/2018,,,,,,
1/17/2018,7298.279785,1/2/2018,,,,,,
1/18/2018,7296.049805,1/2/2018,,,,,,
1/19/2018,7336.379883,1/2/2018,,,,,,
1/22/2018,7408.029785,1/2/2018,,,,,,
1/23/2018,7460.290039,1/2/2018,,,,,,
1/24/2018,7415.060059,1/2/2018,,,,,,
1/25/2018,7411.160156,1/2/2018,,,,,,
1/26/2018,7505.77002,1/2/2018,,,,,,
1/29/2018,7466.509766,1/2/2018,,,,,,
1/30/2018,7402.47998,1/2/2018,,,,,,
1/31/2018,7411.47998,1/2/2018,,,,,,
2/1/2018,7385.859863,1/2/2018,,,,,,
2/2/2018,7240.950195,1/2/2018,,,,,,
2/5/2018,6967.529785,1/2/2018,,,,,,
2/6/2018,7115.879883,1/2/2018,,,,,,
2/7/2018,7051.97998,1/2/2018,,,,,,
2/8/2018,6777.160156,1/2/2018,,,,,,
2/9/2018,6874.490234,1/2/2018,,,,,,
2/12/2018,6981.959961,1/2/2018,,,,,,
2/13/2018,7013.509766,1/2/2018,,,,,,
2/14/2018,7143.620117,1/2/2018,,,,,,
2/15/2018,7256.430176,1/2/2018,,,,,,
2/16/2018,7239.470215,1/2/2018,,,,,,
2/20/2018,7234.310059,1/2/2018,,,,,,
2/21/2018,7218.22998,1/2/2018,,,,,,
2/22/2018,7210.089844,1/2/2018,,,,,,
2/23/2018,7337.390137,1/2/2018,,,,,,
2/26/2018,7421.459961,1/2/2018,,,,,,
2/27/2018,7330.350098,1/2/2018,,,,,,
2/28/2018,7273.009766,1/2/2018,,,,,,
3/1/2018,7180.560059,1/2/2018,,,,,,
3/2/2018,7257.870117,1/2/2018,,,,,,
3/5/2018,7330.709961,1/2/2018,,,,,,
3/6/2018,7372.009766,1/2/2018,,,,,,
3/7/2018,7396.649902,1/2/2018,,,,,,
3/8/2018,7427.950195,1/2/2018,,,,,,
3/9/2018,7560.810059,1/2/2018,,,,,,
3/12/2018,7588.319824,1/2/2018,,,,,,
3/13/2018,7511.009766,1/2/2018,,,,,,
3/14/2018,7496.810059,1/2/2018,,,,,,
3/15/2018,7481.740234,1/2/2018,,,,,,
3/16/2018,7481.990234,1/2/2018,,,,,,
3/19/2018,7344.240234,1/2/2018,,,,,,
3/20/2018,7364.299805,1/2/2018,,,,,,
3/21/2018,7345.290039,1/2/2018,,,,,,
3/22/2018,7166.680176,1/2/2018,,,,,,
3/23/2018,6992.669922,1/2/2018,,,,,,
3/26/2018,7220.540039,1/2/2018,,,,,,
3/27/2018,7008.810059,1/2/2018,,,,,,
3/28/2018,6949.22998,1/2/2018,,,,,,
3/29/2018,7063.450195,1/2/2018,,,,,,
4/2/2018,6870.120117,1/2/2018,,,,,,
4/3/2018,6941.279785,1/2/2018,,,,,,
4/4/2018,7042.109863,1/2/2018,,,,,,
4/5/2018,7076.549805,1/2/2018,,,,,,
4/6/2018,6915.109863,1/2/2018,,,,,,
4/9/2018,6950.339844,1/2/2018,,,,,,
4/10/2018,7094.299805,1/2/2018,,,,,,
4/11/2018,7069.029785,1/2/2018,,,,,,
4/12/2018,7140.25,1/2/2018,,,,,,
4/13/2018,7106.649902,1/2/2018,,,,,,
4/16/2018,7156.279785,1/2/2018,,,,,,
4/17/2018,7281.100098,1/2/2018,,,,,,
4/18/2018,7295.240234,1/2/2018,,,,,,
4/19/2018,7238.060059,1/2/2018,,,,,,
4/20/2018,7146.129883,1/2/2018,,,,,,
4/23/2018,7128.600098,1/2/2018,,,,,,
4/24/2018,7007.350098,1/2/2018,,,,,,
4/25/2018,7003.740234,1/2/2018,,,,,,
4/26/2018,7118.680176,1/2/2018,,,,,,
4/27/2018,7119.799805,1/2/2018,,,,,,
4/30/2018,7066.27002,1/2/2018,,,,,,
5/1/2018,7130.700195,1/2/2018,,,,,,
5/2/2018,7100.899902,1/2/2018,,,,,,
5/3/2018,7088.149902,1/2/2018,,,,,,
5/4/2018,7209.620117,1/2/2018,,,,,,
5/7/2018,7265.209961,1/2/2018,,,,,,
5/8/2018,7266.899902,1/2/2018,,,,,,
5/9/2018,7339.910156,1/2/2018,,,,,,
5/10/2018,7404.970215,1/2/2018,,,,,,
5/11/2018,7402.879883,1/2/2018,,,,,,
5/14/2018,7411.319824,1/2/2018,,,,,,
5/15/2018,7351.629883,1/2/2018,,,,,,
5/16/2018,7398.299805,1/2/2018,,,,,,
5/17/2018,7382.470215,1/2/2018,,,,,,
5/18/2018,7354.339844,1/2/2018,,,,,,
5/21/2018,7394.040039,1/2/2018,,,,,,
5/22/2018,7378.459961,1/2/2018,,,,,,
5/23/2018,7425.959961,1/2/2018,,,,,,
5/24/2018,7424.430176,1/2/2018,,,,,,
5/25/2018,7433.850098,1/2/2018,,,,,,
5/29/2018,7396.589844,1/2/2018,,,,,,
5/30/2018,7462.450195,1/2/2018,,,,,,
5/31/2018,7442.120117,1/2/2018,,,,,,
6/1/2018,7554.330078,1/2/2018,,,,,,
6/4/2018,7606.459961,1/2/2018,,,,,,
6/5/2018,7637.859863,1/2/2018,,,,,,
6/6/2018,7689.240234,1/2/2018,,,,,,
6/7/2018,7635.069824,1/2/2018,,,,,,
6/8/2018,7645.509766,1/2/2018,,,,,,
6/11/2018,7659.930176,1/2/2018,,,,,,
6/12/2018,7703.790039,1/2/2018,,,,,,
6/13/2018,7695.700195,1/2/2018,,,,,,
6/14/2018,7761.040039,1/2/2018,,,,,,
6/15/2018,7746.379883,1/2/2018,,,,,,
6/18/2018,7747.029785,1/2/2018,,,,,,
6/19/2018,7725.589844,1/2/2018,,,,,,
6/20/2018,7781.509766,1/2/2018,,,,,,
6/21/2018,7712.950195,1/2/2018,,,,,,
6/22/2018,7692.819824,1/2/2018,,,,,,
6/25/2018,7532.009766,1/2/2018,,,,,,
6/26/2018,7561.629883,1/2/2018,,,,,,
6/27/2018,7445.080078,1/2/2018,,,,,,
6/28/2018,7503.680176,1/2/2018,,,,,,
6/29/2018,7510.299805,1/2/2018,,,,,,
7/2/2018,7567.689941,1/2/2018,,,,,,
7/3/2018,7502.669922,1/2/2018,,,,,,
7/5/2018,7586.430176,1/2/2018,,,,,,
7/6/2018,7688.390137,1/2/2018,,,,,,
7/9/2018,7756.200195,1/2/2018,,,,,,
7/10/2018,7759.200195,1/2/2018,,,,,,
7/11/2018,7716.609863,1/2/2018,,,,,,
7/12/2018,7823.919922,1/2/2018,,,,,,
7/13/2018,7825.97998,1/2/2018,,,,,,
7/16/2018,7805.720215,1/2/2018,,,,,,
7/17/2018,7855.120117,1/2/2018,,,,,,
7/18/2018,7854.439941,1/2/2018,,,,,,
7/19/2018,7825.299805,1/2/2018,,,,,,
7/20/2018,7820.200195,1/2/2018,,,,,,
7/23/2018,7841.870117,1/2/2018,,,,,,
7/24/2018,7840.77002,1/2/2018,,,,,,
7/25/2018,7932.240234,1/2/2018,,,,,,
7/26/2018,7852.180176,1/2/2018,,,,,,
7/27/2018,7737.419922,1/2/2018,,,,,,
7/30/2018,7630,1/2/2018,,,,,,
7/31/2018,7671.790039,1/2/2018,,,,,,
8/1/2018,7707.290039,1/2/2018,,,,,,
8/2/2018,7802.689941,1/2/2018,,,,,,
8/3/2018,7812.009766,1/2/2018,,,,,,
8/6/2018,7859.680176,1/2/2018,,,,,,
8/7/2018,7883.660156,1/2/2018,,,,,,
8/8/2018,7888.330078,1/2/2018,,,,,,
8/9/2018,7891.779785,1/2/2018,,,,,,
8/10/2018,7839.109863,1/2/2018,,,,,,
8/13/2018,7819.709961,1/2/2018,,,,,,
8/14/2018,7870.890137,1/2/2018,,,,,,
8/15/2018,7774.120117,1/2/2018,,,,,,
8/16/2018,7806.52002,1/2/2018,,,,,,
8/17/2018,7816.330078,1/2/2018,,,,,,
8/20/2018,7821.009766,1/2/2018,,,,,,
8/21/2018,7859.169922,1/2/2018,,,,,,
8/22/2018,7889.100098,1/2/2018,,,,,,
8/23/2018,7878.459961,1/2/2018,,,,,,
8/24/2018,7945.97998,1/2/2018,,,,,,
8/27/2018,8017.899902,1/2/2018,,,,,,
8/28/2018,8030.040039,1/2/2018,,,,,,
8/29/2018,8109.689941,1/2/2018,,,,,,
8/30/2018,8088.359863,1/2/2018,,,,,,
8/31/2018,8109.540039,1/2/2018,,,,,,
9/4/2018,8091.25,1/2/2018,,,,,,
9/5/2018,7995.169922,1/2/2018,,,,,,
9/6/2018,7922.72998,1/2/2018,,,,,,
9/7/2018,7902.540039,1/2/2018,,,,,,
9/10/2018,7924.160156,1/2/2018,,,,,,
9/11/2018,7972.470215,1/2/2018,,,,,,
9/12/2018,7954.22998,1/2/2018,,,,,,
9/13/2018,8013.709961,1/2/2018,,,,,,
9/14/2018,8010.040039,1/2/2018,,,,,,
9/17/2018,7895.790039,1/2/2018,,,,,,
9/18/2018,7956.109863,1/2/2018,,,,,,
9/19/2018,7950.040039,1/2/2018,,,,,,
9/20/2018,8028.22998,1/2/2018,,,,,,
9/21/2018,7986.959961,1/2/2018,,,,,,
9/24/2018,7993.25,1/2/2018,,,,,,
9/25/2018,8007.470215,1/2/2018,,,,,,
9/26/2018,7990.370117,1/2/2018,,,,,,
9/27/2018,8041.970215,1/2/2018,,,,,,
9/28/2018,8046.350098,1/2/2018,,,,,,
10/1/2018,8037.299805,1/2/2018,,,,,,
10/2/2018,7999.549805,1/2/2018,,,,,,
10/3/2018,8025.089844,1/2/2018,,,,,,
10/4/2018,7879.509766,1/2/2018,,,,,,
10/5/2018,7788.450195,1/2/2018,,,,,,
10/8/2018,7735.950195,1/2/2018,,,,,,
10/9/2018,7738.02002,1/2/2018,,,,,,
10/10/2018,7422.049805,1/2/2018,,,,,,
10/11/2018,7329.060059,1/2/2018,,,,,,
10/12/2018,7496.890137,1/2/2018,,,,,,
10/15/2018,7430.740234,1/2/2018,,,,,,
10/16/2018,7645.490234,1/2/2018,,,,,,
10/17/2018,7642.700195,1/2/2018,,,,,,
10/18/2018,7485.140137,1/2/2018,,,,,,
10/19/2018,7449.029785,1/2/2018,,,,,,
10/22/2018,7468.629883,1/2/2018,,,,,,
10/23/2018,7437.540039,1/2/2018,,,,,,
10/24/2018,7108.399902,1/2/2018,,,,,,
10/25/2018,7318.339844,1/2/2018,,,,,,
10/26/2018,7167.209961,1/2/2018,,,,,,
10/29/2018,7050.290039,1/2/2018,,,,,,
10/30/2018,7161.649902,1/2/2018,,,,,,
10/31/2018,7305.899902,1/2/2018,,,,,,
11/1/2018,7434.060059,1/2/2018,,,,,,
11/2/2018,7356.990234,1/2/2018,,,,,,
11/5/2018,7328.850098,1/2/2018,,,,,,
11/6/2018,7375.959961,1/2/2018,,,,,,
11/7/2018,7570.75,1/2/2018,,,,,,
11/8/2018,7530.879883,1/2/2018,,,,,,
11/9/2018,7406.899902,1/2/2018,,,,,,
11/12/2018,7200.870117,1/2/2018,,,,,,
11/13/2018,7200.870117,1/2/2018,,,,,,
11/14/2018,7136.390137,1/2/2018,,,,,,
11/15/2018,7259.029785,1/2/2018,,,,,,
11/16/2018,7247.870117,1/2/2018,,,,,,
11/19/2018,7028.47998,1/2/2018,,,,,,
11/20/2018,6908.819824,1/2/2018,,,,,,
11/21/2018,6972.25,1/2/2018,,,,,,
11/23/2018,6938.97998,1/2/2018,,,,,,
11/26/2018,7081.850098,1/2/2018,,,,,,
11/27/2018,7082.700195,1/2/2018,,,,,,
11/28/2018,7291.589844,1/2/2018,,,,,,
11/29/2018,7273.080078,1/2/2018,,,,,,
11/30/2018,7330.540039,1/2/2018,,,,,,
12/3/2018,7441.509766,1/2/2018,,,,,,
12/4/2018,7158.430176,1/2/2018,,,,,,
12/6/2018,7188.259766,1/2/2018,,,,,,
12/7/2018,6969.25,1/2/2018,,,,,,
12/10/2018,7020.52002,1/2/2018,,,,,,
12/11/2018,7031.830078,1/2/2018,,,,,,
12/12/2018,7098.310059,1/2/2018,,,,,,
12/13/2018,7070.330078,1/2/2018,,,,,,
12/14/2018,6910.660156,1/2/2018,,,,,,
12/17/2018,6753.72998,1/2/2018,,,,,,
12/18/2018,6783.910156,1/2/2018,,,,,,
12/19/2018,6636.830078,1/2/2018,,,,,,
12/20/2018,6528.410156,1/2/2018,,,,,,
12/21/2018,6332.990234,1/2/2018,,,,,,
12/24/2018,6192.919922,1/2/2018,,,,,,
12/26/2018,6554.359863,1/2/2018,,,,,,
12/27/2018,6579.490234,1/2/2018,,,,,,
12/28/2018,6584.52002,1/2/2018,,,,,,
12/31/2018,6635.279785,1/2/2018,,,,,,
1/2/2019,6665.939941,1/2/2019,,,,,,
1/3/2019,6463.5,1/2/2019,,,,,,
1/4/2019,6738.859863,1/2/2019,,,,,,
1/7/2019,6823.470215,1/2/2019,,,,,,
1/8/2019,6897,1/2/2019,,,,,,
1/9/2019,6957.080078,1/2/2019,,,,,,
1/10/2019,6986.069824,1/2/2019,,,,,,
1/11/2019,6971.47998,1/2/2019,,,,,,
1/14/2019,6905.919922,1/2/2019,,,,,,
1/15/2019,7023.830078,1/2/2019,,,,,,
1/16/2019,7034.689941,1/2/2019,,,,,,
1/17/2019,7084.459961,1/2/2019,,,,,,
1/18/2019,7157.22998,1/2/2019,,,,,,
1/22/2019,7020.359863,1/2/2019,,,,,,
1/23/2019,7025.77002,1/2/2019,,,,,,
1/24/2019,7073.459961,1/2/2019,,,,,,
1/25/2019,7164.859863,1/2/2019,,,,,,
1/28/2019,7085.680176,1/2/2019,,,,,,
1/29/2019,7028.290039,1/2/2019,,,,,,
1/30/2019,7183.080078,1/2/2019,,,,,,
1/31/2019,7281.740234,1/2/2019,,,,,,
2/1/2019,7263.870117,1/2/2019,,,,,,
2/4/2019,7347.540039,1/2/2019,,,,,,
2/5/2019,7402.080078,1/2/2019,,,,,,
2/6/2019,7375.279785,1/2/2019,,,,,,
2/7/2019,7288.350098,1/2/2019,,,,,,
2/8/2019,7298.200195,1/2/2019,,,,,,
2/11/2019,7307.899902,1/2/2019,,,,,,
2/12/2019,7414.620117,1/2/2019,,,,,,
2/13/2019,7420.379883,1/2/2019,,,,,,
2/14/2019,7426.950195,1/2/2019,,,,,,
2/15/2019,7472.410156,1/2/2019,,,,,,
2/19/2019,7486.77002,1/2/2019,,,,,,
2/20/2019,7489.069824,1/2/2019,,,,,,
2/21/2019,7459.709961,1/2/2019,,,,,,
2/22/2019,7527.540039,1/2/2019,,,,,,
2/25/2019,7554.459961,1/2/2019,,,,,,
2/26/2019,7549.299805,1/2/2019,,,,,,
2/27/2019,7554.509766,1/2/2019,,,,,,
2/28/2019,7532.529785,1/2/2019,,,,,,
3/1/2019,7595.350098,1/2/2019,,,,,,
3/4/2019,7577.569824,1/2/2019,,,,,,
3/5/2019,7576.359863,1/2/2019,,,,,,
3/6/2019,7505.919922,1/2/2019,,,,,,
3/7/2019,7421.459961,1/2/2019,,,,,,
3/8/2019,7408.140137,1/2/2019,,,,,,
3/11/2019,7558.060059,1/2/2019,,,,,,
3/12/2019,7591.029785,1/2/2019,,,,,,
3/13/2019,7643.410156,1/2/2019,,,,,,
3/14/2019,7630.910156,1/2/2019,,,,,,
3/15/2019,7688.529785,1/2/2019,,,,,,
3/18/2019,7714.47998,1/2/2019,,,,,,
3/19/2019,7723.950195,1/2/2019,,,,,,
3/20/2019,7728.970215,1/2/2019,,,,,,
3/21/2019,7838.959961,1/2/2019,,,,,,
3/22/2019,7642.669922,1/2/2019,,,,,,
3/25/2019,7637.540039,1/2/2019,,,,,,
3/26/2019,7691.52002,1/2/2019,,,,,,
3/27/2019,7643.379883,1/2/2019,,,,,,
3/28/2019,7669.169922,1/2/2019,,,,,,
3/29/2019,7729.319824,1/2/2019,,,,,,
4/1/2019,7828.910156,1/2/2019,,,,,,
4/2/2019,7848.689941,1/2/2019,,,,,,
4/3/2019,7895.549805,1/2/2019,,,,,,
4/4/2019,7891.779785,1/2/2019,,,,,,
4/5/2019,7938.689941,1/2/2019,,,,,,
4/8/2019,7953.879883,1/2/2019,,,,,,
4/9/2019,7909.279785,1/2/2019,,,,,,
4/10/2019,7964.240234,1/2/2019,,,,,,
4/11/2019,7947.359863,1/2/2019,,,,,,
4/12/2019,7984.160156,1/2/2019,,,,,,
4/15/2019,7976.009766,1/2/2019,,,,,,
4/16/2019,8000.22998,1/2/2019,,,,,,
4/17/2019,7996.080078,1/2/2019,,,,,,
4/18/2019,7998.060059,1/2/2019,,,,,,
4/22/2019,8015.27002,1/2/2019,,,,,,
4/23/2019,8120.819824,1/2/2019,,,,,,
4/24/2019,8102.009766,1/2/2019,,,,,,
4/25/2019,8118.680176,1/2/2019,,,,,,
4/26/2019,8146.399902,1/2/2019,,,,,,
4/29/2019,8161.850098,1/2/2019,,,,,,
4/30/2019,8095.390137,1/2/2019,,,,,,
5/1/2019,8049.640137,1/2/2019,,,,,,
5/2/2019,8036.77002,1/2/2019,,,,,,
5/3/2019,8164,1/2/2019,,,,,,
5/6/2019,8123.290039,1/2/2019,,,,,,
5/7/2019,7963.759766,1/2/2019,,,,,,
5/8/2019,7943.319824,1/2/2019,,,,,,
5/9/2019,7910.589844,1/2/2019,,,,,,
5/10/2019,7916.939941,1/2/2019,,,,,,
5/13/2019,7647.02002,1/2/2019,,,,,,
5/14/2019,7734.490234,1/2/2019,,,,,,
5/15/2019,7822.149902,1/2/2019,,,,,,
5/16/2019,7898.049805,1/2/2019,,,,,,
5/17/2019,7816.279785,1/2/2019,,,,,,
5/20/2019,7702.379883,1/2/2019,,,,,,
5/21/2019,7785.720215,1/2/2019,,,,,,
5/22/2019,7750.839844,1/2/2019,,,,,,
5/23/2019,7628.279785,1/2/2019,,,,,,
5/24/2019,7637.009766,1/2/2019,,,,,,
5/28/2019,7607.350098,1/2/2019,,,,,,
5/29/2019,7547.310059,1/2/2019,,,,,,
5/30/2019,7567.720215,1/2/2019,,,,,,
5/31/2019,7453.149902,1/2/2019,,,,,,
6/3/2019,7333.02002,1/2/2019,,,,,,
6/4/2019,7527.120117,1/2/2019,,,,,,
6/5/2019,7575.47998,1/2/2019,,,,,,
6/6/2019,7615.549805,1/2/2019,,,,,,
6/7/2019,7742.100098,1/2/2019,,,,,,
6/10/2019,7823.169922,1/2/2019,,,,,,
6/11/2019,7822.569824,1/2/2019,,,,,,
6/12/2019,7792.720215,1/2/2019,,,,,,
6/13/2019,7837.129883,1/2/2019,,,,,,
6/14/2019,7796.660156,1/2/2019,,,,,,
6/17/2019,7845.02002,1/2/2019,,,,,,
6/18/2019,7953.879883,1/2/2019,,,,,,
6/19/2019,7987.319824,1/2/2019,,,,,,
6/20/2019,8051.339844,1/2/2019,,,,,,
6/21/2019,8031.709961,1/2/2019,,,,,,
6/24/2019,8005.700195,1/2/2019,,,,,,
6/25/2019,7884.720215,1/2/2019,,,,,,
6/26/2019,7909.970215,1/2/2019,,,,,,
6/27/2019,7967.759766,1/2/2019,,,,,,
6/28/2019,8006.240234,1/2/2019,,,,,,
7/1/2019,8091.160156,1/2/2019,,,,,,
7/2/2019,8109.089844,1/2/2019,,,,,,
7/3/2019,8170.22998,1/2/2019,,,,,,
7/5/2019,8161.790039,1/2/2019,,,,,,
7/8/2019,8098.379883,1/2/2019,,,,,,
7/9/2019,8141.72998,1/2/2019,,,,,,
7/10/2019,8202.530273,1/2/2019,,,,,,
7/11/2019,8196.040039,1/2/2019,,,,,,
7/12/2019,8244.139648,1/2/2019,,,,,,
7/15/2019,8258.19043,1/2/2019,,,,,,
7/16/2019,8222.799805,1/2/2019,,,,,,
7/17/2019,8185.209961,1/2/2019,,,,,,
7/18/2019,8207.240234,1/2/2019,,,,,,
7/19/2019,8146.490234,1/2/2019,,,,,,
7/22/2019,8204.139648,1/2/2019,,,,,,
7/23/2019,8251.400391,1/2/2019,,,,,,
7/24/2019,8321.5,1/2/2019,,,,,,
7/25/2019,8238.540039,1/2/2019,,,,,,
7/26/2019,8330.209961,1/2/2019,,,,,,
7/29/2019,8293.330078,1/2/2019,,,,,,
7/30/2019,8273.610352,1/2/2019,,,,,,
7/31/2019,8175.419922,1/2/2019,,,,,,
8/1/2019,8111.120117,1/2/2019,,,,,,
8/2/2019,8004.069824,1/2/2019,,,,,,
8/5/2019,7726.040039,1/2/2019,,,,,,
8/6/2019,7833.27002,1/2/2019,,,,,,
8/7/2019,7862.830078,1/2/2019,,,,,,
8/8/2019,8039.160156,1/2/2019,,,,,,
8/9/2019,7959.140137,1/2/2019,,,,,,
8/12/2019,7863.410156,1/2/2019,,,,,,
8/13/2019,8016.359863,1/2/2019,,,,,,
8/14/2019,7773.939941,1/2/2019,,,,,,
8/15/2019,7766.620117,1/2/2019,,,,,,
8/16/2019,7895.990234,1/2/2019,,,,,,
8/19/2019,8002.810059,1/2/2019,,,,,,
8/20/2019,7948.560059,1/2/2019,,,,,,
8/21/2019,8020.209961,1/2/2019,,,,,,
8/22/2019,7991.390137,1/2/2019,,,,,,
8/23/2019,7751.77002,1/2/2019,,,,,,
8/26/2019,7853.740234,1/2/2019,,,,,,
8/27/2019,7826.950195,1/2/2019,,,,,,
8/28/2019,7856.879883,1/2/2019,,,,,,
8/29/2019,7973.390137,1/2/2019,,,,,,
8/30/2019,7962.879883,1/2/2019,,,,,,
9/3/2019,7874.160156,1/2/2019,,,,,,
9/4/2019,7976.879883,1/2/2019,,,,,,
9/5/2019,8116.830078,1/2/2019,,,,,,
9/6/2019,8103.069824,1/2/2019,,,,,,
9/9/2019,8087.439941,1/2/2019,,,,,,
9/10/2019,8084.160156,1/2/2019,,,,,,
9/11/2019,8169.680176,1/2/2019,,,,,,
9/12/2019,8194.469727,1/2/2019,,,,,,
9/13/2019,8176.709961,1/2/2019,,,,,,
9/16/2019,8153.540039,1/2/2019,,,,,,
9/17/2019,8186.02002,1/2/2019,,,,,,
9/18/2019,8177.390137,1/2/2019,,,,,,
9/19/2019,8182.879883,1/2/2019,,,,,,
9/20/2019,8117.669922,1/2/2019,,,,,,
9/23/2019,8112.459961,1/2/2019,,,,,,
9/24/2019,7993.629883,1/2/2019,,,,,,
9/25/2019,8077.379883,1/2/2019,,,,,,
9/26/2019,8030.660156,1/2/2019,,,,,,
9/27/2019,7939.629883,1/2/2019,,,,,,
9/30/2019,7999.339844,1/2/2019,,,,,,
10/1/2019,7908.680176,1/2/2019,,,,,,
10/2/2019,7785.25,1/2/2019,,,,,,
10/3/2019,7872.259766,1/2/2019,,,,,,
10/4/2019,7982.470215,1/2/2019,,,,,,
10/7/2019,7956.290039,1/2/2019,,,,,,
10/8/2019,7823.779785,1/2/2019,,,,,,
10/9/2019,7903.740234,1/2/2019,,,,,,
10/10/2019,7950.779785,1/2/2019,,,,,,
10/11/2019,8057.040039,1/2/2019,,,,,,
10/14/2019,8048.649902,1/2/2019,,,,,,
10/15/2019,8148.709961,1/2/2019,,,,,,
10/16/2019,8124.180176,1/2/2019,,,,,,
10/17/2019,8156.850098,1/2/2019,,,,,,
10/18/2019,8089.540039,1/2/2019,,,,,,
10/21/2019,8162.990234,1/2/2019,,,,,,
10/22/2019,8104.299805,1/2/2019,,,,,,
10/23/2019,8119.790039,1/2/2019,,,,,,
10/24/2019,8185.799805,1/2/2019,,,,,,
10/25/2019,8243.120117,1/2/2019,,,,,,
10/28/2019,8325.990234,1/2/2019,,,,,,
10/29/2019,8276.849609,1/2/2019,,,,,,
10/30/2019,8303.980469,1/2/2019,,,,,,
10/31/2019,8292.360352,1/2/2019,,,,,,
11/1/2019,8386.400391,1/2/2019,,,,,,
11/4/2019,8433.200195,1/2/2019,,,,,,
11/5/2019,8434.679688,1/2/2019,,,,,,
11/6/2019,8410.629883,1/2/2019,,,,,,
11/7/2019,8434.519531,1/2/2019,,,,,,
11/8/2019,8475.30957,1/2/2019,,,,,,
11/11/2019,8464.280273,1/2/2019,,,,,,
11/12/2019,8486.089844,1/2/2019,,,,,,
11/13/2019,8482.099609,1/2/2019,,,,,,
11/14/2019,8479.019531,1/2/2019,,,,,,
11/15/2019,8540.830078,1/2/2019,,,,,,
11/18/2019,8549.94043,1/2/2019,,,,,,
11/19/2019,8570.660156,1/2/2019,,,,,,
11/20/2019,8526.730469,1/2/2019,,,,,,
11/21/2019,8506.209961,1/2/2019,,,,,,
11/22/2019,8519.879883,1/2/2019,,,,,,
11/25/2019,8632.490234,1/2/2019,,,,,,
11/26/2019,8647.929688,1/2/2019,,,,,,
11/27/2019,8705.179688,1/2/2019,,,,,,
11/29/2019,8665.469727,1/2/2019,,,,,,
12/2/2019,8567.990234,1/2/2019,,,,,,
12/3/2019,8520.639648,1/2/2019,,,,,,
12/4/2019,8566.669922,1/2/2019,,,,,,
12/5/2019,8570.700195,1/2/2019,,,,,,
12/6/2019,8656.530273,1/2/2019,,,,,,
12/9/2019,8621.830078,1/2/2019,,,,,,
12/10/2019,8616.179688,1/2/2019,,,,,,
12/11/2019,8654.049805,1/2/2019,,,,,,
12/12/2019,8717.320313,1/2/2019,,,,,,
12/13/2019,8734.879883,1/2/2019,,,,,,
12/16/2019,8814.230469,1/2/2019,,,,,,
12/17/2019,8823.360352,1/2/2019,,,,,,
12/18/2019,8827.740234,1/2/2019,,,,,,
12/19/2019,8887.219727,1/2/2019,,,,,,
12/20/2019,8924.959961,1/2/2019,,,,,,
12/23/2019,8945.650391,1/2/2019,,,,,,
12/24/2019,8952.879883,1/2/2019,,,,,,
12/26/2019,9022.389648,1/2/2019,,,,,,
12/27/2019,9006.620117,1/2/2019,,,,,,
12/30/2019,8945.990234,1/2/2019,,,,,,
12/31/2019,8972.599609,1/2/2019,,,,,,
1/2/2020,9092.19043,1/2/2020,,,,,,
1/3/2020,9020.769531,1/2/2020,,,,,,
1/6/2020,9071.469727,1/2/2020,,,,,,
1/7/2020,9068.580078,1/2/2020,,,,,,
1/8/2020,9129.240234,1/2/2020,,,,,,
1/9/2020,9203.429688,1/2/2020,,,,,,
1/10/2020,9178.860352,1/2/2020,,,,,,
1/13/2020,9273.929688,1/2/2020,,,,,,
1/14/2020,9251.330078,1/2/2020,,,,,,
1/15/2020,9258.700195,1/2/2020,,,,,,
1/16/2020,9357.129883,1/2/2020,,,,,,
1/17/2020,9388.94043,1/2/2020,,,,,,
1/21/2020,9370.80957,1/2/2020,,,,,,
1/22/2020,9383.769531,1/2/2020,,,,,,
1/23/2020,9402.480469,1/2/2020,,,,,,
1/24/2020,9314.910156,1/2/2020,,,,,,
1/27/2020,9139.30957,1/2/2020,,,,,,
1/28/2020,9269.679688,1/2/2020,,,,,,
1/29/2020,9275.160156,1/2/2020,,,,,,
1/30/2020,9298.929688,1/2/2020,,,,,,
1/31/2020,9150.94043,1/2/2020,,,,,,
2/3/2020,9273.400391,1/2/2020,,,,,,
2/4/2020,9467.969727,1/2/2020,,,,,,
2/5/2020,9508.679688,1/2/2020,,,,,,
2/6/2020,9572.150391,1/2/2020,,,,,,
2/7/2020,9520.509766,1/2/2020,,,,,,
2/10/2020,9628.389648,1/2/2020,,,,,,
2/11/2020,9638.94043,1/2/2020,,,,,,
2/12/2020,9725.959961,1/2/2020,,,,,,
2/13/2020,9711.969727,1/2/2020,,,,,,
2/14/2020,9731.179688,1/2/2020,,,,,,
2/18/2020,9732.740234,1/2/2020,,,,,,
2/19/2020,9817.179688,1/2/2020,,,,,,
2/20/2020,9750.969727,1/2/2020,,,,,,
2/21/2020,9576.589844,1/2/2020,,,,,,
2/24/2020,9221.280273,1/2/2020,,,,,,
2/25/2020,8965.610352,1/2/2020,,,,,,
2/26/2020,8980.780273,1/2/2020,,,,,,
2/27/2020,8566.480469,1/2/2020,,,,,,
2/28/2020,8567.370117,1/2/2020,,,,,,
3/2/2020,8952.169922,1/2/2020,,,,,,
3/3/2020,8684.089844,1/2/2020,,,,,,
3/4/2020,9018.089844,1/2/2020,,,,,,
3/5/2020,8738.589844,1/2/2020,,,,,,
3/6/2020,8575.620117,1/2/2020,,,,,,
3/9/2020,7950.680176,1/2/2020,,,,,,
3/10/2020,8344.25,1/2/2020,,,,,,
3/11/2020,7952.049805,1/2/2020,,,,,,
3/12/2020,7201.799805,1/2/2020,,,,,,
3/13/2020,7874.879883,1/2/2020,,,,,,
3/16/2020,6904.589844,1/2/2020,,,,,,
3/17/2020,7334.779785,1/2/2020,,,,,,
3/18/2020,6989.839844,1/2/2020,,,,,,
3/19/2020,7150.580078,1/2/2020,,,,,,
3/20/2020,6879.52002,1/2/2020,,,,,,
3/23/2020,6860.669922,1/2/2020,,,,,,
3/24/2020,7417.859863,1/2/2020,,,,,,
3/25/2020,7384.299805,1/2/2020,,,,,,
3/26/2020,7797.540039,1/2/2020,,,,,,
3/27/2020,7502.379883,1/2/2020,,,,,,
3/30/2020,7774.149902,1/2/2020,,,,,,
3/31/2020,7700.100098,1/2/2020,,,,,,
4/1/2020,7360.580078,1/2/2020,,,,,,
4/2/2020,7487.310059,1/2/2020,,,,,,
4/3/2020,7373.080078,1/2/2020,,,,,,
4/6/2020,7913.240234,1/2/2020,,,,,,
4/7/2020,7887.259766,1/2/2020,,,,,,
4/8/2020,8090.899902,1/2/2020,,,,,,
4/9/2020,8153.580078,1/2/2020,,,,,,
4/13/2020,8192.419922,1/2/2020,,,,,,
4/14/2020,8515.740234,1/2/2020,,,,,,
4/15/2020,8393.179688,1/2/2020,,,,,,
4/16/2020,8532.360352,1/2/2020,,,,,,
4/17/2020,8650.139648,1/2/2020,,,,,,
4/20/2020,8560.730469,1/2/2020,,,,,,
4/21/2020,8263.230469,1/2/2020,,,,,,
4/22/2020,8495.379883,1/2/2020,,,,,,
4/23/2020,8494.75,1/2/2020,,,,,,
4/24/2020,8634.519531,1/2/2020,,,,,,
4/27/2020,8730.160156,1/2/2020,,,,,,
4/28/2020,8607.730469,1/2/2020,,,,,,
4/29/2020,8914.709961,1/2/2020,,,,,,
4/30/2020,8889.549805,1/2/2020,,,,,,
5/1/2020,8604.950195,1/2/2020,,,,,,
5/4/2020,8710.709961,1/2/2020,,,,,,
5/5/2020,8809.120117,1/2/2020,,,,,,
5/6/2020,8854.389648,1/2/2020,,,,,,
5/7/2020,8979.660156,1/2/2020,,,,,,
5/8/2020,9121.320313,1/2/2020,,,,,,
5/11/2020,9192.339844,1/2/2020,,,,,,
5/12/2020,9002.549805,1/2/2020,,,,,,
5/13/2020,8863.169922,1/2/2020,,,,,,
5/14/2020,8943.719727,1/2/2020,,,,,,
5/15/2020,9014.55957,1/2/2020,,,,,,
5/18/2020,9234.830078,1/2/2020,,,,,,
5/19/2020,9185.099609,1/2/2020,,,,,,
5/20/2020,9375.780273,1/2/2020,,,,,,
5/21/2020,9284.879883,1/2/2020,,,,,,
5/22/2020,9324.589844,1/2/2020,,,,,,
5/26/2020,9340.219727,1/2/2020,,,,,,
5/27/2020,9412.360352,1/2/2020,,,,,,
5/28/2020,9368.990234,1/2/2020,,,,,,
5/29/2020,9489.870117,1/2/2020,,,,,,
6/1/2020,9552.049805,1/2/2020,,,,,,
6/2/2020,9608.379883,1/2/2020,,,,,,
6/3/2020,9682.910156,1/2/2020,,,,,,
6/4/2020,9615.80957,1/2/2020,,,,,,
6/5/2020,9814.080078,1/2/2020,,,,,,
6/8/2020,9924.75,1/2/2020,,,,,,
6/9/2020,9953.75,1/2/2020,,,,,,
6/10/2020,10020.34961,1/2/2020,,,,,,
6/11/2020,9492.730469,1/2/2020,,,,,,
6/12/2020,9588.80957,1/2/2020,,,,,,
6/15/2020,9726.019531,1/2/2020,,,,,,
6/16/2020,9895.870117,1/2/2020,,,,,,
6/17/2020,9910.530273,1/2/2020,,,,,,
6/18/2020,9943.049805,1/2/2020,,,,,,
6/19/2020,9946.120117,1/2/2020,,,,,,
6/22/2020,10056.48047,1/2/2020,,,,,,
6/23/2020,10131.37012,1/2/2020,,,,,,
6/24/2020,9909.169922,1/2/2020,,,,,,
6/25/2020,10017,1/2/2020,,,,,,
6/26/2020,9757.219727,1/2/2020,,,,,,
6/29/2020,9874.150391,1/2/2020,,,,,,
6/30/2020,10058.76953,1/2/2020,,,,,,
7/1/2020,10154.62988,1/2/2020,,,,,,
7/2/2020,10207.62988,1/2/2020,,,,,,
7/6/2020,10433.65039,1/2/2020,,,,,,
7/7/2020,10343.88965,1/2/2020,,,,,,
7/8/2020,10492.5,1/2/2020,,,,,,
7/9/2020,10547.75,1/2/2020,,,,,,
7/10/2020,10617.44043,1/2/2020,,,,,,
7/13/2020,10390.83984,1/2/2020,,,,,,
7/14/2020,10488.58008,1/2/2020,,,,,,
7/15/2020,10550.49023,1/2/2020,,,,,,
7/16/2020,10473.83008,1/2/2020,,,,,,
7/17/2020,10503.19043,1/2/2020,,,,,,
7/20/2020,10767.08984,1/2/2020,,,,,,
7/21/2020,10680.36035,1/2/2020,,,,,,
7/22/2020,10706.12988,1/2/2020,,,,,,
7/23/2020,10461.41992,1/2/2020,,,,,,
7/24/2020,10363.17969,1/2/2020,,,,,,
7/27/2020,10536.26953,1/2/2020,,,,,,
7/28/2020,10402.08984,1/2/2020,,,,,,
7/29/2020,10542.94043,1/2/2020,,,,,,
7/30/2020,10587.80957,1/2/2020,,,,,,
7/31/2020,10745.26953,1/2/2020,,,,,,
8/3/2020,10902.79981,1/2/2020,,,,,,
8/4/2020,10941.16992,1/2/2020,,,,,,
8/5/2020,10998.40039,1/2/2020,,,,,,
8/6/2020,11108.07031,1/2/2020,,,,,,
8/7/2020,11010.98047,1/2/2020,,,,,,
8/10/2020,10968.36035,1/2/2020,,,,,,
8/11/2020,10782.82031,1/2/2020,,,,,,
8/12/2020,11012.24023,1/2/2020,,,,,,
8/13/2020,11042.5,1/2/2020,,,,,,
8/14/2020,11019.29981,1/2/2020,,,,,,
8/17/2020,11129.73047,1/2/2020,,,,,,
8/18/2020,11210.83984,1/2/2020,,,,,,
8/19/2020,11146.45996,1/2/2020,,,,,,
8/20/2020,11264.9502,1/2/2020,,,,,,
8/21/2020,11311.79981,1/2/2020,,,,,,
8/24/2020,11379.71973,1/2/2020,,,,,,
8/25/2020,11466.46973,1/2/2020,,,,,,
8/26/2020,11665.05957,1/2/2020,,,,,,
8/27/2020,11625.33984,1/2/2020,,,,,,
8/28/2020,11695.62988,1/2/2020,,,,,,
8/31/2020,11775.45996,1/2/2020,,,,,,
9/1/2020,11939.66992,1/2/2020,,,,,,
9/2/2020,12056.44043,1/2/2020,,,,,,
9/3/2020,11458.09961,1/2/2020,,,,,,
9/4/2020,11313.12988,1/2/2020,,,,,,
9/8/2020,10847.69043,1/2/2020,,,,,,
9/9/2020,11141.55957,1/2/2020,,,,,,
9/10/2020,10919.58984,1/2/2020,,,,,,
9/11/2020,10853.54981,1/2/2020,,,,,,
9/14/2020,11056.65039,1/2/2020,,,,,,
9/15/2020,11190.32031,1/2/2020,,,,,,
9/16/2020,11050.46973,1/2/2020,,,,,,
9/17/2020,10910.28027,1/2/2020,,,,,,
9/18/2020,10793.28027,1/2/2020,,,,,,
9/21/2020,10778.79981,1/2/2020,,,,,,
9/22/2020,10963.63965,1/2/2020,,,,,,
9/23/2020,10632.99023,1/2/2020,,,,,,
9/24/2020,10672.26953,1/2/2020,,,,,,
9/25/2020,10913.55957,1/2/2020,,,,,,
9/28/2020,11117.53027,1/2/2020,,,,,,
9/29/2020,11085.25,1/2/2020,,,,,,
9/30/2020,11167.50977,1/2/2020,,,,,,
10/1/2020,11326.50977,1/2/2020,,,,,,
10/2/2020,11075.01953,1/2/2020,,,,,,
10/5/2020,11332.49023,1/2/2020,,,,,,
10/6/2020,11154.59961,1/2/2020,,,,,,
10/7/2020,11364.59961,1/2/2020,,,,,,
10/8/2020,11420.98047,1/2/2020,,,,,,
10/9/2020,11579.94043,1/2/2020,,,,,,
10/12/2020,11876.25977,1/2/2020,,,,,,
10/13/2020,11863.90039,1/2/2020,,,,,,
10/14/2020,11768.73047,1/2/2020,,,,,,
10/15/2020,11713.87012,1/2/2020,,,,,,
10/16/2020,11671.55957,1/2/2020,,,,,,
10/19/2020,11478.87988,1/2/2020,,,,,,
10/20/2020,11516.49023,1/2/2020,,,,,,
10/21/2020,11484.69043,1/2/2020,,,,,,
10/22/2020,11506.00977,1/2/2020,,,,,,
10/23/2020,11548.28027,1/2/2020,,,,,,
10/26/2020,11358.94043,1/2/2020,,,,,,
10/27/2020,11431.34961,1/2/2020,,,,,,
10/28/2020,11004.87012,1/2/2020,,,,,,
10/29/2020,11185.58984,1/2/2020,,,,,,
10/30/2020,10911.58984,1/2/2020,,,,,,
11/2/2020,10957.61035,1/2/2020,,,,,,
11/3/2020,11160.57031,1/2/2020,,,,,,
11/4/2020,11590.78027,1/2/2020,,,,,,
11/5/2020,11890.92969,1/2/2020,,,,,,
11/6/2020,11895.23047,1/2/2020,,,,,,
11/9/2020,11713.78027,1/2/2020,,,,,,
11/10/2020,11553.86035,1/2/2020,,,,,,
11/11/2020,11786.42969,1/2/2020,,,,,,
11/12/2020,11709.58984,1/2/2020,,,,,,
11/13/2020,11829.29004,1/2/2020,,,,,,
11/16/2020,11924.12988,1/2/2020,,,,,,
11/17/2020,11899.33984,1/2/2020,,,,,,
11/18/2020,11801.59961,1/2/2020,,,,,,
11/19/2020,11904.70996,1/2/2020,,,,,,
11/20/2020,11854.96973,1/2/2020,,,,,,
11/23/2020,11880.62988,1/2/2020,,,,,,
11/24/2020,12036.79004,1/2/2020,,,,,,
11/25/2020,12094.40039,1/2/2020,,,,,,
11/27/2020,12205.84961,1/2/2020,,,,,,
11/30/2020,12198.74023,1/2/2020,,,,,,
12/1/2020,12355.11035,1/2/2020,,,,,,
12/2/2020,12349.37012,1/2/2020,,,,,,
12/3/2020,12377.17969,1/2/2020,,,,,,
12/4/2020,12464.23047,1/2/2020,,,,,,
12/7/2020,12519.9502,1/2/2020,,,,,,
12/8/2020,12582.76953,1/2/2020,,,,,,
12/9/2020,12338.9502,1/2/2020,,,,,,
12/10/2020,12405.80957,1/2/2020,,,,,,
12/11/2020,12377.87012,1/2/2020,,,,,,
12/14/2020,12440.04004,1/2/2020,,,,,,
12/15/2020,12595.05957,1/2/2020,,,,,,
12/16/2020,12658.19043,1/2/2020,,,,,,
12/17/2020,12764.75,1/2/2020,,,,,,
12/18/2020,12755.63965,1/2/2020,,,,,,
12/21/2020,12742.51953,1/2/2020,,,,,,
12/22/2020,12807.91992,1/2/2020,,,,,,
12/23/2020,12771.11035,1/2/2020,,,,,,
12/24/2020,12804.73047,1/2/2020,,,,,,
12/28/2020,12899.41992,1/2/2020,,,,,,
12/29/2020,12850.21973,1/2/2020,,,,,,
12/30/2020,12870,1/2/2020,,,,,,
12/31/2020,12888.28027,1/2/2020,,,,,,
1/4/2021,12698.4502,1/4/2021,,,,,,
1/5/2021,12818.95996,1/4/2021,,,,,,
1/6/2021,12740.79004,1/4/2021,,,,,,
1/7/2021,13067.48047,1/4/2021,,,,,,
1/8/2021,13201.98047,1/4/2021,,,,,,
1/11/2021,13036.42969,1/4/2021,,,,,,
1/12/2021,13072.42969,1/4/2021,,,,,,
1/13/2021,13128.9502,1/4/2021,,,,,,
1/14/2021,13112.63965,1/4/2021,,,,,,
1/15/2021,12998.5,1/4/2021,,,,,,
1/19/2021,13197.17969,1/4/2021,,,,,,
1/20/2021,13457.25,1/4/2021,,,,,,
1/21/2021,13530.91016,1/4/2021,,,,,,
1/22/2021,13543.05957,1/4/2021,,,,,,
1/25/2021,13635.99023,1/4/2021,,,,,,
1/26/2021,13626.05957,1/4/2021,,,,,,
1/27/2021,13270.59961,1/4/2021,,,,,,
1/28/2021,13337.16016,1/4/2021,,,,,,
1/29/2021,13070.69043,1/4/2021,,,,,,
2/1/2021,13403.38965,1/4/2021,,,,,,
2/2/2021,13612.78027,1/4/2021,,,,,,
2/3/2021,13610.54004,1/4/2021,,,,,,
2/4/2021,13777.74023,1/4/2021,,,,,,
2/5/2021,13856.29981,1/4/2021,,,,,,
2/8/2021,13987.63965,1/4/2021,,,,,,
2/9/2021,14007.7002,1/4/2021,,,,,,
2/10/2021,13972.53027,1/4/2021,,,,,,
2/11/2021,14025.76953,1/4/2021,,,,,,
2/12/2021,14095.46973,1/4/2021,,,,,,
2/16/2021,14047.5,1/4/2021,,,,,,
2/17/2021,13965.49023,1/4/2021,,,,,,
2/18/2021,13865.36035,1/4/2021,,,,,,
2/19/2021,13874.45996,1/4/2021,,,,,,
2/22/2021,13533.04981,1/4/2021,,,,,,
2/23/2021,13465.2002,1/4/2021,,,,,,
2/24/2021,13597.96973,1/4/2021,,,,,,
2/25/2021,13119.42969,1/4/2021,,,,,,
2/26/2021,13192.34961,1/4/2021,,,,,,
3/1/2021,13588.83008,1/4/2021,,,,,,
3/2/2021,13358.79004,1/4/2021,,,,,,
3/3/2021,12997.75,1/4/2021,,,,,,
3/4/2021,12723.46973,1/4/2021,,,,,,
3/5/2021,12920.15039,1/4/2021,,,,,,
3/8/2021,12609.16016,1/4/2021,,,,,,
3/9/2021,13073.82031,1/4/2021,,,,,,
3/10/2021,13068.83008,1/4/2021,,,,,,
3/11/2021,13398.66992,1/4/2021,,,,,,
3/12/2021,13319.86035,1/4/2021,,,,,,
3/15/2021,13459.70996,1/4/2021,,,,,,
3/16/2021,13471.57031,1/4/2021,,,,,,
3/17/2021,13525.2002,1/4/2021,,,,,,
3/18/2021,13116.16992,1/4/2021,,,,,,
3/19/2021,13215.24023,1/4/2021,,,,,,
3/22/2021,13377.54004,1/4/2021,,,,,,
3/23/2021,13227.7002,1/4/2021,,,,,,
3/24/2021,12961.88965,1/4/2021,,,,,,
3/25/2021,12977.67969,1/4/2021,,,,,,
3/26/2021,13138.73047,1/4/2021,,,,,,
3/29/2021,13059.65039,1/4/2021,,,,,,
3/30/2021,13045.38965,1/4/2021,,,,,,
3/31/2021,13246.87012,1/4/2021,,,,,,
4/1/2021,13480.11035,1/4/2021,,,,,,
4/5/2021,13705.58984,1/4/2021,,,,,,
4/6/2021,13698.37988,1/4/2021,,,,,,
4/7/2021,13688.83984,1/4/2021,,,,,,
4/8/2021,13829.30957,1/4/2021,,,,,,
4/9/2021,13900.19043,1/4/2021,,,,,,
4/12/2021,13850,1/4/2021,,,,,,
4/13/2021,13996.09961,1/4/2021,,,,,,
4/14/2021,13857.83984,1/4/2021,,,,,,
4/15/2021,14038.75977,1/4/2021,,,,,,
4/16/2021,14052.33984,1/4/2021,,,,,,
4/19/2021,13914.76953,1/4/2021,,,,,,
4/20/2021,13786.26953,1/4/2021,,,,,,
4/21/2021,13950.21973,1/4/2021,,,,,,
4/22/2021,13818.41016,1/4/2021,,,,,,
4/23/2021,14016.80957,1/4/2021,,,,,,
4/26/2021,14138.78027,1/4/2021,,,,,,
4/27/2021,14090.21973,1/4/2021,,,,,,
4/28/2021,14051.03027,1/4/2021,,,,,,
4/29/2021,14082.54981,1/4/2021,,,,,,
4/30/2021,13962.67969,1/4/2021,,,,,,
5/3/2021,13895.12012,1/4/2021,,,,,,
5/4/2021,13633.5,1/4/2021,,,,,,
5/5/2021,13582.41992,1/4/2021,,,,,,
5/6/2021,13632.83984,1/4/2021,,,,,,
5/7/2021,13752.24023,1/4/2021,,,,,,
5/10/2021,13401.86035,1/4/2021,,,,,,
5/11/2021,13389.42969,1/4/2021,,,,,,
5/12/2021,13031.67969,1/4/2021,,,,,,
5/13/2021,13124.99023,1/4/2021,,,,,,
5/14/2021,13429.98047,1/4/2021,,,,,,
5/17/2021,13379.04981,1/4/2021,,,,,,
5/18/2021,13303.63965,1/4/2021,,,,,,
5/19/2021,13299.74023,1/4/2021,,,,,,
5/20/2021,13535.74023,1/4/2021,,,,,,
5/21/2021,13470.99023,1/4/2021,,,,,,
5/24/2021,13661.16992,1/4/2021,,,,,,
5/25/2021,13657.16992,1/4/2021,,,,,,
5/26/2021,13738,1/4/2021,,,,,,
5/27/2021,13736.28027,1/4/2021,,,,,,
5/28/2021,13748.74023,1/4/2021,,,,,,
6/1/2021,13736.48047,1/4/2021,,,,,,
6/2/2021,13756.33008,1/4/2021,,,,,,
6/3/2021,13614.50977,1/4/2021,,,,,,
6/4/2021,13814.49023,1/4/2021,,,,,,
6/7/2021,13881.71973,1/4/2021,,,,,,
6/8/2021,13924.91016,1/4/2021,,,,,,
6/9/2021,13911.75,1/4/2021,,,,,,
6/10/2021,14020.33008,1/4/2021,,,,,,
6/11/2021,14069.41992,1/4/2021,,,,,,
6/14/2021,14174.13965,1/4/2021,,,,,,
6/15/2021,14072.86035,1/4/2021,,,,,,
6/16/2021,14039.67969,1/4/2021,,,,,,
6/17/2021,14161.34961,1/4/2021,,,,,,
6/18/2021,14030.37988,1/4/2021,,,,,,
6/21/2021,14141.48047,1/4/2021,,,,,,
6/22/2021,14253.26953,1/4/2021,,,,,,
6/23/2021,14271.73047,1/4/2021,,,,,,
6/24/2021,14369.70996,1/4/2021,,,,,,
6/25/2021,14360.38965,1/4/2021,,,,,,
6/28/2021,14500.50977,1/4/2021,,,,,,
6/29/2021,14528.33008,1/4/2021,,,,,,
6/30/2021,14503.9502,1/4/2021,,,,,,
7/1/2021,14522.37988,1/4/2021,,,,,,
7/2/2021,14639.33008,1/4/2021,,,,,,
7/6/2021,14663.63965,1/4/2021,,,,,,
7/7/2021,14665.05957,1/4/2021,,,,,,
7/8/2021,14559.78027,1/4/2021,,,,,,
7/9/2021,14701.91992,1/4/2021,,,,,,
7/12/2021,14733.24023,1/4/2021,,,,,,
7/13/2021,14677.65039,1/4/2021,,,,,,
7/14/2021,14644.9502,1/4/2021,,,,,,
7/15/2021,14543.12988,1/4/2021,,,,,,
7/16/2021,14427.24023,1/4/2021,,,,,,
7/19/2021,14274.98047,1/4/2021,,,,,,
7/20/2021,14498.87988,1/4/2021,,,,,,
7/21/2021,14631.9502,1/4/2021,,,,,,
7/22/2021,14684.59961,1/4/2021,,,,,,
7/23/2021,14836.99023,1/4/2021,,,,,,
7/26/2021,14840.70996,1/4/2021,,,,,,
7/27/2021,14660.58008,1/4/2021,,,,,,
7/28/2021,14762.58008,1/4/2021,,,,,,
7/29/2021,14778.25977,1/4/2021,,,,,,
7/30/2021,14672.67969,1/4/2021,,,,,,
8/2/2021,14681.07031,1/4/2021,,,,,,
8/3/2021,14761.29004,1/4/2021,,,,,,
8/4/2021,14780.53027,1/4/2021,,,,,,
8/5/2021,14895.12012,1/4/2021,,,,,,
8/6/2021,14835.75977,1/4/2021,,,,,,
8/9/2021,14860.17969,1/4/2021,,,,,,
8/10/2021,14788.08984,1/4/2021,,,,,,
8/11/2021,14765.13965,1/4/2021,,,,,,
8/12/2021,14816.25977,1/4/2021,,,,,,
8/13/2021,14822.90039,1/4/2021,,,,,,
8/16/2021,14793.75977,1/4/2021,,,,,,
8/17/2021,14656.17969,1/4/2021,,,,,,
8/18/2021,14525.91016,1/4/2021,,,,,,
8/19/2021,14541.79004,1/4/2021,,,,,,
8/20/2021,14714.66016,1/4/2021,,,,,,
8/23/2021,14942.65039,1/4/2021,,,,,,
8/24/2021,15019.79981,1/4/2021,,,,,,
8/25/2021,15041.86035,1/4/2021,,,,,,
8/26/2021,14945.80957,1/4/2021,,,,,,
8/27/2021,15129.5,1/4/2021,,,,,,
8/30/2021,15265.88965,1/4/2021,,,,,,
8/31/2021,15259.24023,1/4/2021,,,,,,
9/1/2021,15309.37988,1/4/2021,,,,,,
9/2/2021,15331.17969,1/4/2021,,,,,,
9/3/2021,15363.51953,1/4/2021,,,,,,
9/7/2021,15374.33008,1/4/2021,,,,,,
9/8/2021,15286.63965,1/4/2021,,,,,,
9/9/2021,15248.25,1/4/2021,,,,,,
9/10/2021,15115.49023,1/4/2021,,,,,,
9/13/2021,15105.58008,1/4/2021,,,,,,
9/14/2021,15037.75977,1/4/2021,,,,,,
9/15/2021,15161.53027,1/4/2021,,,,,,
9/16/2021,15181.91992,1/4/2021,,,,,,
9/17/2021,15043.96973,1/4/2021,,,,,,
9/20/2021,14713.90039,1/4/2021,,,,,,
9/21/2021,14746.40039,1/4/2021,,,,,,
9/22/2021,14896.84961,1/4/2021,,,,,,
9/23/2021,15052.24023,1/4/2021,,,,,,
9/24/2021,15047.7002,1/4/2021,,,,,,
9/27/2021,14969.96973,1/4/2021,,,,,,
9/28/2021,14546.67969,1/4/2021,,,,,,
9/29/2021,14512.44043,1/4/2021,,,,,,
9/30/2021,14448.58008,1/4/2021,,,,,,
10/1/2021,14566.7002,1/4/2021,,,,,,
10/4/2021,14255.48047,1/4/2021,,,,,,
10/5/2021,14433.83008,1/4/2021,,,,,,
10/6/2021,14501.91016,1/4/2021,,,,,,
10/7/2021,14654.01953,1/4/2021,,,,,,
10/8/2021,14579.54004,1/4/2021,,,,,,
10/11/2021,14486.2002,1/4/2021,,,,,,
10/12/2021,14465.91992,1/4/2021,,,,,,
10/13/2021,14571.63965,1/4/2021,,,,,,
10/14/2021,14823.42969,1/4/2021,,,,,,
10/15/2021,14897.33984,1/4/2021,,,,,,
10/18/2021,15021.80957,1/4/2021,,,,,,
10/19/2021,15129.08984,1/4/2021,,,,,,
10/20/2021,15121.67969,1/4/2021,,,,,,
10/21/2021,15215.7002,1/4/2021,,,,,,
10/22/2021,15090.2002,1/4/2021,,,,,,
10/25/2021,15226.70996,1/4/2021,,,,,,
10/26/2021,15235.70996,1/4/2021,,,,,,
10/27/2021,15235.83984,1/4/2021,,,,,,
10/28/2021,15448.12012,1/4/2021,,,,,,
10/29/2021,15498.38965,1/4/2021,,,,,,
11/1/2021,15595.91992,1/4/2021,,,,,,
11/2/2021,15649.59961,1/4/2021,,,,,,
11/3/2021,15811.58008,1/4/2021,,,,,,
11/4/2021,15940.30957,1/4/2021,,,,,,
11/5/2021,15971.58984,1/4/2021,,,,,,
11/8/2021,15982.36035,1/4/2021,,,,,,
11/9/2021,15886.54004,1/4/2021,,,,,,
11/10/2021,15622.70996,1/4/2021,,,,,,
11/11/2021,15704.28027,1/4/2021,,,,,,
11/12/2021,15860.95996,1/4/2021,,,,,,
11/15/2021,15853.84961,1/4/2021,,,,,,
11/16/2021,15973.86035,1/4/2021,,,,,,
11/17/2021,15921.57031,1/4/2021,,,,,,
11/18/2021,15993.70996,1/4/2021,,,,,,
11/19/2021,16057.44043,1/4/2021,,,,,,
11/22/2021,15854.75977,1/4/2021,,,,,,
11/23/2021,15775.13965,1/4/2021,,,,,,
11/24/2021,15845.23047,1/4/2021,,,,,,
11/26/2021,15491.66016,1/4/2021,,,,,,
11/29/2021,15782.83008,1/4/2021,,,,,,
11/30/2021,15537.69043,1/4/2021,,,,,,
12/1/2021,15254.04981,1/4/2021,,,,,,
12/2/2021,15381.32031,1/4/2021,,,,,,
12/3/2021,15085.46973,1/4/2021,,,,,,
12/6/2021,15225.15039,1/4/2021,,,,,,
12/7/2021,15686.91992,1/4/2021,,,,,,
12/8/2021,15786.99023,1/4/2021,,,,,,
12/9/2021,15517.37012,1/4/2021,,,,,,
12/10/2021,15630.59961,1/4/2021,,,,,,
12/13/2021,15413.28027,1/4/2021,,,,,,
12/14/2021,15237.63965,1/4/2021,,,,,,
12/15/2021,15565.58008,1/4/2021,,,,,,
12/16/2021,15180.42969,1/4/2021,,,,,,
12/17/2021,15169.67969,1/4/2021,,,,,,
12/20/2021,14980.94043,1/4/2021,,,,,,
12/21/2021,15341.08984,1/4/2021,,,,,,
12/22/2021,15521.88965,1/4/2021,,,,,,
12/23/2021,15653.37012,1/4/2021,,,,,,
12/27/2021,15871.25977,1/4/2021,,,,,,
12/28/2021,15781.71973,1/4/2021,,,,,,
12/29/2021,15766.21973,1/4/2021,,,,,,
12/30/2021,15741.55957,1/4/2021,,,,,,
12/31/2021,15644.96973,1/4/2021,,,,,,
1/3/2022,15832.79981,1/3/2022,,,,,,
1/4/2022,15622.71973,1/3/2022,,,,,,
1/5/2022,15100.16992,1/3/2022,,,,,,
1/6/2022,15080.86035,1/3/2022,,,,,,
1/7/2022,14935.90039,1/3/2022,,,,,,
1/10/2022,14942.83008,1/3/2022,,,,,,
1/11/2022,15153.4502,1/3/2022,,,,,,
1/12/2022,15188.38965,1/3/2022,,,,,,
1/13/2022,14806.80957,1/3/2022,,,,,,
1/14/2022,14893.75,1/3/2022,,,,,,
1/18/2022,14506.90039,1/3/2022,,,,,,
1/19/2022,14340.25977,1/3/2022,,,,,,
1/20/2022,14154.01953,1/3/2022,,,,,,
1/21/2022,13768.91992,1/3/2022,,,,,,
1/24/2022,13855.12988,1/3/2022,,,,,,
1/25/2022,13539.29004,1/3/2022,,,,,,
1/26/2022,13542.12012,1/3/2022,,,,,,
1/27/2022,13352.78027,1/3/2022,,,,,,
1/28/2022,13770.57031,1/3/2022,,,,,,
1/31/2022,14239.87988,1/3/2022,,,,,,
2/1/2022,14346,1/3/2022,,,,,,
2/2/2022,14417.54981,1/3/2022,,,,,,
2/3/2022,13878.82031,1/3/2022,,,,,,
2/4/2022,14098.00977,1/3/2022,,,,,,
2/7/2022,14015.66992,1/3/2022,,,,,,
2/8/2022,14194.4502,1/3/2022,,,,,,
2/9/2022,14490.37012,1/3/2022,,,,,,
2/10/2022,14185.63965,1/3/2022,,,,,,
2/11/2022,13791.15039,1/3/2022,,,,,,
2/14/2022,13790.91992,1/3/2022,,,,,,
2/15/2022,14139.75977,1/3/2022,,,,,,
2/16/2022,14124.08984,1/3/2022,,,,,,
2/17/2022,13716.71973,1/3/2022,,,,,,
2/18/2022,13548.07031,1/3/2022,,,,,,
2/22/2022,13381.51953,1/3/2022,,,,,,
2/23/2022,13037.49023,1/3/2022,,,,,,
2/24/2022,13473.58984,1/3/2022,,,,,,
2/25/2022,13694.62012,1/3/2022,,,,,,
2/28/2022,13751.40039,1/3/2022,,,,,,
3/1/2022,13532.45996,1/3/2022,,,,,,
3/2/2022,13752.01953,1/3/2022,,,,,,
3/3/2022,13537.94043,1/3/2022,,,,,,
3/4/2022,13313.44043,1/3/2022,,,,,,
3/7/2022,12830.95996,1/3/2022,,,,,,
3/8/2022,12795.54981,1/3/2022,,,,,,
3/9/2022,13255.54981,1/3/2022,,,,,,
3/10/2022,13129.95996,1/3/2022,,,,,,
3/11/2022,12843.80957,1/3/2022,,,,,,
3/14/2022,12581.21973,1/3/2022,,,,,,
3/15/2022,12948.62012,1/3/2022,,,,,,
3/16/2022,13436.54981,1/3/2022,,,,,,
3/17/2022,13614.78027,1/3/2022,,,,,,
3/18/2022,13893.83984,1/3/2022,,,,,,
3/21/2022,13838.45996,1/3/2022,,,,,,
3/22/2022,14108.82031,1/3/2022,,,,,,
3/23/2022,13922.59961,1/3/2022,,,,,,
3/24/2022,14191.83984,1/3/2022,,,,,,
3/25/2022,14169.29981,1/3/2022,,,,,,
3/28/2022,14354.90039,1/3/2022,,,,,,
3/29/2022,14619.63965,1/3/2022,,,,,,
3/30/2022,14442.26953,1/3/2022,,,,,,
3/31/2022,14220.51953,1/3/2022,,,,,,
4/1/2022,14261.5,1/3/2022,,,,,,
4/4/2022,14532.54981,1/3/2022,,,,,,
4/5/2022,14204.16992,1/3/2022,,,,,,
4/6/2022,13888.82031,1/3/2022,,,,,,
4/7/2022,13897.29981,1/3/2022,,,,,,
4/8/2022,13711,1/3/2022,,,,,,
4/11/2022,13411.95996,1/3/2022,,,,,,
4/12/2022,13371.57031,1/3/2022,,,,,,
4/13/2022,13643.58984,1/3/2022,,,,,,
4/14/2022,13351.08008,1/3/2022,,,,,,
4/18/2022,13332.36035,1/3/2022,,,,,,
4/19/2022,13619.66016,1/3/2022,,,,,,
4/20/2022,13453.07031,1/3/2022,,,,,,
4/21/2022,13174.65039,1/3/2022,,,,,,
4/22/2022,12839.29004,1/3/2022,,,,,,
4/25/2022,13004.84961,1/3/2022,,,,,,
4/26/2022,12490.74023,1/3/2022,,,,,,
4/27/2022,12488.92969,1/3/2022,,,,,,
4/28/2022,12871.53027,1/3/2022,,,,,,
4/29/2022,12334.63965,1/3/2022,,,,,,
5/2/2022,12536.01953,1/3/2022,,,,,,
5/3/2022,12563.75977,1/3/2022,,,,,,
5/4/2022,12964.86035,1/3/2022,,,,,,
5/5/2022,12317.69043,1/3/2022,,,,,,
5/6/2022,12144.66016,1/3/2022,,,,,,
5/9/2022,11623.25,1/3/2022,,,,,,
5/10/2022,11737.66992,1/3/2022,,,,,,
5/11/2022,11364.24023,1/3/2022,,,,,,
5/12/2022,11370.95996,1/3/2022,,,,,,
5/13/2022,11805,1/3/2022,,,,,,
5/16/2022,11662.79004,1/3/2022,,,,,,
5/17/2022,11984.51953,1/3/2022,,,,,,
5/18/2022,11418.15039,1/3/2022,,,,,,
5/19/2022,11388.5,1/3/2022,,,,,,
5/20/2022,11354.62012,1/3/2022,,,,,,
5/23/2022,11535.26953,1/3/2022,,,,,,
5/24/2022,11264.4502,1/3/2022,,,,,,
5/25/2022,11434.74023,1/3/2022,,,,,,
5/26/2022,11740.65039,1/3/2022,,,,,,
5/27/2022,12131.12988,1/3/2022,,,,,,
5/31/2022,12081.38965,1/3/2022,,,,,,
6/1/2022,11994.45996,1/3/2022,,,,,,
6/2/2022,12316.90039,1/3/2022,,,,,,
6/3/2022,12012.73047,1/3/2022,,,,,,
6/6/2022,12061.37012,1/3/2022,,,,,,
6/7/2022,12175.23047,1/3/2022,,,,,,
6/8/2022,12086.26953,1/3/2022,,,,,,
6/9/2022,11754.23047,1/3/2022,,,,,,
6/10/2022,11340.01953,1/3/2022,,,,,,
6/13/2022,10809.23047,1/3/2022,,,,,,
6/14/2022,10828.34961,1/3/2022,,,,,,
6/15/2022,11099.15039,1/3/2022,,,,,,
6/16/2022,10646.09961,1/3/2022,,,,,,
6/17/2022,10798.34961,1/3/2022,,,,,,
6/21/2022,11069.29981,1/3/2022,,,,,,
6/22/2022,11053.08008,1/3/2022,,,,,,
6/23/2022,11232.19043,1/3/2022,,,,,,
6/24/2022,11607.62012,1/3/2022,,,,,,
6/27/2022,11524.54981,1/3/2022,,,,,,
6/28/2022,11181.54004,1/3/2022,,,,,,
6/29/2022,11177.88965,1/3/2022,,,,,,
6/30/2022,11028.74023,1/3/2022,,,,,,
7/1/2022,11127.84961,1/3/2022,,,,,,
7/5/2022,11322.24023,1/3/2022,,,,,,
7/6/2022,11361.84961,1/3/2022,,,,,,
7/7/2022,11621.34961,1/3/2022,,,,,,
7/8/2022,11635.30957,1/3/2022,,,,,,
7/11/2022,11372.59961,1/3/2022,,,,,,
7/12/2022,11264.73047,1/3/2022,,,,,,
7/13/2022,11247.58008,1/3/2022,,,,,,
7/14/2022,11251.19043,1/3/2022,,,,,,
7/15/2022,11452.41992,1/3/2022,,,,,,
7/18/2022,11360.04981,1/3/2022,,,,,,
7/19/2022,11713.15039,1/3/2022,,,,,,
7/20/2022,11897.65039,1/3/2022,,,,,,
7/21/2022,12059.61035,1/3/2022,,,,,,
7/22/2022,11834.11035,1/3/2022,,,,,,
7/25/2022,11782.66992,1/3/2022,,,,,,
7/26/2022,11562.57031,1/3/2022,,,,,,
7/27/2022,12032.41992,1/3/2022,,,,,,
7/28/2022,12162.58984,1/3/2022,,,,,,
7/29/2022,12390.69043,1/3/2022,,,,,,
8/1/2022,12368.98047,1/3/2022,,,,,,
8/2/2022,12348.75977,1/3/2022,,,,,,
8/3/2022,12668.16016,1/3/2022,,,,,,
8/4/2022,12720.58008,1/3/2022,,,,,,
8/5/2022,12657.54981,1/3/2022,,,,,,
8/8/2022,12644.45996,1/3/2022,,,,,,
8/9/2022,12493.92969,1/3/2022,,,,,,
8/10/2022,12854.79981,1/3/2022,,,,,,
8/11/2022,12779.91016,1/3/2022,,,,,,
8/12/2022,13047.19043,1/3/2022,,,,,,
8/15/2022,13128.04981,1/3/2022,,,,,,
8/16/2022,13102.54981,1/3/2022,,,,,,
8/17/2022,12938.12012,1/3/2022,,,,,,
8/18/2022,12965.33984,1/3/2022,,,,,,
8/19/2022,12705.21973,1/3/2022,,,,,,
8/22/2022,12381.57031,1/3/2022,,,,,,
8/23/2022,12381.29981,1/3/2022,,,,,,
8/24/2022,12431.53027,1/3/2022,,,,,,
8/25/2022,12639.26953,1/3/2022,,,,,,
8/26/2022,12141.70996,1/3/2022,,,,,,
8/29/2022,12017.66992,1/3/2022,,,,,,
8/30/2022,11883.13965,1/3/2022,,,,,,
8/31/2022,11816.2002,1/3/2022,,,,,,
9/1/2022,11785.12988,1/3/2022,,,,,,
9/2/2022,11630.86035,1/3/2022,,,,,,
9/6/2022,11544.91016,1/3/2022,,,,,,
9/7/2022,11791.90039,1/3/2022,,,,,,
9/8/2022,11862.12988,1/3/2022,,,,,,
9/9/2022,12112.30957,1/3/2022,,,,,,
9/12/2022,12266.41016,1/3/2022,,,,,,
9/13/2022,11633.57031,1/3/2022,,,,,,
9/14/2022,11719.67969,1/3/2022,,,,,,
9/15/2022,11552.36035,1/3/2022,,,,,,
9/16/2022,11448.40039,1/3/2022,,,,,,
9/19/2022,11535.01953,1/3/2022,,,,,,
9/20/2022,11425.04981,1/3/2022,,,,,,
9/21/2022,11220.19043,1/3/2022,,,,,,
9/22/2022,11066.80957,1/3/2022,,,,,,
9/23/2022,10867.92969,1/3/2022,,,,,,
9/26/2022,10802.91992,1/3/2022,,,,,,
9/27/2022,10829.5,1/3/2022,,,,,,
9/28/2022,11051.63965,1/3/2022,,,,,,
9/29/2022,10737.50977,1/3/2022,,,,,,
9/30/2022,10575.62012,1/3/2022,,,,,,
10/3/2022,10815.42969,1/3/2022,,,,,,
10/4/2022,11176.41016,1/3/2022,,,,,,
10/5/2022,11148.63965,1/3/2022,,,,,,
10/6/2022,11073.30957,1/3/2022,,,,,,
10/7/2022,10652.40039,1/3/2022,,,,,,
10/10/2022,10542.09961,1/3/2022,,,,,,
10/11/2022,10426.19043,1/3/2022,,,,,,
10/12/2022,10417.09961,1/3/2022,,,,,,
10/13/2022,10649.15039,1/3/2022,,,,,,
10/14/2022,10321.38965,1/3/2022,,,,,,
10/17/2022,10675.79981,1/3/2022,,,,,,
10/18/2022,10772.40039,1/3/2022,,,,,,
10/19/2022,10680.50977,1/3/2022,,,,,,
10/20/2022,10614.83984,1/3/2022,,,,,,
10/21/2022,10859.71973,1/3/2022,,,,,,
10/24/2022,10952.61035,1/3/2022,,,,,,
10/25/2022,11199.12012,1/3/2022,,,,,,
10/26/2022,10970.99023,1/3/2022,,,,,,
10/27/2022,10792.66992,1/3/2022,,,,,,
10/28/2022,11102.4502,1/3/2022,,,,,,
10/31/2022,10988.15039,1/3/2022,,,,,,
11/1/2022,10890.84961,1/3/2022,,,,,,
11/2/2022,10524.79981,1/3/2022,,,,,,
11/3/2022,10342.94043,1/3/2022,,,,,,
11/4/2022,10475.25,1/3/2022,,,,,,
11/7/2022,10564.51953,1/3/2022,,,,,,
11/8/2022,10616.2002,1/3/2022,,,,,,
11/9/2022,10353.16992,1/3/2022,,,,,,
11/10/2022,11114.15039,1/3/2022,,,,,,
11/11/2022,11323.33008,1/3/2022,,,,,,
11/14/2022,11196.21973,1/3/2022,,,,,,
11/15/2022,11358.41016,1/3/2022,,,,,,
11/16/2022,11183.66016,1/3/2022,,,,,,
11/17/2022,11144.95996,1/3/2022,,,,,,
11/18/2022,11146.05957,1/3/2022,,,,,,
11/21/2022,11024.50977,1/3/2022,,,,,,
11/22/2022,11174.41016,1/3/2022,,,,,,
11/23/2022,11285.32031,1/3/2022,,,,,,
11/25/2022,11226.36035,1/3/2022,,,,,,
11/28/2022,11049.5,1/3/2022,,,,,,
11/29/2022,10983.78027,1/3/2022,,,,,,
11/30/2022,11468,1/3/2022,,,,,,
12/1/2022,11482.4502,1/3/2022,,,,,,
12/2/2022,11461.5,1/3/2022,,,,,,
12/5/2022,11239.94043,1/3/2022,,,,,,
12/6/2022,11014.88965,1/3/2022,,,,,,
12/7/2022,10958.54981,1/3/2022,,,,,,
12/8/2022,11082,1/3/2022,,,,,,
12/9/2022,11004.62012,1/3/2022,,,,,,
12/12/2022,11143.74023,1/3/2022,,,,,,
12/13/2022,11256.80957,1/3/2022,,,,,,
12/14/2022,11170.88965,1/3/2022,,,,,,
12/15/2022,10810.53027,1/3/2022,,,,,,
12/16/2022,10705.41016,1/3/2022,,,,,,
12/19/2022,10546.03027,1/3/2022,,,,,,
12/20/2022,10547.11035,1/3/2022,,,,,,
12/21/2022,10709.37012,1/3/2022,,,,,,
12/22/2022,10476.12012,1/3/2022,,,,,,
12/23/2022,10497.86035,1/3/2022,,,,,,
12/27/2022,10353.23047,1/3/2022,,,,,,
12/28/2022,10213.29004,1/3/2022,,,,,,
12/29/2022,10478.08984,1/3/2022,,,,,,
12/30/2022,10466.48047,1/3/2022,,,,,,
1/3/2023,10386.98047,1/3/2023,,,,,,
1/4/2023,10458.75977,1/3/2023,,,,,,
1/5/2023,10305.24023,1/3/2023,,,,,,
1/6/2023,10569.29004,1/3/2023,,,,,,
1/9/2023,10635.65039,1/3/2023,,,,,,
1/10/2023,10742.62988,1/3/2023,,,,,,
1/11/2023,10931.66992,1/3/2023,,,,,,
1/12/2023,11001.09961,1/3/2023,,,,,,
1/13/2023,11079.16016,1/3/2023,,,,,,
1/17/2023,11095.11035,1/3/2023,,,,,,
1/18/2023,10957.00977,1/3/2023,,,,,,
1/19/2023,10852.26953,1/3/2023,,,,,,
1/20/2023,11140.42969,1/3/2023,,,,,,
1/23/2023,11364.41016,1/3/2023,,,,,,
1/24/2023,11334.26953,1/3/2023,,,,,,
1/25/2023,11313.36035,1/3/2023,,,,,,
1/26/2023,11512.41016,1/3/2023,,,,,,
1/27/2023,11621.70996,1/3/2023,,,,,,
1/30/2023,11393.80957,1/3/2023,,,,,,
1/31/2023,11584.54981,1/3/2023,,,,,,
2/1/2023,11816.32031,1/3/2023,,,,,,
2/2/2023,12200.82031,1/3/2023,,,,,,
2/3/2023,12006.9502,1/3/2023,,,,,,
2/6/2023,11887.4502,1/3/2023,,,,,,
2/7/2023,12113.79004,1/3/2023,,,,,,
2/8/2023,11910.51953,1/3/2023,,,,,,
2/9/2023,11789.58008,1/3/2023,,,,,,
2/10/2023,11718.12012,1/3/2023,,,,,,
2/13/2023,11891.79004,1/3/2023,,,,,,
2/14/2023,11960.15039,1/3/2023,,,,,,
2/15/2023,12070.58984,1/3/2023,,,,,,
2/16/2023,11855.83008,1/3/2023,,,,,,
2/17/2023,11787.26953,1/3/2023,,,,,,
2/21/2023,11492.29981,1/3/2023,,,,,,
2/22/2023,11507.07031,1/3/2023,,,,,,
2/23/2023,11590.40039,1/3/2023,,,,,,
2/24/2023,11394.94043,1/3/2023,,,,,,
2/27/2023,11466.98047,1/3/2023,,,,,,
2/28/2023,11455.54004,1/3/2023,,,,,,
3/1/2023,11379.48047,1/3/2023,,,,,,
3/2/2023,11462.98047,1/3/2023,,,,,,
3/3/2023,11689.00977,1/3/2023,,,,,,
3/6/2023,11675.74023,1/3/2023,,,,,,
3/7/2023,11530.33008,1/3/2023,,,,,,
3/8/2023,11576,1/3/2023,,,,,,
3/9/2023,11338.34961,1/3/2023,,,,,,
3/10/2023,11138.88965,1/3/2023,,,,,,
3/13/2023,11188.83984,1/3/2023,,,,,,
3/14/2023,11428.15039,1/3/2023,,,,,,
3/15/2023,11434.04981,1/3/2023,,,,,,
3/16/2023,11717.28027,1/3/2023,,,,,,
3/17/2023,11630.50977,1/3/2023,,,,,,
3/20/2023,11675.54004,1/3/2023,,,,,,
3/21/2023,11860.11035,1/3/2023,,,,,,
3/22/2023,11669.95996,1/3/2023,,,,,,
3/23/2023,11787.40039,1/3/2023,,,,,,
3/24/2023,11823.95996,1/3/2023,,,,,,
3/27/2023,11768.83984,1/3/2023,,,,,,
3/28/2023,11716.08008,1/3/2023,,,,,,
3/29/2023,11926.24023,1/3/2023,,,,,,
3/30/2023,12013.46973,1/3/2023,,,,,,
3/31/2023,12221.91016,1/3/2023,,,,,,
4/3/2023,12189.4502,1/3/2023,,,,,,
4/4/2023,12126.33008,1/3/2023,,,,,,
4/5/2023,11996.86035,1/3/2023,,,,,,
4/6/2023,12087.95996,1/3/2023,,,,,,
4/10/2023,12084.36035,1/3/2023,,,,,,
4/11/2023,12031.87988,1/3/2023,,,,,,
4/12/2023,11929.33984,1/3/2023,,,,,,
4/13/2023,12166.26953,1/3/2023,,,,,,
4/14/2023,12123.46973,1/3/2023,,,,,,
4/17/2023,12157.71973,1/3/2023,,,,,,
4/18/2023,12153.41016,1/3/2023,,,,,,
4/19/2023,12157.23047,1/3/2023,,,,,,
4/20/2023,12059.55957,1/3/2023,,,,,,
4/21/2023,12072.45996,1/3/2023,,,,,,
4/24/2023,12037.2002,1/3/2023,,,,,,
4/25/2023,11799.16016,1/3/2023,,,,,,
4/26/2023,11854.34961,1/3/2023,,,,,,
4/27/2023,12142.24023,1/3/2023,,,,,,
4/28/2023,12226.58008,1/3/2023,,,,,,
5/1/2023,12212.59961,1/3/2023,,,,,,
5/2/2023,12080.50977,1/3/2023,,,,,,
5/3/2023,12025.33008,1/3/2023,,,,,,
5/4/2023,11966.40039,1/3/2023,,,,,,
5/5/2023,12235.41016,1/3/2023,,,,,,
5/8/2023,12256.91992,1/3/2023,,,,,,
5/9/2023,12179.54981,1/3/2023,,,,,,
5/10/2023,12306.44043,1/3/2023,,,,,,
5/11/2023,12328.50977,1/3/2023,,,,,,
5/12/2023,12284.74023,1/3/2023,,,,,,
5/15/2023,12365.20996,1/3/2023,,,,,,
5/16/2023,12343.04981,1/3/2023,,,,,,
5/17/2023,12500.57031,1/3/2023,,,,,,
5/18/2023,12688.83984,1/3/2023,,,,,,
5/19/2023,12657.90039,1/3/2023,,,,,,
5/22/2023,12720.78027,1/3/2023,,,,,,
5/23/2023,12560.25,1/3/2023,,,,,,
5/24/2023,12484.16016,1/3/2023,,,,,,
5/25/2023,12698.08984,1/3/2023,,,,,,
5/26/2023,12975.69043,1/3/2023,,,,,,
5/30/2023,13017.42969,1/3/2023,,,,,,
5/31/2023,12935.29004,1/3/2023,,,,,,
6/1/2023,13100.98047,1/3/2023,,,,,,
6/2/2023,13240.76953,1/3/2023,,,,,,
6/5/2023,13229.42969,1/3/2023,,,,,,
6/6/2023,13276.41992,1/3/2023,,,,,,
6/7/2023,13104.90039,1/3/2023,,,,,,
6/8/2023,13238.51953,1/3/2023,,,,,,
6/9/2023,13259.13965,1/3/2023,,,,,,
6/12/2023,13461.91992,1/3/2023,,,,,,
6/13/2023,13573.32031,1/3/2023,,,,,,
6/14/2023,13626.48047,1/3/2023,,,,,,
6/15/2023,13782.82031,1/3/2023,,,,,,
6/16/2023,13689.57031,1/3/2023,,,,,,
6/20/2023,13667.29004,1/3/2023,,,,,,
6/21/2023,13502.2002,1/3/2023,,,,,,
6/22/2023,13630.61035,1/3/2023,,,,,,
6/23/2023,13492.51953,1/3/2023,,,,,,
6/26/2023,13335.78027,1/3/2023,,,,,,
6/27/2023,13555.66992,1/3/2023,,,,,,
6/28/2023,13591.75,1/3/2023,,,,,,
6/29/2023,13591.33008,1/3/2023,,,,,,
6/30/2023,13787.91992,1/3/2023,,,,,,
7/3/2023,13816.76953,1/3/2023,,,,,,
7/5/2023,13791.65039,1/3/2023,,,,,,
7/6/2023,13679.04004,1/3/2023,,,,,,
7/7/2023,13660.71973,1/3/2023,,,,,,
7/10/2023,13685.48047,1/3/2023,,,,,,
7/11/2023,13760.7002,1/3/2023,,,,,,
7/12/2023,13918.95996,1/3/2023,,,,,,
7/13/2023,14138.57031,1/3/2023,,,,,,
7/14/2023,14113.7002,1/3/2023,,,,,,
7/17/2023,14244.9502,1/3/2023,,,,,,
7/18/2023,14353.63965,1/3/2023,,,,,,
7/19/2023,14358.01953,1/3/2023,,,,,,
7/20/2023,14063.30957,1/3/2023,,,,,,
7/21/2023,14032.80957,1/3/2023,,,,,,
7/24/2023,14058.87012,1/3/2023,,,,,,
7/25/2023,14144.55957,1/3/2023,,,,,,
7/26/2023,14127.28027,1/3/2023,,,,,,
7/27/2023,14050.11035,1/3/2023,,,,,,
7/28/2023,14316.66016,1/3/2023,,,,,,
7/31/2023,14346.01953,1/3/2023,,,,,,
8/1/2023,14283.91016,1/3/2023,,,,,,
8/2/2023,13973.4502,1/3/2023,,,,,,
8/3/2023,13959.71973,1/3/2023,,,,,,
8/4/2023,13909.24023,1/3/2023,,,,,,
8/7/2023,13994.40039,1/3/2023,,,,,,
8/8/2023,13884.32031,1/3/2023,,,,,,
8/9/2023,13722.01953,1/3/2023,,,,,,
8/10/2023,13737.99023,1/3/2023,,,,,,
8/11/2023,13644.84961,1/3/2023,,,,,,
8/14/2023,13788.33008,1/3/2023,,,,,,
8/15/2023,13631.04981,1/3/2023,,,,,,
8/16/2023,13474.62988,1/3/2023,,,,,,
8/17/2023,13316.92969,1/3/2023,,,,,,
8/18/2023,13290.78027,1/3/2023,,,,,,
8/21/2023,13497.58984,1/3/2023,,,,,,
8/22/2023,13505.87012,1/3/2023,,,,,,
8/23/2023,13721.03027,1/3/2023,,,,,,
8/24/2023,13463.96973,1/3/2023,,,,,,
8/25/2023,13590.65039,1/3/2023,,,,,,
8/28/2023,13705.12988,1/3/2023,,,,,,
8/29/2023,13943.75977,1/3/2023,,,,,,
8/30/2023,14019.30957,1/3/2023,,,,,,
8/31/2023,14034.96973,1/3/2023,,,,,,
9/1/2023,14031.80957,1/3/2023,,,,,,
9/5/2023,14020.9502,1/3/2023,,,,,,
9/6/2023,13872.46973,1/3/2023,,,,,,
9/7/2023,13748.83008,1/3/2023,,,,,,
9/8/2023,13761.53027,1/3/2023,,,,,,
9/11/2023,13917.88965,1/3/2023,,,,,,
9/12/2023,13773.61035,1/3/2023,,,,,,
9/13/2023,13813.58984,1/3/2023,,,,,,
9/14/2023,13926.04981,1/3/2023,,,,,,
9/15/2023,13708.33008,1/3/2023,,,,,,
9/18/2023,13710.24023,1/3/2023,,,,,,
9/19/2023,13678.19043,1/3/2023,,,,,,
9/20/2023,13469.12988,1/3/2023,,,,,,
9/21/2023,13223.98047,1/3/2023,,,,,,
9/22/2023,13211.80957,1/3/2023,,,,,,
9/25/2023,13271.32031,1/3/2023,,,,,,
9/26/2023,13063.61035,1/3/2023,,,,,,
9/27/2023,13092.84961,1/3/2023,,,,,,
9/28/2023,13201.28027,1/3/2023,,,,,,
9/29/2023,13219.32031,1/3/2023,,,,,,
10/2/2023,13307.76953,1/3/2023,,,,,,
10/3/2023,13059.46973,1/3/2023,,,,,,
10/4/2023,13236.00977,1/3/2023,,,,,,
10/5/2023,13219.83008,1/3/2023,,,,,,
10/6/2023,13431.33984,1/3/2023,,,,,,
10/9/2023,13484.24023,1/3/2023,,,,,,
10/10/2023,13562.83984,1/3/2023,,,,,,
10/11/2023,13659.67969,1/3/2023,,,,,,
10/12/2023,13574.21973,1/3/2023,,,,,,
10/13/2023,13407.23047,1/3/2023,,,,,,
10/16/2023,13567.98047,1/3/2023,,,,,,
10/17/2023,13533.75,1/3/2023,,,,,,
10/18/2023,13314.29981,1/3/2023,,,,,,
10/19/2023,13186.17969,1/3/2023,,,,,,
10/20/2023,12983.80957,1/3/2023,,,,,,
10/23/2023,13018.33008,1/3/2023,,,,,,
10/24/2023,13139.87012,1/3/2023,,,,,,
10/25/2023,12821.21973,1/3/2023,,,,,,
10/26/2023,12595.61035,1/3/2023,,,,,,
10/27/2023,12643.00977,1/3/2023,,,,,,
10/30/2023,12789.48047,1/3/2023,,,,,,
10/31/2023,12851.24023,1/3/2023,,,,,,
11/1/2023,13061.46973,1/3/2023,,,,,,
11/2/2023,13294.19043,1/3/2023,,,,,,
11/3/2023,13478.28027,1/3/2023,,,,,,
11/6/2023,13518.78027,1/3/2023,,,,,,
11/7/2023,13639.86035,1/3/2023,,,,,,
11/8/2023,13650.41016,1/3/2023,,,,,,
11/9/2023,13521.4502,1/3/2023,,,,,,
11/10/2023,13798.11035,1/3/2023,,,,,,
11/13/2023,13767.74023,1/3/2023,,,,,,
11/14/2023,14094.37988,1/3/2023,,,,,,
11/15/2023,14103.83984,1/3/2023,,,,,,
11/16/2023,14113.66992,1/3/2023,,,,,,
11/17/2023,14125.48047,1/3/2023,,,,,,
11/20/2023,14284.53027,1/3/2023,,,,,,
11/21/2023,14199.98047,1/3/2023,,,,,,
11/22/2023,14265.86035,1/3/2023,,,,,,
11/24/2023,14250.84961,1/3/2023,,,,,,
11/27/2023,14241.01953,1/3/2023,,,,,,
11/28/2023,14281.75977,1/3/2023,,,,,,
11/29/2023,14258.49023,1/3/2023,,,,,,
11/30/2023,14226.21973,1/3/2023,,,,,,
12/1/2023,14305.03027,1/3/2023,,,,,,
12/4/2023,14185.49023,1/3/2023,,,,,,
12/5/2023,14229.91016,1/3/2023,,,,,,
12/6/2023,14146.70996,1/3/2023,,,,,,
12/7/2023,14339.99023,1/3/2023,,,,,,
12/8/2023,14403.96973,1/3/2023,,,,,,
12/11/2023,14432.49023,1/3/2023,,,,,,
12/12/2023,14533.40039,1/3/2023,,,,,,
12/13/2023,14733.95996,1/3/2023,,,,,,
12/14/2023,14761.55957,1/3/2023,,,,,,
12/15/2023,14813.91992,1/3/2023,,,,,,
12/18/2023,14904.80957,1/3/2023,,,,,,
12/19/2023,15003.21973,1/3/2023,,,,,,
12/20/2023,14777.94043,1/3/2023,,,,,,
12/21/2023,14963.87012,1/3/2023,,,,,,
12/22/2023,14992.96973,1/3/2023,,,,,,
12/26/2023,15074.57031,1/3/2023,,,,,,
12/27/2023,15099.17969,1/3/2023,,,,,,
12/28/2023,15095.13965,1/3/2023,,,,,,
12/29/2023,15011.34961,1/3/2023,,,,,,
1/2/2024,14765.94043,1/2/2024,,,,,,
1/3/2024,14592.20996,1/2/2024,,,,,,
1/4/2024,14510.29981,1/2/2024,,,,,,
1/5/2024,14524.07031,1/2/2024,,,,,,
1/8/2024,14843.76953,1/2/2024,,,,,,
1/9/2024,14857.70996,1/2/2024,,,,,,
1/10/2024,14969.65039,1/2/2024,,,,,,
1/11/2024,14970.19043,1/2/2024,,,,,,
1/12/2024,14972.75977,1/2/2024,,,,,,
1/16/2024,14944.34961,1/2/2024,,,,,,
1/17/2024,14855.62012,1/2/2024,,,,,,
1/18/2024,15055.65039,1/2/2024,,,,,,
1/19/2024,15310.96973,1/2/2024,,,,,,
1/22/2024,15360.29004,1/2/2024,,,,,,
1/23/2024,15425.94043,1/2/2024,,,,,,
1/24/2024,15481.91992,1/2/2024,,,,,,
1/25/2024,15510.5,1/2/2024,,,,,,
1/26/2024,15455.36035,1/2/2024,,,,,,
1/29/2024,15628.04004,1/2/2024,,,,,,
1/30/2024,15509.90039,1/2/2024,,,,,,
1/31/2024,15164.00977,1/2/2024,,,,,,
2/1/2024,15361.63965,1/2/2024,,,,,,
2/2/2024,15628.9502,1/2/2024,,,,,,
2/5/2024,15597.67969,1/2/2024,,,,,,
2/6/2024,15609,1/2/2024,,,,,,
2/7/2024,15756.63965,1/2/2024,,,,,,
2/8/2024,15793.70996,1/2/2024,,,,,,
2/9/2024,15990.66016,1/2/2024,,,,,,
2/12/2024,15942.54981,1/2/2024,,,,,,
2/13/2024,15655.59961,1/2/2024,,,,,,
2/14/2024,15859.15039,1/2/2024,,,,,,
2/15/2024,15906.16992,1/2/2024,,,,,,
2/16/2024,15775.65039,1/2/2024,,,,,,
2/20/2024,15630.78027,1/2/2024,,,,,,
2/21/2024,15580.87012,1/2/2024,,,,,,
2/22/2024,16041.62012,1/2/2024,,,,,,
2/23/2024,15996.82031,1/2/2024,,,,,,
2/26/2024,15976.25,1/2/2024,,,,,,
2/27/2024,16035.29981,1/2/2024,,,,,,
2/28/2024,15947.74023,1/2/2024,,,,,,
2/29/2024,16091.91992,1/2/2024,,,,,,
3/1/2024,16274.94043,1/2/2024,,,,,,
3/4/2024,16207.50977,1/2/2024,,,,,,
3/5/2024,15939.58984,1/2/2024,,,,,,
3/6/2024,16031.54004,1/2/2024,,,,,,
3/7/2024,16273.37988,1/2/2024,,,,,,
3/8/2024,16085.11035,1/2/2024,,,,,,
3/11/2024,16019.26953,1/2/2024,,,,,,
3/12/2024,16265.63965,1/2/2024,,,,,,
3/13/2024,16177.76953,1/2/2024,,,,,,
3/14/2024,16128.53027,1/2/2024,,,,,,
3/15/2024,15973.16992,1/2/2024,,,,,,
3/18/2024,16103.4502,1/2/2024,,,,,,
3/19/2024,16166.79004,1/2/2024,,,,,,
3/20/2024,16369.41016,1/2/2024,,,,,,
3/21/2024,16401.83984,1/2/2024,,,,,,
3/22/2024,16428.82031,1/2/2024,,,,,,
3/25/2024,16384.4707,1/2/2024,,,,,,
3/26/2024,16315.7002,1/2/2024,,,,,,
3/27/2024,16399.51953,1/2/2024,,,,,,
3/28/2024,16379.45996,1/2/2024,,,,,,
4/1/2024,16396.83008,1/2/2024,,,,,,
4/2/2024,16240.4502,1/2/2024,,,,,,
4/3/2024,16277.45996,1/2/2024,,,,,,
4/4/2024,16049.08008,1/2/2024,,,,,,
4/5/2024,16248.51953,1/2/2024,,,,,,
4/8/2024,16253.95996,1/2/2024,,,,,,
4/9/2024,16306.63965,1/2/2024,,,,,,
4/10/2024,16170.36035,1/2/2024,,,,,,
4/11/2024,16442.19922,1/2/2024,,,,,,
4/12/2024,16175.08984,1/2/2024,,,,,,
4/15/2024,15885.01953,1/2/2024,,,,,,
4/16/2024,15865.25,1/2/2024,,,,,,
4/17/2024,15683.37012,1/2/2024,,,,,,
4/18/2024,15601.5,1/2/2024,,,,,,
4/19/2024,15282.00977,1/2/2024,,,,,,
4/22/2024,15451.30957,1/2/2024,,,,,,
4/23/2024,15696.63965,1/2/2024,,,,,,
4/24/2024,15712.75,1/2/2024,,,,,,
4/25/2024,15611.75977,1/2/2024,,,,,,
4/26/2024,15927.90039,1/2/2024,,,,,,
4/29/2024,15983.08008,1/2/2024,,,,,,
4/30/2024,15657.82031,1/2/2024,,,,,,
5/1/2024,15605.48047,1/2/2024,,,,,,
5/2/2024,15840.95996,1/2/2024,,,,,,
5/3/2024,16156.33008,1/2/2024,,,,,,
5/6/2024,16349.25,1/2/2024,,,,,,
5/7/2024,16332.55957,1/2/2024,,,,,,
5/8/2024,16302.75977,1/2/2024,,,,,,
5/9/2024,16346.25977,1/2/2024,,,,,,
5/10/2024,16340.87012,1/2/2024,,,,,,
5/13/2024,16388.24023,1/2/2024,,,,,,
5/14/2024,16511.17969,1/2/2024,,,,,,
5/15/2024,16742.39063,1/2/2024,,,,,,
5/16/2024,16698.32031,1/2/2024,,,,,,
5/17/2024,16685.9707,1/2/2024,,,,,,
5/20/2024,16794.86914,1/2/2024,,,,,,
5/21/2024,16832.61914,1/2/2024,,,,,,
5/22/2024,16801.53906,1/2/2024,,,,,,
5/23/2024,16736.0293,1/2/2024,,,,,,
5/24/2024,16920.78906,1/2/2024,,,,,,
5/28/2024,17019.88086,1/2/2024,,,,,,
5/29/2024,16920.58008,1/2/2024,,,,,,
5/30/2024,16737.08008,1/2/2024,,,,,,
5/31/2024,16735.01953,1/2/2024,,,,,,
6/3/2024,16828.66992,1/2/2024,,,,,,
6/4/2024,16857.05078,1/2/2024,,,,,,
6/5/2024,17187.90039,1/2/2024,,,,,,
6/6/2024,17173.12109,1/2/2024,,,,,,
