Date,Close,MIN.YEAR,Year,New.Year,Min,Min.Date,Max,Max.Date,New.Year
6/6/14,4.7575,6/6/14,2014,6/6/14,4.1975,10/13/14,5.285,12/3/14,
6/9/14,4.7625,6/6/14,2015,1/2/15,4.785,6/19/14,8.4375,12/4/15,
6/10/14,4.7875,6/6/14,2016,1/4/16,6.305,2/8/16,29.33,12/27/16,
6/11/14,4.85,6/6/14,2017,1/3/17,23.872499,4/13/17,54.240002,11/24/17,
6/12/14,4.88,6/6/14,2018,1/2/18,31.77,12/24/18,72.339996,10/1/18,
6/13/14,4.885,6/6/14,2019,1/2/19,31.997499,1/3/19,59.842499,12/20/19,
6/16/14,4.87,6/6/14,2020,1/2/20,49.099998,3/16/20,145.619995,11/6/20,
6/17/14,4.9025,6/6/14,2021,1/4/21,115.932503,3/8/21,333.76001,11/29/21,
6/18/14,4.8975,6/6/14,2022,1/3/22,112.269997,10/14/22,301.209991,1/3/22,
6/19/14,4.785,6/6/14,2023,1/3/23,142.649994,1/5/23,504.089996,11/20/23,
6/20/14,4.7325,6/6/14,2024,1/2/24,475.690002,1/3/24,1224.400024,6/5/24,
6/23/14,4.6775,6/6/14,,,,,,,
6/24/14,4.605,6/6/14,,,,,,,
6/25/14,4.6525,6/6/14,,,,,,,
6/26/14,4.59,6/6/14,,,,,,,
6/27/14,4.595,6/6/14,,,,,,,
6/30/14,4.635,6/6/14,,,,,,,
7/1/14,4.6875,6/6/14,,,,,,,
7/2/14,4.67,6/6/14,,,,,,,
7/3/14,4.7125,6/6/14,,,,,,,
7/7/14,4.675,6/6/14,,,,,,,
7/8/14,4.6375,6/6/14,,,,,,,
7/9/14,4.7775,6/6/14,,,,,,,
7/10/14,4.7525,6/6/14,,,,,,,
7/11/14,4.7625,6/6/14,,,,,,,
7/14/14,4.8225,6/6/14,,,,,,,
7/15/14,4.8425,6/6/14,,,,,,,
7/16/14,4.8375,6/6/14,,,,,,,
7/17/14,4.825,6/6/14,,,,,,,
7/18/14,4.61,6/6/14,,,,,,,
7/21/14,4.6375,6/6/14,,,,,,,
7/22/14,4.6175,6/6/14,,,,,,,
7/23/14,4.52,6/6/14,,,,,,,
7/24/14,4.5275,6/6/14,,,,,,,
7/25/14,4.4475,6/6/14,,,,,,,
7/28/14,4.43,6/6/14,,,,,,,
7/29/14,4.445,6/6/14,,,,,,,
7/30/14,4.52,6/6/14,,,,,,,
7/31/14,4.375,6/6/14,,,,,,,
8/1/14,4.4225,6/6/14,,,,,,,
8/4/14,4.4125,6/6/14,,,,,,,
8/5/14,4.415,6/6/14,,,,,,,
8/6/14,4.41,6/6/14,,,,,,,
8/7/14,4.365,6/6/14,,,,,,,
8/8/14,4.75,6/6/14,,,,,,,
8/11/14,4.725,6/6/14,,,,,,,
8/12/14,4.725,6/6/14,,,,,,,
8/13/14,4.7525,6/6/14,,,,,,,
8/14/14,4.7,6/6/14,,,,,,,
8/15/14,4.76,6/6/14,,,,,,,
8/18/14,4.825,6/6/14,,,,,,,
8/19/14,4.8425,6/6/14,,,,,,,
8/20/14,4.8125,6/6/14,,,,,,,
8/21/14,4.7675,6/6/14,,,,,,,
8/22/14,4.77,6/6/14,,,,,,,
8/25/14,4.7775,6/6/14,,,,,,,
8/26/14,4.8625,6/6/14,,,,,,,
8/27/14,4.8075,6/6/14,,,,,,,
8/28/14,4.8475,6/6/14,,,,,,,
8/29/14,4.8625,6/6/14,,,,,,,
9/2/14,4.875,6/6/14,,,,,,,
9/3/14,4.92,6/6/14,,,,,,,
9/4/14,5.0075,6/6/14,,,,,,,
9/5/14,4.9925,6/6/14,,,,,,,
9/8/14,4.9475,6/6/14,,,,,,,
9/9/14,4.885,6/6/14,,,,,,,
9/10/14,4.9025,6/6/14,,,,,,,
9/11/14,4.8525,6/6/14,,,,,,,
9/12/14,4.78,6/6/14,,,,,,,
9/15/14,4.715,6/6/14,,,,,,,
9/16/14,4.785,6/6/14,,,,,,,
9/17/14,4.7875,6/6/14,,,,,,,
9/18/14,4.86,6/6/14,,,,,,,
9/19/14,4.77,6/6/14,,,,,,,
9/22/14,4.7225,6/6/14,,,,,,,
9/23/14,4.7025,6/6/14,,,,,,,
9/24/14,4.73,6/6/14,,,,,,,
9/25/14,4.6275,6/6/14,,,,,,,
9/26/14,4.6375,6/6/14,,,,,,,
9/29/14,4.63,6/6/14,,,,,,,
9/30/14,4.6125,6/6/14,,,,,,,
10/1/14,4.5675,6/6/14,,,,,,,
10/2/14,4.5475,6/6/14,,,,,,,
10/3/14,4.5575,6/6/14,,,,,,,
10/6/14,4.53,6/6/14,,,,,,,
10/7/14,4.4825,6/6/14,,,,,,,
10/8/14,4.565,6/6/14,,,,,,,
10/9/14,4.4775,6/6/14,,,,,,,
10/10/14,4.2125,6/6/14,,,,,,,
10/13/14,4.1975,6/6/14,,,,,,,
10/14/14,4.295,6/6/14,,,,,,,
10/15/14,4.36,6/6/14,,,,,,,
10/16/14,4.3625,6/6/14,,,,,,,
10/17/14,4.355,6/6/14,,,,,,,
10/20/14,4.3925,6/6/14,,,,,,,
10/21/14,4.58,6/6/14,,,,,,,
10/22/14,4.4725,6/6/14,,,,,,,
10/23/14,4.5725,6/6/14,,,,,,,
10/24/14,4.62,6/6/14,,,,,,,
10/27/14,4.6225,6/6/14,,,,,,,
10/28/14,4.7325,6/6/14,,,,,,,
10/29/14,4.7025,6/6/14,,,,,,,
10/30/14,4.6725,6/6/14,,,,,,,
10/31/14,4.885,6/6/14,,,,,,,
11/3/14,4.9675,6/6/14,,,,,,,
11/4/14,5.0325,6/6/14,,,,,,,
11/5/14,5.0325,6/6/14,,,,,,,
11/6/14,5.055,6/6/14,,,,,,,
11/7/14,4.9475,6/6/14,,,,,,,
11/10/14,5.005,6/6/14,,,,,,,
11/11/14,4.945,6/6/14,,,,,,,
11/12/14,4.9125,6/6/14,,,,,,,
11/13/14,4.8875,6/6/14,,,,,,,
11/14/14,4.9475,6/6/14,,,,,,,
11/17/14,4.925,6/6/14,,,,,,,
11/18/14,5.0425,6/6/14,,,,,,,
11/19/14,5.0025,6/6/14,,,,,,,
11/20/14,5.085,6/6/14,,,,,,,
11/21/14,5.1125,6/6/14,,,,,,,
11/24/14,5.145,6/6/14,,,,,,,
11/25/14,5.1425,6/6/14,,,,,,,
11/26/14,5.23,6/6/14,,,,,,,
11/28/14,5.2425,6/6/14,,,,,,,
12/1/14,5.145,6/6/14,,,,,,,
12/2/14,5.1525,6/6/14,,,,,,,
12/3/14,5.285,6/6/14,,,,,,,
12/4/14,5.2375,6/6/14,,,,,,,
12/5/14,5.2675,6/6/14,,,,,,,
12/8/14,5.2,6/6/14,,,,,,,
12/9/14,5.1825,6/6/14,,,,,,,
12/10/14,5.0675,6/6/14,,,,,,,
12/11/14,5.065,6/6/14,,,,,,,
12/12/14,4.9075,6/6/14,,,,,,,
12/15/14,4.8925,6/6/14,,,,,,,
12/16/14,4.8375,6/6/14,,,,,,,
12/17/14,5.035,6/6/14,,,,,,,
12/18/14,5.055,6/6/14,,,,,,,
12/19/14,5.105,6/6/14,,,,,,,
12/22/14,5.195,6/6/14,,,,,,,
12/23/14,5.1625,6/6/14,,,,,,,
12/24/14,5.1425,6/6/14,,,,,,,
12/26/14,5.1475,6/6/14,,,,,,,
12/29/14,5.14,6/6/14,,,,,,,
12/30/14,5.0925,6/6/14,,,,,,,
12/31/14,5.0125,6/6/14,,,,,,,
1/2/15,5.0325,1/2/15,,,,,,,
1/5/15,4.9475,1/2/15,,,,,,,
1/6/15,4.7975,1/2/15,,,,,,,
1/7/15,4.785,1/2/15,,,,,,,
1/8/15,4.965,1/2/15,,,,,,,
1/9/15,4.985,1/2/15,,,,,,,
1/12/15,4.9225,1/2/15,,,,,,,
1/13/15,4.915,1/2/15,,,,,,,
1/14/15,4.935,1/2/15,,,,,,,
1/15/15,4.9,1/2/15,,,,,,,
1/16/15,4.99,1/2/15,,,,,,,
1/20/15,5.005,1/2/15,,,,,,,
1/21/15,5.075,1/2/15,,,,,,,
1/22/15,5.1625,1/2/15,,,,,,,
1/23/15,5.1775,1/2/15,,,,,,,
1/26/15,5.155,1/2/15,,,,,,,
1/27/15,4.9075,1/2/15,,,,,,,
1/28/15,4.8275,1/2/15,,,,,,,
1/29/15,4.945,1/2/15,,,,,,,
1/30/15,4.8,1/2/15,,,,,,,
2/2/15,4.905,1/2/15,,,,,,,
2/3/15,5.0275,1/2/15,,,,,,,
2/4/15,5.04,1/2/15,,,,,,,
2/5/15,5.1225,1/2/15,,,,,,,
2/6/15,5.1,1/2/15,,,,,,,
2/9/15,5.095,1/2/15,,,,,,,
2/10/15,5.2375,1/2/15,,,,,,,
2/11/15,5.2025,1/2/15,,,,,,,
2/12/15,5.575,1/2/15,,,,,,,
2/13/15,5.5775,1/2/15,,,,,,,
2/17/15,5.595,1/2/15,,,,,,,
2/18/15,5.53,1/2/15,,,,,,,
2/19/15,5.545,1/2/15,,,,,,,
2/20/15,5.585,1/2/15,,,,,,,
2/23/15,5.54,1/2/15,,,,,,,
2/24/15,5.5775,1/2/15,,,,,,,
2/25/15,5.535,1/2/15,,,,,,,
2/26/15,5.55,1/2/15,,,,,,,
2/27/15,5.515,1/2/15,,,,,,,
3/2/15,5.65,1/2/15,,,,,,,
3/3/15,5.545,1/2/15,,,,,,,
3/4/15,5.6075,1/2/15,,,,,,,
3/5/15,5.715,1/2/15,,,,,,,
3/6/15,5.6375,1/2/15,,,,,,,
3/9/15,5.6525,1/2/15,,,,,,,
3/10/15,5.75,1/2/15,,,,,,,
3/11/15,5.72,1/2/15,,,,,,,
3/12/15,5.6675,1/2/15,,,,,,,
3/13/15,5.675,1/2/15,,,,,,,
3/16/15,5.7425,1/2/15,,,,,,,
3/17/15,5.8125,1/2/15,,,,,,,
3/18/15,5.7175,1/2/15,,,,,,,
3/19/15,5.805,1/2/15,,,,,,,
3/20/15,5.8675,1/2/15,,,,,,,
3/23/15,5.6775,1/2/15,,,,,,,
3/24/15,5.6,1/2/15,,,,,,,
3/25/15,5.26,1/2/15,,,,,,,
3/26/15,5.2425,1/2/15,,,,,,,
3/27/15,5.345,1/2/15,,,,,,,
3/30/15,5.3675,1/2/15,,,,,,,
3/31/15,5.2325,1/2/15,,,,,,,
4/1/15,5.2525,1/2/15,,,,,,,
4/2/15,5.265,1/2/15,,,,,,,
4/6/15,5.4175,1/2/15,,,,,,,
4/7/15,5.465,1/2/15,,,,,,,
4/8/15,5.505,1/2/15,,,,,,,
4/9/15,5.6325,1/2/15,,,,,,,
4/10/15,5.69,1/2/15,,,,,,,
4/13/15,5.6375,1/2/15,,,,,,,
4/14/15,5.59,1/2/15,,,,,,,
4/15/15,5.6575,1/2/15,,,,,,,
4/16/15,5.6225,1/2/15,,,,,,,
4/17/15,5.55,1/2/15,,,,,,,
4/20/15,5.5225,1/2/15,,,,,,,
4/21/15,5.515,1/2/15,,,,,,,
4/22/15,5.5775,1/2/15,,,,,,,
4/23/15,5.555,1/2/15,,,,,,,
4/24/15,5.5075,1/2/15,,,,,,,
4/27/15,5.55,1/2/15,,,,,,,
4/28/15,5.5775,1/2/15,,,,,,,
4/29/15,5.535,1/2/15,,,,,,,
4/30/15,5.55,1/2/15,,,,,,,
5/1/15,5.6875,1/2/15,,,,,,,
5/4/15,5.6525,1/2/15,,,,,,,
5/5/15,5.5075,1/2/15,,,,,,,
5/6/15,5.525,1/2/15,,,,,,,
5/7/15,5.6225,1/2/15,,,,,,,
5/8/15,5.2075,1/2/15,,,,,,,
5/11/15,5.1575,1/2/15,,,,,,,
5/12/15,5.2075,1/2/15,,,,,,,
5/13/15,5.2375,1/2/15,,,,,,,
5/14/15,5.3225,1/2/15,,,,,,,
5/15/15,5.325,1/2/15,,,,,,,
5/18/15,5.3175,1/2/15,,,,,,,
5/19/15,5.26,1/2/15,,,,,,,
5/20/15,5.26,1/2/15,,,,,,,
5/21/15,5.2225,1/2/15,,,,,,,
5/22/15,5.215,1/2/15,,,,,,,
5/26/15,5.1825,1/2/15,,,,,,,
5/27/15,5.46,1/2/15,,,,,,,
5/28/15,5.535,1/2/15,,,,,,,
5/29/15,5.5325,1/2/15,,,,,,,
6/1/15,5.595,1/2/15,,,,,,,
6/2/15,5.485,1/2/15,,,,,,,
6/3/15,5.425,1/2/15,,,,,,,
6/4/15,5.5225,1/2/15,,,,,,,
6/5/15,5.565,1/2/15,,,,,,,
6/8/15,5.4375,1/2/15,,,,,,,
6/9/15,5.465,1/2/15,,,,,,,
6/10/15,5.3675,1/2/15,,,,,,,
6/11/15,5.425,1/2/15,,,,,,,
6/12/15,5.2775,1/2/15,,,,,,,
6/15/15,5.2675,1/2/15,,,,,,,
6/16/15,5.3325,1/2/15,,,,,,,
6/17/15,5.395,1/2/15,,,,,,,
6/18/15,5.485,1/2/15,,,,,,,
6/19/15,5.4675,1/2/15,,,,,,,
6/22/15,5.445,1/2/15,,,,,,,
6/23/15,5.305,1/2/15,,,,,,,
6/24/15,5.2525,1/2/15,,,,,,,
6/25/15,5.2925,1/2/15,,,,,,,
6/26/15,5.185,1/2/15,,,,,,,
6/29/15,5.03,1/2/15,,,,,,,
6/30/15,5.0275,1/2/15,,,,,,,
7/1/15,5.1,1/2/15,,,,,,,
7/2/15,5.105,1/2/15,,,,,,,
7/6/15,5.0425,1/2/15,,,,,,,
7/7/15,4.9475,1/2/15,,,,,,,
7/8/15,4.9125,1/2/15,,,,,,,
7/9/15,4.8525,1/2/15,,,,,,,
7/10/15,4.9375,1/2/15,,,,,,,
7/13/15,4.97,1/2/15,,,,,,,
7/14/15,4.9725,1/2/15,,,,,,,
7/15/15,4.9375,1/2/15,,,,,,,
7/16/15,5.0475,1/2/15,,,,,,,
7/17/15,5.0175,1/2/15,,,,,,,
7/20/15,4.925,1/2/15,,,,,,,
7/21/15,4.9475,1/2/15,,,,,,,
7/22/15,4.8525,1/2/15,,,,,,,
7/23/15,4.9125,1/2/15,,,,,,,
7/24/15,4.855,1/2/15,,,,,,,
7/27/15,4.8275,1/2/15,,,,,,,
7/28/15,4.9325,1/2/15,,,,,,,
7/29/15,4.9925,1/2/15,,,,,,,
7/30/15,5.005,1/2/15,,,,,,,
7/31/15,4.9875,1/2/15,,,,,,,
8/3/15,5.0725,1/2/15,,,,,,,
8/4/15,5.0925,1/2/15,,,,,,,
8/5/15,5.145,1/2/15,,,,,,,
8/6/15,5.1125,1/2/15,,,,,,,
8/7/15,5.745,1/2/15,,,,,,,
8/10/15,5.945,1/2/15,,,,,,,
8/11/15,5.915,1/2/15,,,,,,,
8/12/15,5.93,1/2/15,,,,,,,
8/13/15,5.88,1/2/15,,,,,,,
8/14/15,5.885,1/2/15,,,,,,,
8/17/15,5.8475,1/2/15,,,,,,,
8/18/15,5.77,1/2/15,,,,,,,
8/19/15,5.7475,1/2/15,,,,,,,
8/20/15,5.54,1/2/15,,,,,,,
8/21/15,5.3675,1/2/15,,,,,,,
8/24/15,5.1775,1/2/15,,,,,,,
8/25/15,5.07,1/2/15,,,,,,,
8/26/15,5.4525,1/2/15,,,,,,,
8/27/15,5.6575,1/2/15,,,,,,,
8/28/15,5.6825,1/2/15,,,,,,,
8/31/15,5.62,1/2/15,,,,,,,
9/1/15,5.39,1/2/15,,,,,,,
9/2/15,5.5525,1/2/15,,,,,,,
9/3/15,5.5675,1/2/15,,,,,,,
9/4/15,5.4375,1/2/15,,,,,,,
9/8/15,5.67,1/2/15,,,,,,,
9/9/15,5.5575,1/2/15,,,,,,,
9/10/15,5.645,1/2/15,,,,,,,
9/11/15,5.6625,1/2/15,,,,,,,
9/14/15,5.6725,1/2/15,,,,,,,
9/15/15,5.735,1/2/15,,,,,,,
9/16/15,5.775,1/2/15,,,,,,,
9/17/15,5.8275,1/2/15,,,,,,,
9/18/15,5.8225,1/2/15,,,,,,,
9/21/15,5.8825,1/2/15,,,,,,,
9/22/15,5.7225,1/2/15,,,,,,,
9/23/15,5.75,1/2/15,,,,,,,
9/24/15,5.86,1/2/15,,,,,,,
9/25/15,5.9025,1/2/15,,,,,,,
9/28/15,5.825,1/2/15,,,,,,,
9/29/15,5.9275,1/2/15,,,,,,,
9/30/15,6.1625,1/2/15,,,,,,,
10/1/15,6.0425,1/2/15,,,,,,,
10/2/15,6.2,1/2/15,,,,,,,
10/5/15,6.355,1/2/15,,,,,,,
10/6/15,6.4375,1/2/15,,,,,,,
10/7/15,6.505,1/2/15,,,,,,,
10/8/15,6.5425,1/2/15,,,,,,,
10/9/15,6.5175,1/2/15,,,,,,,
10/12/15,6.5875,1/2/15,,,,,,,
10/13/15,6.6,1/2/15,,,,,,,
10/14/15,6.84,1/2/15,,,,,,,
10/15/15,6.8575,1/2/15,,,,,,,
10/16/15,6.965,1/2/15,,,,,,,
10/19/15,6.9525,1/2/15,,,,,,,
10/20/15,6.9425,1/2/15,,,,,,,
10/21/15,6.8525,1/2/15,,,,,,,
10/22/15,7.1,1/2/15,,,,,,,
10/23/15,7.1475,1/2/15,,,,,,,
10/26/15,7.115,1/2/15,,,,,,,
10/27/15,7.11,1/2/15,,,,,,,
10/28/15,7.1675,1/2/15,,,,,,,
10/29/15,6.92,1/2/15,,,,,,,
10/30/15,7.0925,1/2/15,,,,,,,
11/2/15,7.175,1/2/15,,,,,,,
11/3/15,7.125,1/2/15,,,,,,,
11/4/15,7.0075,1/2/15,,,,,,,
11/5/15,6.9275,1/2/15,,,,,,,
11/6/15,7.8875,1/2/15,,,,,,,
11/9/15,7.8525,1/2/15,,,,,,,
11/10/15,7.7025,1/2/15,,,,,,,
11/11/15,7.6275,1/2/15,,,,,,,
11/12/15,7.6,1/2/15,,,,,,,
11/13/15,7.45,1/2/15,,,,,,,
11/16/15,7.6,1/2/15,,,,,,,
11/17/15,7.6,1/2/15,,,,,,,
11/18/15,7.7575,1/2/15,,,,,,,
11/19/15,7.78,1/2/15,,,,,,,
11/20/15,7.8475,1/2/15,,,,,,,
11/23/15,7.73,1/2/15,,,,,,,
11/24/15,7.7925,1/2/15,,,,,,,
11/25/15,7.7825,1/2/15,,,,,,,
11/27/15,7.8475,1/2/15,,,,,,,
11/30/15,7.93,1/2/15,,,,,,,
12/1/15,8.1875,1/2/15,,,,,,,
12/2/15,8.125,1/2/15,,,,,,,
12/3/15,8.1075,1/2/15,,,,,,,
12/4/15,8.4375,1/2/15,,,,,,,
12/7/15,8.2775,1/2/15,,,,,,,
12/8/15,8.39,1/2/15,,,,,,,
12/9/15,8.1775,1/2/15,,,,,,,
12/10/15,8.245,1/2/15,,,,,,,
12/11/15,8.1225,1/2/15,,,,,,,
12/14/15,8.1425,1/2/15,,,,,,,
12/15/15,8.2425,1/2/15,,,,,,,
12/16/15,8.2925,1/2/15,,,,,,,
12/17/15,8.1675,1/2/15,,,,,,,
12/18/15,8.035,1/2/15,,,,,,,
12/21/15,8.225,1/2/15,,,,,,,
12/22/15,8.2325,1/2/15,,,,,,,
12/23/15,8.265,1/2/15,,,,,,,
12/24/15,8.2925,1/2/15,,,,,,,
12/28/15,8.285,1/2/15,,,,,,,
12/29/15,8.42,1/2/15,,,,,,,
12/30/15,8.3475,1/2/15,,,,,,,
12/31/15,8.24,1/2/15,,,,,,,
1/4/16,8.0925,1/4/16,,,,,,,
1/5/16,8.2225,1/4/16,,,,,,,
1/6/16,7.8825,1/4/16,,,,,,,
1/7/16,7.57,1/4/16,,,,,,,
1/8/16,7.4075,1/4/16,,,,,,,
1/11/16,7.42,1/4/16,,,,,,,
1/12/16,7.545,1/4/16,,,,,,,
1/13/16,7.315,1/4/16,,,,,,,
1/14/16,7.1675,1/4/16,,,,,,,
1/15/16,6.7775,1/4/16,,,,,,,
1/19/16,6.8325,1/4/16,,,,,,,
1/20/16,6.87,1/4/16,,,,,,,
1/21/16,6.95,1/4/16,,,,,,,
1/22/16,7.1125,1/4/16,,,,,,,
1/25/16,7.105,1/4/16,,,,,,,
1/26/16,7.175,1/4/16,,,,,,,
1/27/16,7.09,1/4/16,,,,,,,
1/28/16,7.0125,1/4/16,,,,,,,
1/29/16,7.3225,1/4/16,,,,,,,
2/1/16,7.325,1/4/16,,,,,,,
2/2/16,7.015,1/4/16,,,,,,,
2/3/16,7.05,1/4/16,,,,,,,
2/4/16,7.0525,1/4/16,,,,,,,
2/5/16,6.6075,1/4/16,,,,,,,
2/8/16,6.305,1/4/16,,,,,,,
2/9/16,6.3725,1/4/16,,,,,,,
2/10/16,6.3575,1/4/16,,,,,,,
2/11/16,6.325,1/4/16,,,,,,,
2/12/16,6.4325,1/4/16,,,,,,,
2/16/16,6.7475,1/4/16,,,,,,,
2/17/16,6.915,1/4/16,,,,,,,
2/18/16,7.51,1/4/16,,,,,,,
2/19/16,7.61,1/4/16,,,,,,,
2/22/16,7.88,1/4/16,,,,,,,
2/23/16,7.9,1/4/16,,,,,,,
2/24/16,7.955,1/4/16,,,,,,,
2/25/16,7.9725,1/4/16,,,,,,,
2/26/16,7.92,1/4/16,,,,,,,
2/29/16,7.84,1/4/16,,,,,,,
3/1/16,8.1875,1/4/16,,,,,,,
3/2/16,8.235,1/4/16,,,,,,,
3/3/16,8.1625,1/4/16,,,,,,,
3/4/16,8.1375,1/4/16,,,,,,,
3/7/16,8.085,1/4/16,,,,,,,
3/8/16,7.9375,1/4/16,,,,,,,
3/9/16,7.9325,1/4/16,,,,,,,
3/10/16,7.92,1/4/16,,,,,,,
3/11/16,8.055,1/4/16,,,,,,,
3/14/16,8.075,1/4/16,,,,,,,
3/15/16,8.035,1/4/16,,,,,,,
3/16/16,8.275,1/4/16,,,,,,,
3/17/16,8.205,1/4/16,,,,,,,
3/18/16,8.4525,1/4/16,,,,,,,
3/21/16,8.4775,1/4/16,,,,,,,
3/22/16,8.4625,1/4/16,,,,,,,
3/23/16,8.6075,1/4/16,,,,,,,
3/24/16,8.62,1/4/16,,,,,,,
3/28/16,8.7075,1/4/16,,,,,,,
3/29/16,8.8475,1/4/16,,,,,,,
3/30/16,8.94,1/4/16,,,,,,,
3/31/16,8.9075,1/4/16,,,,,,,
4/1/16,9.0375,1/4/16,,,,,,,
4/4/16,8.95,1/4/16,,,,,,,
4/5/16,8.9375,1/4/16,,,,,,,
4/6/16,8.95,1/4/16,,,,,,,
4/7/16,8.8575,1/4/16,,,,,,,
4/8/16,8.915,1/4/16,,,,,,,
4/11/16,8.97,1/4/16,,,,,,,
4/12/16,8.96,1/4/16,,,,,,,
4/13/16,9.185,1/4/16,,,,,,,
4/14/16,9.21,1/4/16,,,,,,,
4/15/16,9.2825,1/4/16,,,,,,,
4/18/16,9.2425,1/4/16,,,,,,,
4/19/16,9.0775,1/4/16,,,,,,,
4/20/16,9.1125,1/4/16,,,,,,,
4/21/16,9.1025,1/4/16,,,,,,,
4/22/16,9.0675,1/4/16,,,,,,,
4/25/16,9.1125,1/4/16,,,,,,,
4/26/16,9.12,1/4/16,,,,,,,
4/27/16,9.3275,1/4/16,,,,,,,
4/28/16,9.05,1/4/16,,,,,,,
4/29/16,8.8825,1/4/16,,,,,,,
5/2/16,9,1/4/16,,,,,,,
5/3/16,8.8925,1/4/16,,,,,,,
5/4/16,8.69,1/4/16,,,,,,,
5/5/16,8.7425,1/4/16,,,,,,,
5/6/16,8.8325,1/4/16,,,,,,,
5/9/16,8.82,1/4/16,,,,,,,
5/10/16,8.99,1/4/16,,,,,,,
5/11/16,9.015,1/4/16,,,,,,,
5/12/16,8.8925,1/4/16,,,,,,,
5/13/16,10.245,1/4/16,,,,,,,
5/16/16,10.5475,1/4/16,,,,,,,
5/17/16,10.57,1/4/16,,,,,,,
5/18/16,10.84,1/4/16,,,,,,,
5/19/16,10.8875,1/4/16,,,,,,,
5/20/16,11.0825,1/4/16,,,,,,,
5/23/16,11.1,1/4/16,,,,,,,
5/24/16,11.34,1/4/16,,,,,,,
5/25/16,11.2925,1/4/16,,,,,,,
5/26/16,11.4125,1/4/16,,,,,,,
5/27/16,11.475,1/4/16,,,,,,,
5/31/16,11.68,1/4/16,,,,,,,
6/1/16,11.7025,1/4/16,,,,,,,
6/2/16,11.785,1/4/16,,,,,,,
6/3/16,11.62,1/4/16,,,,,,,
6/6/16,11.56,1/4/16,,,,,,,
6/7/16,11.5825,1/4/16,,,,,,,
6/8/16,11.545,1/4/16,,,,,,,
6/9/16,11.845,1/4/16,,,,,,,
6/10/16,11.55,1/4/16,,,,,,,
6/13/16,11.6975,1/4/16,,,,,,,
6/14/16,11.72,1/4/16,,,,,,,
6/15/16,11.84,1/4/16,,,,,,,
6/16/16,11.8875,1/4/16,,,,,,,
6/17/16,11.68,1/4/16,,,,,,,
6/20/16,11.89,1/4/16,,,,,,,
6/21/16,11.8175,1/4/16,,,,,,,
6/22/16,11.8075,1/4/16,,,,,,,
6/23/16,12.1225,1/4/16,,,,,,,
6/24/16,11.4325,1/4/16,,,,,,,
6/27/16,11.31,1/4/16,,,,,,,
6/28/16,11.475,1/4/16,,,,,,,
6/29/16,11.6625,1/4/16,,,,,,,
6/30/16,11.7525,1/4/16,,,,,,,
7/1/16,11.665,1/4/16,,,,,,,
7/5/16,11.8375,1/4/16,,,,,,,
7/6/16,11.9125,1/4/16,,,,,,,
7/7/16,12.2225,1/4/16,,,,,,,
7/8/16,12.7125,1/4/16,,,,,,,
7/11/16,13.005,1/4/16,,,,,,,
7/12/16,13.2,1/4/16,,,,,,,
7/13/16,13.195,1/4/16,,,,,,,
7/14/16,13.33,1/4/16,,,,,,,
7/15/16,13.175,1/4/16,,,,,,,
7/18/16,13.2425,1/4/16,,,,,,,
7/19/16,13.38,1/4/16,,,,,,,
7/20/16,13.555,1/4/16,,,,,,,
7/21/16,13.305,1/4/16,,,,,,,
7/22/16,13.6675,1/4/16,,,,,,,
7/25/16,13.92,1/4/16,,,,,,,
7/26/16,14.1575,1/4/16,,,,,,,
7/27/16,14.015,1/4/16,,,,,,,
7/28/16,14.045,1/4/16,,,,,,,
7/29/16,14.275,1/4/16,,,,,,,
8/1/16,14.1825,1/4/16,,,,,,,
8/2/16,14.01,1/4/16,,,,,,,
8/3/16,14.0475,1/4/16,,,,,,,
8/4/16,14.3075,1/4/16,,,,,,,
8/5/16,14.55,1/4/16,,,,,,,
8/8/16,14.685,1/4/16,,,,,,,
8/9/16,14.7225,1/4/16,,,,,,,
8/10/16,14.6275,1/4/16,,,,,,,
8/11/16,14.925,1/4/16,,,,,,,
8/12/16,15.76,1/4/16,,,,,,,
8/15/16,15.745,1/4/16,,,,,,,
8/16/16,15.65,1/4/16,,,,,,,
8/17/16,15.2875,1/4/16,,,,,,,
8/18/16,15.525,1/4/16,,,,,,,
8/19/16,15.565,1/4/16,,,,,,,
8/22/16,15.63,1/4/16,,,,,,,
8/23/16,15.7275,1/4/16,,,,,,,
8/24/16,15.485,1/4/16,,,,,,,
8/25/16,15.3825,1/4/16,,,,,,,
8/26/16,15.5075,1/4/16,,,,,,,
8/29/16,15.4975,1/4/16,,,,,,,
8/30/16,15.4075,1/4/16,,,,,,,
8/31/16,15.335,1/4/16,,,,,,,
9/1/16,15.7875,1/4/16,,,,,,,
9/2/16,15.6325,1/4/16,,,,,,,
9/6/16,15.78,1/4/16,,,,,,,
9/7/16,15.5475,1/4/16,,,,,,,
9/8/16,15.66,1/4/16,,,,,,,
9/9/16,14.88,1/4/16,,,,,,,
9/12/16,15.1875,1/4/16,,,,,,,
9/13/16,14.9675,1/4/16,,,,,,,
9/14/16,15.1,1/4/16,,,,,,,
9/15/16,15.6725,1/4/16,,,,,,,
9/16/16,15.71,1/4/16,,,,,,,
9/19/16,15.9175,1/4/16,,,,,,,
9/20/16,15.7725,1/4/16,,,,,,,
9/21/16,16.215,1/4/16,,,,,,,
9/22/16,16.254999,1/4/16,,,,,,,
9/23/16,16.237499,1/4/16,,,,,,,
9/26/16,16.084999,1/4/16,,,,,,,
9/27/16,16.635,1/4/16,,,,,,,
9/28/16,16.695,1/4/16,,,,,,,
9/29/16,16.85,1/4/16,,,,,,,
9/30/16,17.129999,1/4/16,,,,,,,
10/3/16,17.112499,1/4/16,,,,,,,
10/4/16,17.075001,1/4/16,,,,,,,
10/5/16,17.057501,1/4/16,,,,,,,
10/6/16,16.834999,1/4/16,,,,,,,
10/7/16,16.7125,1/4/16,,,,,,,
10/10/16,16.775,1/4/16,,,,,,,
10/11/16,16.532499,1/4/16,,,,,,,
10/12/16,16.6075,1/4/16,,,,,,,
10/13/16,16.3375,1/4/16,,,,,,,
10/14/16,16.497499,1/4/16,,,,,,,
10/17/16,16.4025,1/4/16,,,,,,,
10/18/16,16.6525,1/4/16,,,,,,,
10/19/16,16.6175,1/4/16,,,,,,,
10/20/16,16.932501,1/4/16,,,,,,,
10/21/16,16.885,1/4/16,,,,,,,
10/24/16,17.6775,1/4/16,,,,,,,
10/25/16,17.967501,1/4/16,,,,,,,
10/26/16,18.040001,1/4/16,,,,,,,
10/27/16,17.67,1/4/16,,,,,,,
10/28/16,17.639999,1/4/16,,,,,,,
10/31/16,17.790001,1/4/16,,,,,,,
11/1/16,17.262501,1/4/16,,,,,,,
11/2/16,17.190001,1/4/16,,,,,,,
11/3/16,16.99,1/4/16,,,,,,,
11/4/16,16.8925,1/4/16,,,,,,,
11/7/16,17.817499,1/4/16,,,,,,,
11/8/16,17.790001,1/4/16,,,,,,,
11/9/16,17.49,1/4/16,,,,,,,
11/10/16,16.942499,1/4/16,,,,,,,
11/11/16,21.9925,1/4/16,,,,,,,
11/14/16,20.91,1/4/16,,,,,,,
11/15/16,21.547501,1/4/16,,,,,,,
11/16/16,22.907499,1/4/16,,,,,,,
11/17/16,23.0975,1/4/16,,,,,,,
11/18/16,23.34,1/4/16,,,,,,,
11/21/16,23.245001,1/4/16,,,,,,,
11/22/16,23.4125,1/4/16,,,,,,,
11/23/16,23.4925,1/4/16,,,,,,,
11/25/16,23.540001,1/4/16,,,,,,,
11/28/16,23.5275,1/4/16,,,,,,,
11/29/16,23.3125,1/4/16,,,,,,,
11/30/16,23.049999,1/4/16,,,,,,,
12/1/16,21.91,1/4/16,,,,,,,
12/2/16,22.112499,1/4/16,,,,,,,
12/5/16,22.969999,1/4/16,,,,,,,
12/6/16,23.3475,1/4/16,,,,,,,
12/7/16,23.7675,1/4/16,,,,,,,
12/8/16,23.370001,1/4/16,,,,,,,
12/9/16,22.955,1/4/16,,,,,,,
12/12/16,22.397499,1/4/16,,,,,,,
12/13/16,22.7925,1/4/16,,,,,,,
12/14/16,24.112499,1/4/16,,,,,,,
12/15/16,24.6775,1/4/16,,,,,,,
12/16/16,25.102501,1/4/16,,,,,,,
12/19/16,25.407499,1/4/16,,,,,,,
12/20/16,26.2925,1/4/16,,,,,,,
12/21/16,26.4575,1/4/16,,,,,,,
12/22/16,26.7775,1/4/16,,,,,,,
12/23/16,27.445,1/4/16,,,,,,,
12/27/16,29.33,1/4/16,,,,,,,
12/28/16,27.3125,1/4/16,,,,,,,
12/29/16,27.8575,1/4/16,,,,,,,
12/30/16,26.684999,1/4/16,,,,,,,
1/3/17,25.502501,1/3/17,,,,,,,
1/4/17,26.0975,1/3/17,,,,,,,
1/5/17,25.434999,1/3/17,,,,,,,
1/6/17,25.775,1/3/17,,,,,,,
1/9/17,26.82,1/3/17,,,,,,,
1/10/17,26.6175,1/3/17,,,,,,,
1/11/17,26.290001,1/3/17,,,,,,,
1/12/17,25.860001,1/3/17,,,,,,,
1/13/17,25.8575,1/3/17,,,,,,,
1/17/17,25.2775,1/3/17,,,,,,,
1/18/17,25.737499,1/3/17,,,,,,,
1/19/17,26.290001,1/3/17,,,,,,,
1/20/17,26.002501,1/3/17,,,,,,,
1/23/17,26.272499,1/3/17,,,,,,,
1/24/17,26.8325,1/3/17,,,,,,,
1/25/17,26.9475,1/3/17,,,,,,,
1/26/17,27.4125,1/3/17,,,,,,,
1/27/17,27.942499,1/3/17,,,,,,,
1/30/17,27.504999,1/3/17,,,,,,,
1/31/17,27.295,1/3/17,,,,,,,
2/1/17,28.487499,1/3/17,,,,,,,
2/2/17,28.8475,1/3/17,,,,,,,
2/3/17,28.594999,1/3/17,,,,,,,
2/6/17,29.327499,1/3/17,,,,,,,
2/7/17,29.782499,1/3/17,,,,,,,
2/8/17,29.6525,1/3/17,,,,,,,
2/9/17,29.094999,1/3/17,,,,,,,
2/10/17,28.405001,1/3/17,,,,,,,
2/13/17,27.094999,1/3/17,,,,,,,
2/14/17,27.195,1/3/17,,,,,,,
2/15/17,27.25,1/3/17,,,,,,,
2/16/17,26.8125,1/3/17,,,,,,,
2/17/17,26.807501,1/3/17,,,,,,,
2/21/17,27.7675,1/3/17,,,,,,,
2/22/17,27.690001,1/3/17,,,,,,,
2/23/17,25.122499,1/3/17,,,,,,,
2/24/17,25.365,1/3/17,,,,,,,
2/27/17,26.102501,1/3/17,,,,,,,
2/28/17,25.370001,1/3/17,,,,,,,
3/1/17,25.6975,1/3/17,,,,,,,
3/2/17,24.75,1/3/17,,,,,,,
3/3/17,24.6075,1/3/17,,,,,,,
3/6/17,24.4175,1/3/17,,,,,,,
3/7/17,24.684999,1/3/17,,,,,,,
3/8/17,24.639999,1/3/17,,,,,,,
3/9/17,24.635,1/3/17,,,,,,,
3/10/17,24.780001,1/3/17,,,,,,,
3/13/17,25.4625,1/3/17,,,,,,,
3/14/17,25.445,1/3/17,,,,,,,
3/15/17,25.637501,1/3/17,,,,,,,
3/16/17,25.952499,1/3/17,,,,,,,
3/17/17,26.5175,1/3/17,,,,,,,
3/20/17,27.362499,1/3/17,,,,,,,
3/21/17,26.477501,1/3/17,,,,,,,
3/22/17,27.0175,1/3/17,,,,,,,
3/23/17,26.772499,1/3/17,,,,,,,
3/24/17,26.8675,1/3/17,,,,,,,
3/27/17,27.0625,1/3/17,,,,,,,
3/28/17,26.922501,1/3/17,,,,,,,
3/29/17,26.834999,1/3/17,,,,,,,
3/30/17,27.35,1/3/17,,,,,,,
3/31/17,27.2325,1/3/17,,,,,,,
4/3/17,27.094999,1/3/17,,,,,,,
4/4/17,25.195,1/3/17,,,,,,,
4/5/17,25.0075,1/3/17,,,,,,,
4/6/17,25.190001,1/3/17,,,,,,,
4/7/17,25.0825,1/3/17,,,,,,,
4/10/17,24.442499,1/3/17,,,,,,,
4/11/17,24.530001,1/3/17,,,,,,,
4/12/17,24.327499,1/3/17,,,,,,,
4/13/17,23.872499,1/3/17,,,,,,,
4/17/17,24.807501,1/3/17,,,,,,,
4/18/17,24.8225,1/3/17,,,,,,,
4/19/17,24.92,1/3/17,,,,,,,
4/20/17,25.315001,1/3/17,,,,,,,
4/21/17,25.42,1/3/17,,,,,,,
4/24/17,25.737499,1/3/17,,,,,,,
4/25/17,26.184999,1/3/17,,,,,,,
4/26/17,26.004999,1/3/17,,,,,,,
4/27/17,26.41,1/3/17,,,,,,,
4/28/17,26.075001,1/3/17,,,,,,,
5/1/17,26.66,1/3/17,,,,,,,
5/2/17,25.870001,1/3/17,,,,,,,
5/3/17,26.0625,1/3/17,,,,,,,
5/4/17,25.9625,1/3/17,,,,,,,
5/5/17,25.965,1/3/17,,,,,,,
5/8/17,25.692499,1/3/17,,,,,,,
5/9/17,25.735001,1/3/17,,,,,,,
5/10/17,30.3225,1/3/17,,,,,,,
5/11/17,31.625,1/3/17,,,,,,,
5/12/17,31.9725,1/3/17,,,,,,,
5/15/17,33.577499,1/3/17,,,,,,,
5/16/17,34.202499,1/3/17,,,,,,,
5/17/17,31.93,1/3/17,,,,,,,
5/18/17,33.267502,1/3/17,,,,,,,
5/19/17,34,1/3/17,,,,,,,
5/22/17,34.724998,1/3/17,,,,,,,
5/23/17,34.2575,1/3/17,,,,,,,
5/24/17,34.642502,1/3/17,,,,,,,
5/25/17,34.564999,1/3/17,,,,,,,
5/26/17,35.459999,1/3/17,,,,,,,
5/30/17,36.217499,1/3/17,,,,,,,
5/31/17,36.087502,1/3/17,,,,,,,
6/1/17,36.09,1/3/17,,,,,,,
6/2/17,35.91,1/3/17,,,,,,,
6/5/17,37.002499,1/3/17,,,,,,,
6/6/17,36.834999,1/3/17,,,,,,,
6/7/17,37.279999,1/3/17,,,,,,,
6/8/17,39.985001,1/3/17,,,,,,,
6/9/17,37.400002,1/3/17,,,,,,,
6/12/17,37.4925,1/3/17,,,,,,,
6/13/17,37.849998,1/3/17,,,,,,,
6/14/17,37.93,1/3/17,,,,,,,
6/15/17,38.092499,1/3/17,,,,,,,
6/16/17,37.904999,1/3/17,,,,,,,
6/19/17,39.330002,1/3/17,,,,,,,
6/20/17,39.272499,1/3/17,,,,,,,
6/21/17,39.8675,1/3/17,,,,,,,
6/22/17,39.592499,1/3/17,,,,,,,
6/23/17,38.4575,1/3/17,,,,,,,
6/26/17,38.037498,1/3/17,,,,,,,
6/27/17,36.645,1/3/17,,,,,,,
6/28/17,37.9375,1/3/17,,,,,,,
6/29/17,36.669998,1/3/17,,,,,,,
6/30/17,36.139999,1/3/17,,,,,,,
7/3/17,34.8325,1/3/17,,,,,,,
7/5/17,35.762501,1/3/17,,,,,,,
7/6/17,35.869999,1/3/17,,,,,,,
7/7/17,36.689999,1/3/17,,,,,,,
7/10/17,38.424999,1/3/17,,,,,,,
7/11/17,38.970001,1/3/17,,,,,,,
7/12/17,40.627499,1/3/17,,,,,,,
7/13/17,40.157501,1/3/17,,,,,,,
7/14/17,41.237499,1/3/17,,,,,,,
7/17/17,41.0625,1/3/17,,,,,,,
7/18/17,41.490002,1/3/17,,,,,,,
7/19/17,41.275002,1/3/17,,,,,,,
7/20/17,41.875,1/3/17,,,,,,,
7/21/17,42.025002,1/3/17,,,,,,,
7/24/17,41.537498,1/3/17,,,,,,,
7/25/17,41.337502,1/3/17,,,,,,,
7/26/17,41.814999,1/3/17,,,,,,,
7/27/17,40.435001,1/3/17,,,,,,,
7/28/17,41.0975,1/3/17,,,,,,,
7/31/17,40.627499,1/3/17,,,,,,,
8/1/17,41.122501,1/3/17,,,,,,,
8/2/17,41.0975,1/3/17,,,,,,,
8/3/17,41.619999,1/3/17,,,,,,,
8/4/17,41.802502,1/3/17,,,,,,,
8/7/17,43.087502,1/3/17,,,,,,,
8/8/17,42.575001,1/3/17,,,,,,,
8/9/17,43.0275,1/3/17,,,,,,,
8/10/17,41.185001,1/3/17,,,,,,,
8/11/17,38.990002,1/3/17,,,,,,,
8/14/17,42.099998,1/3/17,,,,,,,
8/15/17,41.744999,1/3/17,,,,,,,
8/16/17,41.287498,1/3/17,,,,,,,
8/17/17,40.3675,1/3/17,,,,,,,
8/18/17,40.375,1/3/17,,,,,,,
8/21/17,39.787498,1/3/17,,,,,,,
8/22/17,40.637501,1/3/17,,,,,,,
8/23/17,41.450001,1/3/17,,,,,,,
8/24/17,41.297501,1/3/17,,,,,,,
8/25/17,40.952499,1/3/17,,,,,,,
8/28/17,41.2425,1/3/17,,,,,,,
8/29/17,41.174999,1/3/17,,,,,,,
8/30/17,41.419998,1/3/17,,,,,,,
8/31/17,42.360001,1/3/17,,,,,,,
9/1/17,42.615002,1/3/17,,,,,,,
9/5/17,41.477501,1/3/17,,,,,,,
9/6/17,41.452499,1/3/17,,,,,,,
9/7/17,41.645,1/3/17,,,,,,,
9/8/17,40.922501,1/3/17,,,,,,,
9/11/17,42.25,1/3/17,,,,,,,
9/12/17,42.4025,1/3/17,,,,,,,
9/13/17,42.592499,1/3/17,,,,,,,
9/14/17,42.349998,1/3/17,,,,,,,
9/15/17,45.0275,1/3/17,,,,,,,
9/18/17,46.887501,1/3/17,,,,,,,
9/19/17,46.837502,1/3/17,,,,,,,
9/20/17,46.459999,1/3/17,,,,,,,
9/21/17,45.189999,1/3/17,,,,,,,
9/22/17,44.75,1/3/17,,,,,,,
9/25/17,42.75,1/3/17,,,,,,,
9/26/17,42.990002,1/3/17,,,,,,,
9/27/17,43.932499,1/3/17,,,,,,,
9/28/17,43.919998,1/3/17,,,,,,,
9/29/17,44.692501,1/3/17,,,,,,,
10/2/17,44.75,1/3/17,,,,,,,
10/3/17,44.842499,1/3/17,,,,,,,
10/4/17,45.217499,1/3/17,,,,,,,
10/5/17,45.192501,1/3/17,,,,,,,
10/6/17,45.325001,1/3/17,,,,,,,
10/9/17,46.3475,1/3/17,,,,,,,
10/10/17,47.232498,1/3/17,,,,,,,
10/11/17,47.735001,1/3/17,,,,,,,
10/12/17,47.7575,1/3/17,,,,,,,
10/13/17,48.647499,1/3/17,,,,,,,
10/16/17,49.482498,1/3/17,,,,,,,
10/17/17,49.4375,1/3/17,,,,,,,
10/18/17,49.395,1/3/17,,,,,,,
10/19/17,49.450001,1/3/17,,,,,,,
10/20/17,49.224998,1/3/17,,,,,,,
10/23/17,49.154999,1/3/17,,,,,,,
10/24/17,49.669998,1/3/17,,,,,,,
10/25/17,48.415001,1/3/17,,,,,,,
10/26/17,48.922501,1/3/17,,,,,,,
10/27/17,50.465,1/3/17,,,,,,,
10/30/17,50.959999,1/3/17,,,,,,,
10/31/17,51.702499,1/3/17,,,,,,,
11/1/17,51.799999,1/3/17,,,,,,,
11/2/17,51.485001,1/3/17,,,,,,,
11/3/17,52.172501,1/3/17,,,,,,,
11/6/17,52.407501,1/3/17,,,,,,,
11/7/17,53.0075,1/3/17,,,,,,,
11/8/17,52.290001,1/3/17,,,,,,,
11/9/17,51.330002,1/3/17,,,,,,,
11/10/17,54.035,1/3/17,,,,,,,
11/13/17,53.157501,1/3/17,,,,,,,
11/14/17,53.544998,1/3/17,,,,,,,
11/15/17,52.494999,1/3/17,,,,,,,
11/16/17,52.9025,1/3/17,,,,,,,
11/17/17,52.84,1/3/17,,,,,,,
11/20/17,53.52,1/3/17,,,,,,,
11/21/17,54.012501,1/3/17,,,,,,,
11/22/17,53.732498,1/3/17,,,,,,,
11/24/17,54.240002,1/3/17,,,,,,,
11/27/17,53.535,1/3/17,,,,,,,
11/28/17,52.677502,1/3/17,,,,,,,
11/29/17,49.105,1/3/17,,,,,,,
11/30/17,50.177502,1/3/17,,,,,,,
12/1/17,49.419998,1/3/17,,,,,,,
12/4/17,46.665001,1/3/17,,,,,,,
12/5/17,46.935001,1/3/17,,,,,,,
12/6/17,47.314999,1/3/17,,,,,,,
12/7/17,47.997501,1/3/17,,,,,,,
12/8/17,47.872501,1/3/17,,,,,,,
12/11/17,48.665001,1/3/17,,,,,,,
12/12/17,47.709999,1/3/17,,,,,,,
12/13/17,46.544998,1/3/17,,,,,,,
12/14/17,46.6175,1/3/17,,,,,,,
12/15/17,47.889999,1/3/17,,,,,,,
12/18/17,49.474998,1/3/17,,,,,,,
12/19/17,49.0275,1/3/17,,,,,,,
12/20/17,49.200001,1/3/17,,,,,,,
12/21/17,48.9725,1/3/17,,,,,,,
12/22/17,48.817501,1/3/17,,,,,,,
12/26/17,49.360001,1/3/17,,,,,,,
12/27/17,49.2925,1/3/17,,,,,,,
12/28/17,49.349998,1/3/17,,,,,,,
12/29/17,48.375,1/3/17,,,,,,,
1/2/18,49.837502,1/2/18,,,,,,,
1/3/18,53.1175,1/2/18,,,,,,,
1/4/18,53.397499,1/2/18,,,,,,,
1/5/18,53.849998,1/2/18,,,,,,,
1/8/18,55.5,1/2/18,,,,,,,
1/9/18,55.485001,1/2/18,,,,,,,
1/10/18,55.919998,1/2/18,,,,,,,
1/11/18,56.02,1/2/18,,,,,,,
1/12/18,55.744999,1/2/18,,,,,,,
1/16/18,55.0275,1/2/18,,,,,,,
1/17/18,56.18,1/2/18,,,,,,,
1/18/18,56.110001,1/2/18,,,,,,,
1/19/18,57.5275,1/2/18,,,,,,,
1/22/18,58.422501,1/2/18,,,,,,,
1/23/18,59.727501,1/2/18,,,,,,,
1/24/18,58.950001,1/2/18,,,,,,,
1/25/18,59.087502,1/2/18,,,,,,,
1/26/18,60.8325,1/2/18,,,,,,,
1/29/18,61.712502,1/2/18,,,,,,,
1/30/18,60.68,1/2/18,,,,,,,
1/31/18,61.450001,1/2/18,,,,,,,
2/1/18,60.125,1/2/18,,,,,,,
2/2/18,58.380001,1/2/18,,,,,,,
2/5/18,53.424999,1/2/18,,,,,,,
2/6/18,56.395,1/2/18,,,,,,,
2/7/18,57.200001,1/2/18,,,,,,,
2/8/18,54.380001,1/2/18,,,,,,,
2/9/18,58.02,1/2/18,,,,,,,
2/12/18,57.0075,1/2/18,,,,,,,
2/13/18,58.157501,1/2/18,,,,,,,
2/14/18,60.355,1/2/18,,,,,,,
2/15/18,61.625,1/2/18,,,,,,,
2/16/18,60.959999,1/2/18,,,,,,,
2/20/18,62.27,1/2/18,,,,,,,
2/21/18,60.377499,1/2/18,,,,,,,
2/22/18,60.537498,1/2/18,,,,,,,
2/23/18,61.482498,1/2/18,,,,,,,
2/26/18,61.645,1/2/18,,,,,,,
2/27/18,61.514999,1/2/18,,,,,,,
2/28/18,60.5,1/2/18,,,,,,,
3/1/18,58.052502,1/2/18,,,,,,,
3/2/18,59.134998,1/2/18,,,,,,,
3/5/18,58.912498,1/2/18,,,,,,,
3/6/18,60.540001,1/2/18,,,,,,,
3/7/18,60.459999,1/2/18,,,,,,,
3/8/18,60.294998,1/2/18,,,,,,,
3/9/18,61.3325,1/2/18,,,,,,,
3/12/18,62.439999,1/2/18,,,,,,,
3/13/18,61.927502,1/2/18,,,,,,,
3/14/18,62.185001,1/2/18,,,,,,,
3/15/18,62.334999,1/2/18,,,,,,,
3/16/18,62.619999,1/2/18,,,,,,,
3/19/18,60.25,1/2/18,,,,,,,
3/20/18,62.395,1/2/18,,,,,,,
3/21/18,62.139999,1/2/18,,,,,,,
3/22/18,60.462502,1/2/18,,,,,,,
3/23/18,58.2425,1/2/18,,,,,,,
3/26/18,61.119999,1/2/18,,,,,,,
3/27/18,56.380001,1/2/18,,,,,,,
3/28/18,55.337502,1/2/18,,,,,,,
3/29/18,57.897499,1/2/18,,,,,,,
4/2/18,55.262501,1/2/18,,,,,,,
4/3/18,56.337502,1/2/18,,,,,,,
4/4/18,56.560001,1/2/18,,,,,,,
4/5/18,55.345001,1/2/18,,,,,,,
4/6/18,53.5625,1/2/18,,,,,,,
4/9/18,53.852501,1/2/18,,,,,,,
4/10/18,56.977501,1/2/18,,,,,,,
4/11/18,56.560001,1/2/18,,,,,,,
4/12/18,58.650002,1/2/18,,,,,,,
4/13/18,57.875,1/2/18,,,,,,,
4/16/18,57.872501,1/2/18,,,,,,,
4/17/18,59.384998,1/2/18,,,,,,,
4/18/18,59.092499,1/2/18,,,,,,,
4/19/18,57.259998,1/2/18,,,,,,,
4/20/18,57.177502,1/2/18,,,,,,,
4/23/18,55.970001,1/2/18,,,,,,,
4/24/18,55.299999,1/2/18,,,,,,,
4/25/18,54.165001,1/2/18,,,,,,,
4/26/18,56.305,1/2/18,,,,,,,
4/27/18,56.5825,1/2/18,,,,,,,
4/30/18,56.224998,1/2/18,,,,,,,
5/1/18,56.785,1/2/18,,,,,,,
5/2/18,56.577499,1/2/18,,,,,,,
5/3/18,58.247501,1/2/18,,,,,,,
5/4/18,59.764999,1/2/18,,,,,,,
5/7/18,62.169998,1/2/18,,,,,,,
5/8/18,62.599998,1/2/18,,,,,,,
5/9/18,63.945,1/2/18,,,,,,,
5/10/18,65.032501,1/2/18,,,,,,,
5/11/18,63.6325,1/2/18,,,,,,,
5/14/18,63.84,1/2/18,,,,,,,
5/15/18,61.389999,1/2/18,,,,,,,
5/16/18,61.502499,1/2/18,,,,,,,
5/17/18,61.927502,1/2/18,,,,,,,
5/18/18,61.485001,1/2/18,,,,,,,
5/21/18,61.060001,1/2/18,,,,,,,
5/22/18,60.674999,1/2/18,,,,,,,
5/23/18,61.884998,1/2/18,,,,,,,
5/24/18,61.922501,1/2/18,,,,,,,
5/25/18,62.32,1/2/18,,,,,,,
5/29/18,62.147499,1/2/18,,,,,,,
5/30/18,63.247501,1/2/18,,,,,,,
5/31/18,63.047501,1/2/18,,,,,,,
6/1/18,64.404999,1/2/18,,,,,,,
6/4/18,66.212502,1/2/18,,,,,,,
6/5/18,66.267502,1/2/18,,,,,,,
6/6/18,66.287498,1/2/18,,,,,,,
6/7/18,65.724998,1/2/18,,,,,,,
6/8/18,65.57,1/2/18,,,,,,,
6/11/18,65.154999,1/2/18,,,,,,,
6/12/18,65.644997,1/2/18,,,,,,,
6/13/18,65.599998,1/2/18,,,,,,,
6/14/18,66.727501,1/2/18,,,,,,,
6/15/18,66.315002,1/2/18,,,,,,,
6/18/18,66.272499,1/2/18,,,,,,,
6/19/18,65.042503,1/2/18,,,,,,,
6/20/18,65.577499,1/2/18,,,,,,,
6/21/18,64.277496,1/2/18,,,,,,,
6/22/18,62.737499,1/2/18,,,,,,,
6/25/18,59.779999,1/2/18,,,,,,,
6/26/18,60.497501,1/2/18,,,,,,,
6/27/18,58.93,1/2/18,,,,,,,
6/28/18,60.215,1/2/18,,,,,,,
6/29/18,59.224998,1/2/18,,,,,,,
7/2/18,60.560001,1/2/18,,,,,,,
7/3/18,59.209999,1/2/18,,,,,,,
7/5/18,60.682499,1/2/18,,,,,,,
7/6/18,61.8325,1/2/18,,,,,,,
7/9/18,62.3125,1/2/18,,,,,,,
7/10/18,63.3125,1/2/18,,,,,,,
7/11/18,61.8825,1/2/18,,,,,,,
7/12/18,62.807499,1/2/18,,,,,,,
7/13/18,62.330002,1/2/18,,,,,,,
7/16/18,62.049999,1/2/18,,,,,,,
7/17/18,63.422501,1/2/18,,,,,,,
7/18/18,62.924999,1/2/18,,,,,,,
7/19/18,63.0075,1/2/18,,,,,,,
7/20/18,62.7225,1/2/18,,,,,,,
7/23/18,62.352501,1/2/18,,,,,,,
7/24/18,62.177502,1/2/18,,,,,,,
7/25/18,62.967499,1/2/18,,,,,,,
7/26/18,63.709999,1/2/18,,,,,,,
7/27/18,63.005001,1/2/18,,,,,,,
7/30/18,61.032501,1/2/18,,,,,,,
7/31/18,61.215,1/2/18,,,,,,,
8/1/18,61.6175,1/2/18,,,,,,,
8/2/18,62.654999,1/2/18,,,,,,,
8/3/18,63.025002,1/2/18,,,,,,,
8/6/18,63.5075,1/2/18,,,,,,,
8/7/18,64.237503,1/2/18,,,,,,,
8/8/18,64.605003,1/2/18,,,,,,,
8/9/18,64.114998,1/2/18,,,,,,,
8/10/18,63.697498,1/2/18,,,,,,,
8/13/18,64.029999,1/2/18,,,,,,,
8/14/18,65.357498,1/2/18,,,,,,,
8/15/18,64.769997,1/2/18,,,,,,,
8/16/18,64.360001,1/2/18,,,,,,,
8/17/18,61.205002,1/2/18,,,,,,,
8/20/18,61.959999,1/2/18,,,,,,,
8/21/18,63.330002,1/2/18,,,,,,,
8/22/18,65.705002,1/2/18,,,,,,,
8/23/18,66.709999,1/2/18,,,,,,,
8/24/18,68.055,1/2/18,,,,,,,
8/27/18,68.974998,1/2/18,,,,,,,
8/28/18,68.595001,1/2/18,,,,,,,
8/29/18,69.622498,1/2/18,,,,,,,
8/30/18,69.452499,1/2/18,,,,,,,
8/31/18,70.169998,1/2/18,,,,,,,
9/4/18,70.925003,1/2/18,,,,,,,
9/5/18,69.605003,1/2/18,,,,,,,
9/6/18,68.18,1/2/18,,,,,,,
9/7/18,67.964996,1/2/18,,,,,,,
9/10/18,68.682503,1/2/18,,,,,,,
9/11/18,68.199997,1/2/18,,,,,,,
9/12/18,67.050003,1/2/18,,,,,,,
9/13/18,67.834999,1/2/18,,,,,,,
9/14/18,69.107498,1/2/18,,,,,,,
9/17/18,68.482498,1/2/18,,,,,,,
9/18/18,67.754997,1/2/18,,,,,,,
9/19/18,67.995003,1/2/18,,,,,,,
9/20/18,66.57,1/2/18,,,,,,,
9/21/18,65.862503,1/2/18,,,,,,,
9/24/18,66.425003,1/2/18,,,,,,,
9/25/18,67.102501,1/2/18,,,,,,,
9/26/18,66.730003,1/2/18,,,,,,,
9/27/18,66.849998,1/2/18,,,,,,,
9/28/18,70.254997,1/2/18,,,,,,,
10/1/18,72.339996,1/2/18,,,,,,,
10/2/18,71.620003,1/2/18,,,,,,,
10/3/18,71.682503,1/2/18,,,,,,,
10/4/18,69.822502,1/2/18,,,,,,,
10/5/18,67.464996,1/2/18,,,,,,,
10/8/18,66.442497,1/2/18,,,,,,,
10/9/18,66.385002,1/2/18,,,,,,,
10/10/18,61.422501,1/2/18,,,,,,,
10/11/18,58.782501,1/2/18,,,,,,,
10/12/18,61.634998,1/2/18,,,,,,,
10/15/18,58.845001,1/2/18,,,,,,,
10/16/18,61.4575,1/2/18,,,,,,,
10/17/18,60.764999,1/2/18,,,,,,,
10/18/18,59.8825,1/2/18,,,,,,,
10/19/18,57.2925,1/2/18,,,,,,,
10/22/18,57.805,1/2/18,,,,,,,
10/23/18,55.264999,1/2/18,,,,,,,
10/24/18,49.852501,1/2/18,,,,,,,
10/25/18,51.959999,1/2/18,,,,,,,
10/26/18,49.572498,1/2/18,,,,,,,
10/29/18,46.404999,1/2/18,,,,,,,
10/30/18,50.75,1/2/18,,,,,,,
10/31/18,52.7075,1/2/18,,,,,,,
11/1/18,54.5275,1/2/18,,,,,,,
11/2/18,53.73,1/2/18,,,,,,,
11/5/18,52.942501,1/2/18,,,,,,,
11/6/18,52.764999,1/2/18,,,,,,,
11/7/18,53.447498,1/2/18,,,,,,,
11/8/18,51.497501,1/2/18,,,,,,,
11/9/18,51.4175,1/2/18,,,,,,,
11/12/18,47.384998,1/2/18,,,,,,,
11/13/18,49.827499,1/2/18,,,,,,,
11/14/18,49.297501,1/2/18,,,,,,,
11/15/18,50.5975,1/2/18,,,,,,,
11/16/18,41.107498,1/2/18,,,,,,,
11/19/18,36.174999,1/2/18,,,,,,,
11/20/18,37.27,1/2/18,,,,,,,
11/21/18,36.177502,1/2/18,,,,,,,
11/23/18,36.25,1/2/18,,,,,,,
11/26/18,38.262501,1/2/18,,,,,,,
11/27/18,38.432499,1/2/18,,,,,,,
11/28/18,40.017502,1/2/18,,,,,,,
11/29/18,39.34,1/2/18,,,,,,,
11/30/18,40.857498,1/2/18,,,,,,,
12/3/18,42.509998,1/2/18,,,,,,,
12/4/18,39.2775,1/2/18,,,,,,,
12/6/18,39.572498,1/2/18,,,,,,,
12/7/18,36.9025,1/2/18,,,,,,,
12/10/18,37.965,1/2/18,,,,,,,
12/11/18,37.047501,1/2/18,,,,,,,
12/12/18,37.224998,1/2/18,,,,,,,
12/13/18,37.2225,1/2/18,,,,,,,
12/14/18,36.612499,1/2/18,,,,,,,
12/17/18,35.895,1/2/18,,,,,,,
12/18/18,36.735001,1/2/18,,,,,,,
12/19/18,34.627499,1/2/18,,,,,,,
12/20/18,33.775002,1/2/18,,,,,,,
12/21/18,32.392502,1/2/18,,,,,,,
12/24/18,31.77,1/2/18,,,,,,,
12/26/18,33.275002,1/2/18,,,,,,,
12/27/18,32.7925,1/2/18,,,,,,,
12/28/18,33.412498,1/2/18,,,,,,,
12/31/18,33.375,1/2/18,,,,,,,
1/2/19,34.055,1/2/19,,,,,,,
1/3/19,31.997499,1/2/19,,,,,,,
1/4/19,34.047501,1/2/19,,,,,,,
1/7/19,35.849998,1/2/19,,,,,,,
1/8/19,34.9575,1/2/19,,,,,,,
1/9/19,35.645,1/2/19,,,,,,,
1/10/19,36.307499,1/2/19,,,,,,,
1/11/19,37.2075,1/2/19,,,,,,,
1/14/19,37.610001,1/2/19,,,,,,,
1/15/19,37.467499,1/2/19,,,,,,,
1/16/19,37.209999,1/2/19,,,,,,,
1/17/19,37.93,1/2/19,,,,,,,
1/18/19,39.232498,1/2/19,,,,,,,
1/22/19,37.192501,1/2/19,,,,,,,
1/23/19,37.322498,1/2/19,,,,,,,
1/24/19,39.459999,1/2/19,,,,,,,
1/25/19,40.037498,1/2/19,,,,,,,
1/28/19,34.502499,1/2/19,,,,,,,
1/29/19,32.900002,1/2/19,,,,,,,
1/30/19,34.3475,1/2/19,,,,,,,
1/31/19,35.9375,1/2/19,,,,,,,
2/1/19,36.182499,1/2/19,,,,,,,
2/4/19,37.294998,1/2/19,,,,,,,
2/5/19,37.487499,1/2/19,,,,,,,
2/6/19,38.25,1/2/19,,,,,,,
2/7/19,36.855,1/2/19,,,,,,,
2/8/19,37.0425,1/2/19,,,,,,,
2/11/19,36.612499,1/2/19,,,,,,,
2/12/19,37.7925,1/2/19,,,,,,,
2/13/19,38.220001,1/2/19,,,,,,,
2/14/19,38.6325,1/2/19,,,,,,,
2/15/19,39.334999,1/2/19,,,,,,,
2/19/19,39.16,1/2/19,,,,,,,
2/20/19,39.637501,1/2/19,,,,,,,
2/21/19,38.942501,1/2/19,,,,,,,
2/22/19,39.797501,1/2/19,,,,,,,
2/25/19,39.672501,1/2/19,,,,,,,
2/26/19,39.275002,1/2/19,,,,,,,
2/27/19,38.852501,1/2/19,,,,,,,
2/28/19,38.564999,1/2/19,,,,,,,
3/1/19,39.112499,1/2/19,,,,,,,
3/4/19,39.195,1/2/19,,,,,,,
3/5/19,39.130001,1/2/19,,,,,,,
3/6/19,38.012501,1/2/19,,,,,,,
3/7/19,37.314999,1/2/19,,,,,,,
3/8/19,37.66,1/2/19,,,,,,,
3/11/19,40.285,1/2/19,,,,,,,
3/12/19,40.630001,1/2/19,,,,,,,
3/13/19,42.154999,1/2/19,,,,,,,
3/14/19,41.389999,1/2/19,,,,,,,
3/15/19,42.452499,1/2/19,,,,,,,
3/18/19,42.237499,1/2/19,,,,,,,
3/19/19,43.927502,1/2/19,,,,,,,
3/20/19,43.599998,1/2/19,,,,,,,
3/21/19,45.985001,1/2/19,,,,,,,
3/22/19,44.375,1/2/19,,,,,,,
3/25/19,43.445,1/2/19,,,,,,,
3/26/19,44.217499,1/2/19,,,,,,,
3/27/19,44.125,1/2/19,,,,,,,
3/28/19,44.3125,1/2/19,,,,,,,
3/29/19,44.889999,1/2/19,,,,,,,
4/1/19,45.57,1/2/19,,,,,,,
4/2/19,45.75,1/2/19,,,,,,,
4/3/19,47.154999,1/2/19,,,,,,,
4/4/19,47.064999,1/2/19,,,,,,,
4/5/19,47.737499,1/2/19,,,,,,,
4/8/19,47.947498,1/2/19,,,,,,,
4/9/19,47.314999,1/2/19,,,,,,,
4/10/19,48.025002,1/2/19,,,,,,,
4/11/19,47.884998,1/2/19,,,,,,,
4/12/19,47.502499,1/2/19,,,,,,,
4/15/19,46.174999,1/2/19,,,,,,,
4/16/19,47.052502,1/2/19,,,,,,,
4/17/19,46.822498,1/2/19,,,,,,,
4/18/19,46.575001,1/2/19,,,,,,,
4/22/19,47.1175,1/2/19,,,,,,,
4/23/19,47.6675,1/2/19,,,,,,,
4/24/19,47.7925,1/2/19,,,,,,,
4/25/19,46.727501,1/2/19,,,,,,,
4/26/19,44.522499,1/2/19,,,,,,,
4/29/19,44.8325,1/2/19,,,,,,,
4/30/19,45.25,1/2/19,,,,,,,
5/1/19,45.1175,1/2/19,,,,,,,
5/2/19,45.797501,1/2/19,,,,,,,
5/3/19,45.752499,1/2/19,,,,,,,
5/6/19,44.962502,1/2/19,,,,,,,
5/7/19,43.2775,1/2/19,,,,,,,
5/8/19,43.48,1/2/19,,,,,,,
5/9/19,42.547501,1/2/19,,,,,,,
5/10/19,42.205002,1/2/19,,,,,,,
5/13/19,39.612499,1/2/19,,,,,,,
5/14/19,40.509998,1/2/19,,,,,,,
5/15/19,39.895,1/2/19,,,,,,,
5/16/19,40.047501,1/2/19,,,,,,,
5/17/19,39.1325,1/2/19,,,,,,,
5/20/19,37.9375,1/2/19,,,,,,,
5/21/19,38.764999,1/2/19,,,,,,,
5/22/19,38.049999,1/2/19,,,,,,,
5/23/19,36.830002,1/2/19,,,,,,,
5/24/19,36.287498,1/2/19,,,,,,,
5/28/19,35.8325,1/2/19,,,,,,,
5/29/19,35.084999,1/2/19,,,,,,,
5/30/19,34.7775,1/2/19,,,,,,,
5/31/19,33.865002,1/2/19,,,,,,,
6/3/19,33.445,1/2/19,,,,,,,
6/4/19,35.75,1/2/19,,,,,,,
6/5/19,35.32,1/2/19,,,,,,,
6/6/19,35.945,1/2/19,,,,,,,
6/7/19,36.375,1/2/19,,,,,,,
6/10/19,37.107498,1/2/19,,,,,,,
6/11/19,37.6875,1/2/19,,,,,,,
6/12/19,36.549999,1/2/19,,,,,,,
6/13/19,37.064999,1/2/19,,,,,,,
6/14/19,36.16,1/2/19,,,,,,,
6/17/19,36.2575,1/2/19,,,,,,,
6/18/19,38.220001,1/2/19,,,,,,,
6/19/19,38.279999,1/2/19,,,,,,,
6/20/19,38.525002,1/2/19,,,,,,,
6/21/19,37.939999,1/2/19,,,,,,,
6/24/19,38.165001,1/2/19,,,,,,,
6/25/19,37.869999,1/2/19,,,,,,,
6/26/19,39.814999,1/2/19,,,,,,,
6/27/19,40.807499,1/2/19,,,,,,,
6/28/19,41.057499,1/2/19,,,,,,,
7/1/19,41.5425,1/2/19,,,,,,,
7/2/19,40.557499,1/2/19,,,,,,,
7/3/19,40.6875,1/2/19,,,,,,,
7/5/19,40.057499,1/2/19,,,,,,,
7/8/19,39.302502,1/2/19,,,,,,,
7/9/19,39.327499,1/2/19,,,,,,,
7/10/19,40.014999,1/2/19,,,,,,,
7/11/19,41.57,1/2/19,,,,,,,
7/12/19,41.9025,1/2/19,,,,,,,
7/15/19,41.817501,1/2/19,,,,,,,
7/16/19,41.77,1/2/19,,,,,,,
7/17/19,42.427502,1/2/19,,,,,,,
7/18/19,42.544998,1/2/19,,,,,,,
7/19/19,42.110001,1/2/19,,,,,,,
7/22/19,42.830002,1/2/19,,,,,,,
7/23/19,43.915001,1/2/19,,,,,,,
7/24/19,44.665001,1/2/19,,,,,,,
7/25/19,43.345001,1/2/19,,,,,,,
7/26/19,43.767502,1/2/19,,,,,,,
7/29/19,43.705002,1/2/19,,,,,,,
7/30/19,43.862499,1/2/19,,,,,,,
7/31/19,42.18,1/2/19,,,,,,,
8/1/19,41.23,1/2/19,,,,,,,
8/2/19,40.297501,1/2/19,,,,,,,
8/5/19,37.697498,1/2/19,,,,,,,
8/6/19,38.087502,1/2/19,,,,,,,
8/7/19,38.4725,1/2/19,,,,,,,
8/8/19,39.564999,1/2/19,,,,,,,
8/9/19,38.544998,1/2/19,,,,,,,
8/12/19,37.862499,1/2/19,,,,,,,
8/13/19,39.012501,1/2/19,,,,,,,
8/14/19,37.517502,1/2/19,,,,,,,
8/15/19,37.192501,1/2/19,,,,,,,
8/16/19,39.889999,1/2/19,,,,,,,
8/19/19,42.695,1/2/19,,,,,,,
8/20/19,41.967499,1/2/19,,,,,,,
8/21/19,42.807499,1/2/19,,,,,,,
8/22/19,42.869999,1/2/19,,,,,,,
8/23/19,40.610001,1/2/19,,,,,,,
8/26/19,41.362499,1/2/19,,,,,,,
8/27/19,40.450001,1/2/19,,,,,,,
8/28/19,40.305,1/2/19,,,,,,,
8/29/19,41.75,1/2/19,,,,,,,
8/30/19,41.877499,1/2/19,,,,,,,
9/3/19,41.0425,1/2/19,,,,,,,
9/4/19,42.189999,1/2/19,,,,,,,
9/5/19,44.935001,1/2/19,,,,,,,
9/6/19,44.662498,1/2/19,,,,,,,
9/9/19,45.125,1/2/19,,,,,,,
9/10/19,45.794998,1/2/19,,,,,,,
9/11/19,46.0825,1/2/19,,,,,,,
9/12/19,46.067501,1/2/19,,,,,,,
9/13/19,45.485001,1/2/19,,,,,,,
9/16/19,45.052502,1/2/19,,,,,,,
9/17/19,45.267502,1/2/19,,,,,,,
9/18/19,44.994999,1/2/19,,,,,,,
9/19/19,44.235001,1/2/19,,,,,,,
9/20/19,43.172501,1/2/19,,,,,,,
9/23/19,43.709999,1/2/19,,,,,,,
9/24/19,43.1325,1/2/19,,,,,,,
9/25/19,44.557499,1/2/19,,,,,,,
9/26/19,44.334999,1/2/19,,,,,,,
9/27/19,42.939999,1/2/19,,,,,,,
9/30/19,43.517502,1/2/19,,,,,,,
10/1/19,43.5,1/2/19,,,,,,,
10/2/19,43.259998,1/2/19,,,,,,,
10/3/19,45.327499,1/2/19,,,,,,,
10/4/19,45.4925,1/2/19,,,,,,,
10/7/19,46.0825,1/2/19,,,,,,,
10/8/19,44.307499,1/2/19,,,,,,,
10/9/19,45.177502,1/2/19,,,,,,,
10/10/19,45.7575,1/2/19,,,,,,,
10/11/19,46.497501,1/2/19,,,,,,,
10/14/19,46.6325,1/2/19,,,,,,,
10/15/19,49.092499,1/2/19,,,,,,,
10/16/19,48.552502,1/2/19,,,,,,,
10/17/19,48.572498,1/2/19,,,,,,,
10/18/19,47.622501,1/2/19,,,,,,,
10/21/19,49.002499,1/2/19,,,,,,,
10/22/19,48.9025,1/2/19,,,,,,,
10/23/19,48.772499,1/2/19,,,,,,,
10/24/19,49.215,1/2/19,,,,,,,
10/25/19,51.134998,1/2/19,,,,,,,
10/28/19,51.697498,1/2/19,,,,,,,
10/29/19,50.73,1/2/19,,,,,,,
10/30/19,50.75,1/2/19,,,,,,,
10/31/19,50.255001,1/2/19,,,,,,,
11/1/19,50.647499,1/2/19,,,,,,,
11/4/19,52.625,1/2/19,,,,,,,
11/5/19,52.4025,1/2/19,,,,,,,
11/6/19,51.907501,1/2/19,,,,,,,
11/7/19,52.084999,1/2/19,,,,,,,
11/8/19,51.945,1/2/19,,,,,,,
11/11/19,52.044998,1/2/19,,,,,,,
11/12/19,52.4025,1/2/19,,,,,,,
11/13/19,52.142502,1/2/19,,,,,,,
11/14/19,52.447498,1/2/19,,,,,,,
11/15/19,51.047501,1/2/19,,,,,,,
11/18/19,53.07,1/2/19,,,,,,,
11/19/19,51.997501,1/2/19,,,,,,,
11/20/19,52.794998,1/2/19,,,,,,,
11/21/19,52.544998,1/2/19,,,,,,,
11/22/19,52.7225,1/2/19,,,,,,,
11/25/19,55.302502,1/2/19,,,,,,,
11/26/19,54.25,1/2/19,,,,,,,
11/27/19,54.560001,1/2/19,,,,,,,
11/29/19,54.185001,1/2/19,,,,,,,
12/2/19,52.3125,1/2/19,,,,,,,
12/3/19,51.915001,1/2/19,,,,,,,
12/4/19,52.355,1/2/19,,,,,,,
12/5/19,52.185001,1/2/19,,,,,,,
12/6/19,53.0425,1/2/19,,,,,,,
12/9/19,53.0425,1/2/19,,,,,,,
12/10/19,53.494999,1/2/19,,,,,,,
12/11/19,54.334999,1/2/19,,,,,,,
12/12/19,56.017502,1/2/19,,,,,,,
12/13/19,55.997501,1/2/19,,,,,,,
12/16/19,56.287498,1/2/19,,,,,,,
12/17/19,57.072498,1/2/19,,,,,,,
12/18/19,57.377499,1/2/19,,,,,,,
12/19/19,58.865002,1/2/19,,,,,,,
12/20/19,59.842499,1/2/19,,,,,,,
12/23/19,59.705002,1/2/19,,,,,,,
12/24/19,59.654999,1/2/19,,,,,,,
12/26/19,59.797501,1/2/19,,,,,,,
12/27/19,59.217499,1/2/19,,,,,,,
12/30/19,58.080002,1/2/19,,,,,,,
12/31/19,58.825001,1/2/19,,,,,,,
1/2/20,59.977501,1/2/20,,,,,,,
1/3/20,59.017502,1/2/20,,,,,,,
1/6/20,59.264999,1/2/20,,,,,,,
1/7/20,59.982498,1/2/20,,,,,,,
1/8/20,60.095001,1/2/20,,,,,,,
1/9/20,60.755001,1/2/20,,,,,,,
1/10/20,61.080002,1/2/20,,,,,,,
1/13/20,62.994999,1/2/20,,,,,,,
1/14/20,61.82,1/2/20,,,,,,,
1/15/20,61.392502,1/2/20,,,,,,,
1/16/20,62.232498,1/2/20,,,,,,,
1/17/20,62.32,1/2/20,,,,,,,
1/21/20,61.985001,1/2/20,,,,,,,
1/22/20,62.5275,1/2/20,,,,,,,
1/23/20,63.215,1/2/20,,,,,,,
1/24/20,62.619999,1/2/20,,,,,,,
1/27/20,60.049999,1/2/20,,,,,,,
1/28/20,61.9925,1/2/20,,,,,,,
1/29/20,61.384998,1/2/20,,,,,,,
1/30/20,61.452499,1/2/20,,,,,,,
1/31/20,59.107498,1/2/20,,,,,,,
2/3/20,60.0825,1/2/20,,,,,,,
2/4/20,61.782501,1/2/20,,,,,,,
2/5/20,62.689999,1/2/20,,,,,,,
2/6/20,63.5625,1/2/20,,,,,,,
2/7/20,62.897499,1/2/20,,,,,,,
2/10/20,65.7425,1/2/20,,,,,,,
2/11/20,66.972504,1/2/20,,,,,,,
2/12/20,68.135002,1/2/20,,,,,,,
2/13/20,67.695,1/2/20,,,,,,,
2/14/20,72.447502,1/2/20,,,,,,,
2/18/20,74.142502,1/2/20,,,,,,,
2/19/20,78.675003,1/2/20,,,,,,,
2/20/20,77.175003,1/2/20,,,,,,,
2/21/20,73.517502,1/2/20,,,,,,,
2/24/20,68.32,1/2/20,,,,,,,
2/25/20,65.512497,1/2/20,,,,,,,
2/26/20,66.912498,1/2/20,,,,,,,
2/27/20,63.150002,1/2/20,,,,,,,
2/28/20,67.517502,1/2/20,,,,,,,
3/2/20,69.107498,1/2/20,,,,,,,
3/3/20,66.472504,1/2/20,,,,,,,
3/4/20,71.127502,1/2/20,,,,,,,
3/5/20,68.322502,1/2/20,,,,,,,
3/6/20,66.510002,1/2/20,,,,,,,
3/9/20,61.360001,1/2/20,,,,,,,
3/10/20,65.269997,1/2/20,,,,,,,
3/11/20,61.6175,1/2/20,,,,,,,
3/12/20,54.077499,1/2/20,,,,,,,
3/13/20,60.209999,1/2/20,,,,,,,
3/16/20,49.099998,1/2/20,,,,,,,
3/17/20,54.317501,1/2/20,,,,,,,
3/18/20,50.705002,1/2/20,,,,,,,
3/19/20,53.2425,1/2/20,,,,,,,
3/20/20,51.4375,1/2/20,,,,,,,
3/23/20,53.172501,1/2/20,,,,,,,
3/24/20,62.294998,1/2/20,,,,,,,
3/25/20,61.404999,1/2/20,,,,,,,
3/26/20,64.309998,1/2/20,,,,,,,
3/27/20,63.182499,1/2/20,,,,,,,
3/30/20,66.397499,1/2/20,,,,,,,
3/31/20,65.900002,1/2/20,,,,,,,
4/1/20,60.767502,1/2/20,,,,,,,
4/2/20,63.8675,1/2/20,,,,,,,
4/3/20,60.977501,1/2/20,,,,,,,
4/6/20,67.099998,1/2/20,,,,,,,
4/7/20,64.7575,1/2/20,,,,,,,
4/8/20,66.737503,1/2/20,,,,,,,
4/9/20,65.737503,1/2/20,,,,,,,
4/13/20,67.462502,1/2/20,,,,,,,
4/14/20,70.987503,1/2/20,,,,,,,
4/15/20,70.209999,1/2/20,,,,,,,
4/16/20,73.675003,1/2/20,,,,,,,
4/17/20,73.080002,1/2/20,,,,,,,
4/20/20,71.762497,1/2/20,,,,,,,
4/21/20,67.377502,1/2/20,,,,,,,
4/22/20,71.537498,1/2/20,,,,,,,
4/23/20,71.002502,1/2/20,,,,,,,
4/24/20,72.397499,1/2/20,,,,,,,
4/27/20,74.269997,1/2/20,,,,,,,
4/28/20,72.839996,1/2/20,,,,,,,
4/29/20,74.614998,1/2/20,,,,,,,
4/30/20,73.07,1/2/20,,,,,,,
5/1/20,70.695,1/2/20,,,,,,,
5/4/20,72.822502,1/2/20,,,,,,,
5/5/20,73.434998,1/2/20,,,,,,,
5/6/20,74.447502,1/2/20,,,,,,,
5/7/20,76.217499,1/2/20,,,,,,,
5/8/20,78.125,1/2/20,,,,,,,
5/11/20,80.654999,1/2/20,,,,,,,
5/12/20,78.025002,1/2/20,,,,,,,
5/13/20,77.800003,1/2/20,,,,,,,
5/14/20,80.305,1/2/20,,,,,,,
5/15/20,84.907501,1/2/20,,,,,,,
5/18/20,87.502502,1/2/20,,,,,,,
5/19/20,88.055,1/2/20,,,,,,,
5/20/20,89.699997,1/2/20,,,,,,,
5/21/20,87.752502,1/2/20,,,,,,,
5/22/20,90.262497,1/2/20,,,,,,,
5/26/20,87.177498,1/2/20,,,,,,,
5/27/20,85.252502,1/2/20,,,,,,,
5/28/20,84.870003,1/2/20,,,,,,,
5/29/20,88.754997,1/2/20,,,,,,,
6/1/20,88.0625,1/2/20,,,,,,,
6/2/20,88.252502,1/2/20,,,,,,,
6/3/20,87.695,1/2/20,,,,,,,
6/4/20,87.665001,1/2/20,,,,,,,
6/5/20,89.199997,1/2/20,,,,,,,
6/8/20,88.050003,1/2/20,,,,,,,
6/9/20,90.459999,1/2/20,,,,,,,
6/10/20,93.667503,1/2/20,,,,,,,
6/11/20,87.962502,1/2/20,,,,,,,
6/12/20,89.324997,1/2/20,,,,,,,
6/15/20,91.737503,1/2/20,,,,,,,
6/16/20,90.684998,1/2/20,,,,,,,
6/17/20,92.360001,1/2/20,,,,,,,
6/18/20,92.18,1/2/20,,,,,,,
6/19/20,92.612503,1/2/20,,,,,,,
6/22/20,95.267502,1/2/20,,,,,,,
6/23/20,94.5,1/2/20,,,,,,,
6/24/20,92.355003,1/2/20,,,,,,,
6/25/20,94.900002,1/2/20,,,,,,,
6/26/20,91.550003,1/2/20,,,,,,,
6/29/20,92,1/2/20,,,,,,,
6/30/20,94.977501,1/2/20,,,,,,,
7/1/20,95.300003,1/2/20,,,,,,,
7/2/20,96.122498,1/2/20,,,,,,,
7/6/20,98.392502,1/2/20,,,,,,,
7/7/20,98.717499,1/2/20,,,,,,,
7/8/20,102.160004,1/2/20,,,,,,,
7/9/20,105.089996,1/2/20,,,,,,,
7/10/20,104.792503,1/2/20,,,,,,,
7/13/20,100.522499,1/2/20,,,,,,,
7/14/20,103.769997,1/2/20,,,,,,,
7/15/20,102.272499,1/2/20,,,,,,,
7/16/20,101.347504,1/2/20,,,,,,,
7/17/20,102.014999,1/2/20,,,,,,,
7/20/20,105.107498,1/2/20,,,,,,,
7/21/20,103.285004,1/2/20,,,,,,,
7/22/20,104.387497,1/2/20,,,,,,,
7/23/20,101.297501,1/2/20,,,,,,,
7/24/20,101.945,1/2/20,,,,,,,
7/27/20,104.214996,1/2/20,,,,,,,
7/28/20,102.154999,1/2/20,,,,,,,
7/29/20,104.654999,1/2/20,,,,,,,
7/30/20,106.139999,1/2/20,,,,,,,
7/31/20,106.147499,1/2/20,,,,,,,
8/3/20,110.102501,1/2/20,,,,,,,
8/4/20,112.277496,1/2/20,,,,,,,
8/5/20,112.8675,1/2/20,,,,,,,
8/6/20,113.355003,1/2/20,,,,,,,
8/7/20,111.995003,1/2/20,,,,,,,
8/10/20,111.650002,1/2/20,,,,,,,
8/11/20,108.5,1/2/20,,,,,,,
8/12/20,114.402496,1/2/20,,,,,,,
8/13/20,114.43,1/2/20,,,,,,,
8/14/20,115.639999,1/2/20,,,,,,,
8/17/20,123.370003,1/2/20,,,,,,,
8/18/20,122.607498,1/2/20,,,,,,,
8/19/20,121.385002,1/2/20,,,,,,,
8/20/20,121.410004,1/2/20,,,,,,,
8/21/20,126.834999,1/2/20,,,,,,,
8/24/20,127.202499,1/2/20,,,,,,,
8/25/20,127.5,1/2/20,,,,,,,
8/26/20,127.730003,1/2/20,,,,,,,
8/27/20,126.282501,1/2/20,,,,,,,
8/28/20,131.477493,1/2/20,,,,,,,
8/31/20,133.744995,1/2/20,,,,,,,
9/1/20,138.210007,1/2/20,,,,,,,
9/2/20,143.464996,1/2/20,,,,,,,
9/3/20,130.154999,1/2/20,,,,,,,
9/4/20,126.224998,1/2/20,,,,,,,
9/8/20,119.129997,1/2/20,,,,,,,
9/9/20,127.150002,1/2/20,,,,,,,
9/10/20,123.1175,1/2/20,,,,,,,
9/11/20,121.644997,1/2/20,,,,,,,
9/14/20,128.722504,1/2/20,,,,,,,
9/15/20,129.910004,1/2/20,,,,,,,
9/16/20,125.144997,1/2/20,,,,,,,
9/17/20,124.635002,1/2/20,,,,,,,
9/18/20,121.892502,1/2/20,,,,,,,
9/21/20,125.172501,1/2/20,,,,,,,
9/22/20,126.377502,1/2/20,,,,,,,
9/23/20,121.237503,1/2/20,,,,,,,
9/24/20,123.480003,1/2/20,,,,,,,
9/25/20,128.737503,1/2/20,,,,,,,
9/28/20,130.350006,1/2/20,,,,,,,
9/29/20,132.257507,1/2/20,,,,,,,
9/30/20,135.304993,1/2/20,,,,,,,
10/1/20,136.145004,1/2/20,,,,,,,
10/2/20,130.622498,1/2/20,,,,,,,
10/5/20,136.425003,1/2/20,,,,,,,
10/6/20,137.365005,1/2/20,,,,,,,
10/7/20,139.639999,1/2/20,,,,,,,
10/8/20,138.387497,1/2/20,,,,,,,
10/9/20,137.627502,1/2/20,,,,,,,
10/12/20,142.259995,1/2/20,,,,,,,
10/13/20,142.482498,1/2/20,,,,,,,
10/14/20,140.952499,1/2/20,,,,,,,
10/15/20,139.699997,1/2/20,,,,,,,
10/16/20,138.115005,1/2/20,,,,,,,
10/19/20,134.977493,1/2/20,,,,,,,
10/20/20,136.455002,1/2/20,,,,,,,
10/21/20,135.247498,1/2/20,,,,,,,
10/22/20,133.610001,1/2/20,,,,,,,
10/23/20,135.902496,1/2/20,,,,,,,
10/26/20,131.412506,1/2/20,,,,,,,
10/27/20,133.967499,1/2/20,,,,,,,
10/28/20,126.269997,1/2/20,,,,,,,
10/29/20,130.240005,1/2/20,,,,,,,
10/30/20,125.339996,1/2/20,,,,,,,
11/2/20,125.807503,1/2/20,,,,,,,
11/3/20,130.195007,1/2/20,,,,,,,
11/4/20,137.942505,1/2/20,,,,,,,
11/5/20,141.600006,1/2/20,,,,,,,
11/6/20,145.619995,1/2/20,,,,,,,
11/9/20,136.307495,1/2/20,,,,,,,
11/10/20,127.699997,1/2/20,,,,,,,
11/11/20,134.179993,1/2/20,,,,,,,
11/12/20,134.567505,1/2/20,,,,,,,
11/13/20,132.970001,1/2/20,,,,,,,
11/16/20,135.152496,1/2/20,,,,,,,
11/17/20,134.222504,1/2/20,,,,,,,
11/18/20,134.287506,1/2/20,,,,,,,
11/19/20,134.402496,1/2/20,,,,,,,
11/20/20,130.877502,1/2/20,,,,,,,
11/23/20,131.399994,1/2/20,,,,,,,
11/24/20,129.577499,1/2/20,,,,,,,
11/25/20,132.347504,1/2/20,,,,,,,
11/27/20,132.612503,1/2/20,,,,,,,
11/30/20,134.014999,1/2/20,,,,,,,
12/1/20,133.899994,1/2/20,,,,,,,
12/2/20,135.445007,1/2/20,,,,,,,
12/3/20,133.960007,1/2/20,,,,,,,
12/4/20,135.582504,1/2/20,,,,,,,
12/7/20,136.067505,1/2/20,,,,,,,
12/8/20,133.5,1/2/20,,,,,,,
12/9/20,129.307495,1/2/20,,,,,,,
12/10/20,129.722504,1/2/20,,,,,,,
12/11/20,130.132507,1/2/20,,,,,,,
12/14/20,133.087494,1/2/20,,,,,,,
12/15/20,133.604996,1/2/20,,,,,,,
12/16/20,132.425003,1/2/20,,,,,,,
12/17/20,133.412506,1/2/20,,,,,,,
12/18/20,132.720001,1/2/20,,,,,,,
12/21/20,133.322495,1/2/20,,,,,,,
12/22/20,132.782501,1/2/20,,,,,,,
12/23/20,130.092499,1/2/20,,,,,,,
12/24/20,129.9375,1/2/20,,,,,,,
12/28/20,129,1/2/20,,,,,,,
12/29/20,129.432495,1/2/20,,,,,,,
12/30/20,131.457504,1/2/20,,,,,,,
12/31/20,130.550003,1/2/20,,,,,,,
1/4/21,131.134995,1/4/21,,,,,,,
1/5/21,134.047501,1/4/21,,,,,,,
1/6/21,126.144997,1/4/21,,,,,,,
1/7/21,133.440002,1/4/21,,,,,,,
1/8/21,132.767502,1/4/21,,,,,,,
1/11/21,136.214996,1/4/21,,,,,,,
1/12/21,134.847504,1/4/21,,,,,,,
1/13/21,135.317505,1/4/21,,,,,,,
1/14/21,132.002502,1/4/21,,,,,,,
1/15/21,128.595001,1/4/21,,,,,,,
1/19/21,130.252502,1/4/21,,,,,,,
1/20/21,133.657501,1/4/21,,,,,,,
1/21/21,138.675003,1/4/21,,,,,,,
1/22/21,137.125,1/4/21,,,,,,,
1/25/21,136.532501,1/4/21,,,,,,,
1/26/21,134.352493,1/4/21,,,,,,,
1/27/21,129.177505,1/4/21,,,,,,,
1/28/21,130.509995,1/4/21,,,,,,,
1/29/21,129.897507,1/4/21,,,,,,,
2/1/21,132.369995,1/4/21,,,,,,,
2/2/21,135.567505,1/4/21,,,,,,,
2/3/21,135.304993,1/4/21,,,,,,,
2/4/21,136.642502,1/4/21,,,,,,,
2/5/21,135.910004,1/4/21,,,,,,,
2/8/21,144.387497,1/4/21,,,,,,,
2/9/21,142.632507,1/4/21,,,,,,,
2/10/21,147.642502,1/4/21,,,,,,,
2/11/21,152.507507,1/4/21,,,,,,,
2/12/21,149.612503,1/4/21,,,,,,,
2/16/21,153.302505,1/4/21,,,,,,,
2/17/21,149.059998,1/4/21,,,,,,,
2/18/21,148.289993,1/4/21,,,,,,,
2/19/21,149.264999,1/4/21,,,,,,,
2/22/21,143.557495,1/4/21,,,,,,,
2/23/21,141.419998,1/4/21,,,,,,,
2/24/21,144.990005,1/4/21,,,,,,,
2/25/21,133.074997,1/4/21,,,,,,,
2/26/21,137.145004,1/4/21,,,,,,,
3/1/21,138.417496,1/4/21,,,,,,,
3/2/21,134.0625,1/4/21,,,,,,,
3/3/21,128.047501,1/4/21,,,,,,,
3/4/21,123.702499,1/4/21,,,,,,,
3/5/21,124.614998,1/4/21,,,,,,,
3/8/21,115.932503,1/4/21,,,,,,,
3/9/21,125.202499,1/4/21,,,,,,,
3/10/21,124.682503,1/4/21,,,,,,,
3/11/21,129.934998,1/4/21,,,,,,,
3/12/21,128.559998,1/4/21,,,,,,,
3/15/21,131.912506,1/4/21,,,,,,,
3/16/21,132.912506,1/4/21,,,,,,,
3/17/21,133.412506,1/4/21,,,,,,,
3/18/21,127.224998,1/4/21,,,,,,,
3/19/21,128.457504,1/4/21,,,,,,,
3/22/21,131.862503,1/4/21,,,,,,,
3/23/21,130.707504,1/4/21,,,,,,,
3/24/21,126.43,1/4/21,,,,,,,
3/25/21,125.352501,1/4/21,,,,,,,
3/26/21,128.392502,1/4/21,,,,,,,
3/29/21,129.482498,1/4/21,,,,,,,
3/30/21,128.717499,1/4/21,,,,,,,
3/31/21,133.482498,1/4/21,,,,,,,
4/1/21,138.117493,1/4/21,,,,,,,
4/5/21,139.875,1/4/21,,,,,,,
4/6/21,138.615005,1/4/21,,,,,,,
4/7/21,141.434998,1/4/21,,,,,,,
4/8/21,143.169998,1/4/21,,,,,,,
4/9/21,144,1/4/21,,,,,,,
4/12/21,152.089996,1/4/21,,,,,,,
4/13/21,156.794998,1/4/21,,,,,,,
4/14/21,152.770004,1/4/21,,,,,,,
4/15/21,161.372498,1/4/21,,,,,,,
4/16/21,159.125,1/4/21,,,,,,,
4/19/21,153.617493,1/4/21,,,,,,,
4/20/21,151.712494,1/4/21,,,,,,,
4/21/21,153.604996,1/4/21,,,,,,,
4/22/21,148.502502,1/4/21,,,,,,,
4/23/21,152.652496,1/4/21,,,,,,,
4/26/21,154.779999,1/4/21,,,,,,,
4/27/21,153.817505,1/4/21,,,,,,,
4/28/21,152.767502,1/4/21,,,,,,,
4/29/21,153.247498,1/4/21,,,,,,,
4/30/21,150.095001,1/4/21,,,,,,,
5/3/21,148.367493,1/4/21,,,,,,,
5/4/21,143.512497,1/4/21,,,,,,,
5/5/21,144.585007,1/4/21,,,,,,,
5/6/21,145.229996,1/4/21,,,,,,,
5/7/21,148.122498,1/4/21,,,,,,,
5/10/21,142.657501,1/4/21,,,,,,,
5/11/21,143.0625,1/4/21,,,,,,,
5/12/21,137.585007,1/4/21,,,,,,,
5/13/21,136.652496,1/4/21,,,,,,,
5/14/21,142.429993,1/4/21,,,,,,,
5/17/21,141.654999,1/4/21,,,,,,,
5/18/21,140.157501,1/4/21,,,,,,,
5/19/21,140.657501,1/4/21,,,,,,,
5/20/21,146.125,1/4/21,,,,,,,
5/21/21,149.917496,1/4/21,,,,,,,
5/24/21,156.119995,1/4/21,,,,,,,
5/25/21,156.477493,1/4/21,,,,,,,
5/26/21,157,1/4/21,,,,,,,
5/27/21,154.880005,1/4/21,,,,,,,
5/28/21,162.445007,1/4/21,,,,,,,
6/1/21,162.645004,1/4/21,,,,,,,
6/2/21,167.782501,1/4/21,,,,,,,
6/3/21,169.697495,1/4/21,,,,,,,
6/4/21,175.782501,1/4/21,,,,,,,
6/7/21,176.190002,1/4/21,,,,,,,
6/8/21,174.570007,1/4/21,,,,,,,
6/9/21,173.582504,1/4/21,,,,,,,
6/10/21,174.25,1/4/21,,,,,,,
6/11/21,178.252502,1/4/21,,,,,,,
6/14/21,180.1875,1/4/21,,,,,,,
6/15/21,177.884995,1/4/21,,,,,,,
6/16/21,178.102493,1/4/21,,,,,,,
6/17/21,186.572495,1/4/21,,,,,,,
6/18/21,186.387497,1/4/21,,,,,,,
6/21/21,184.272507,1/4/21,,,,,,,
6/22/21,188.867493,1/4/21,,,,,,,
6/23/21,190.572495,1/4/21,,,,,,,
6/24/21,192.054993,1/4/21,,,,,,,
6/25/21,190.309998,1/4/21,,,,,,,
6/28/21,199.850006,1/4/21,,,,,,,
6/29/21,200.267502,1/4/21,,,,,,,
6/30/21,200.024994,1/4/21,,,,,,,
7/1/21,202.119995,1/4/21,,,,,,,
7/2/21,204.869995,1/4/21,,,,,,,
7/6/21,206.985001,1/4/21,,,,,,,
7/7/21,203.717499,1/4/21,,,,,,,
7/8/21,199.027496,1/4/21,,,,,,,
7/9/21,200.502502,1/4/21,,,,,,,
7/12/21,205.125,1/4/21,,,,,,,
7/13/21,202.5,1/4/21,,,,,,,
7/14/21,198.414993,1/4/21,,,,,,,
7/15/21,189.662506,1/4/21,,,,,,,
7/16/21,181.610001,1/4/21,,,,,,,
7/19/21,187.797501,1/4/21,,,,,,,
7/20/21,186.119995,1/4/21,,,,,,,
7/21/21,194.100006,1/4/21,,,,,,,
7/22/21,195.940002,1/4/21,,,,,,,
7/23/21,195.580002,1/4/21,,,,,,,
7/26/21,192.940002,1/4/21,,,,,,,
7/27/21,192.080002,1/4/21,,,,,,,
7/28/21,195.029999,1/4/21,,,,,,,
7/29/21,196.619995,1/4/21,,,,,,,
7/30/21,194.990005,1/4/21,,,,,,,
8/2/21,197.5,1/4/21,,,,,,,
8/3/21,198.149994,1/4/21,,,,,,,
8/4/21,202.740005,1/4/21,,,,,,,
8/5/21,206.369995,1/4/21,,,,,,,
8/6/21,203.660004,1/4/21,,,,,,,
8/9/21,202.949997,1/4/21,,,,,,,
8/10/21,199.360001,1/4/21,,,,,,,
8/11/21,196.990005,1/4/21,,,,,,,
8/12/21,199.050003,1/4/21,,,,,,,
8/13/21,201.880005,1/4/21,,,,,,,
8/16/21,199.5,1/4/21,,,,,,,
8/17/21,194.580002,1/4/21,,,,,,,
8/18/21,190.399994,1/4/21,,,,,,,
8/19/21,197.979996,1/4/21,,,,,,,
8/20/21,208.160004,1/4/21,,,,,,,
8/23/21,219.580002,1/4/21,,,,,,,
8/24/21,217.929993,1/4/21,,,,,,,
8/25/21,222.130005,1/4/21,,,,,,,
8/26/21,220.679993,1/4/21,,,,,,,
8/27/21,226.360001,1/4/21,,,,,,,
8/30/21,226.880005,1/4/21,,,,,,,
8/31/21,223.850006,1/4/21,,,,,,,
9/1/21,224.410004,1/4/21,,,,,,,
9/2/21,223.960007,1/4/21,,,,,,,
9/3/21,228.429993,1/4/21,,,,,,,
9/7/21,226.619995,1/4/21,,,,,,,
9/8/21,223.389999,1/4/21,,,,,,,
9/9/21,221.770004,1/4/21,,,,,,,
9/10/21,224.779999,1/4/21,,,,,,,
9/13/21,221.520004,1/4/21,,,,,,,
9/14/21,222.419998,1/4/21,,,,,,,
9/15/21,223.410004,1/4/21,,,,,,,
9/16/21,222.419998,1/4/21,,,,,,,
9/17/21,219,1/4/21,,,,,,,
9/20/21,211.130005,1/4/21,,,,,,,
9/21/21,212.460007,1/4/21,,,,,,,
9/22/21,219.410004,1/4/21,,,,,,,
9/23/21,224.820007,1/4/21,,,,,,,
9/24/21,220.809998,1/4/21,,,,,,,
9/27/21,216.600006,1/4/21,,,,,,,
9/28/21,206.990005,1/4/21,,,,,,,
9/29/21,205.169998,1/4/21,,,,,,,
9/30/21,207.160004,1/4/21,,,,,,,
10/1/21,207.419998,1/4/21,,,,,,,
10/4/21,197.320007,1/4/21,,,,,,,
10/5/21,204.509995,1/4/21,,,,,,,
10/6/21,207,1/4/21,,,,,,,
10/7/21,210.75,1/4/21,,,,,,,
10/8/21,208.309998,1/4/21,,,,,,,
10/11/21,206.949997,1/4/21,,,,,,,
10/12/21,206.710007,1/4/21,,,,,,,
10/13/21,209.389999,1/4/21,,,,,,,
10/14/21,217.460007,1/4/21,,,,,,,
10/15/21,218.619995,1/4/21,,,,,,,
10/18/21,222.220001,1/4/21,,,,,,,
10/19/21,222.899994,1/4/21,,,,,,,
10/20/21,221.029999,1/4/21,,,,,,,
10/21/21,226.919998,1/4/21,,,,,,,
10/22/21,227.259995,1/4/21,,,,,,,
10/25/21,231.660004,1/4/21,,,,,,,
10/26/21,247.169998,1/4/21,,,,,,,
10/27/21,244.509995,1/4/21,,,,,,,
10/28/21,249.410004,1/4/21,,,,,,,
10/29/21,255.669998,1/4/21,,,,,,,
11/1/21,258.269989,1/4/21,,,,,,,
11/2/21,264.01001,1/4/21,,,,,,,
11/3/21,265.980011,1/4/21,,,,,,,
11/4/21,298.01001,1/4/21,,,,,,,
11/5/21,297.519989,1/4/21,,,,,,,
11/8/21,308.040009,1/4/21,,,,,,,
11/9/21,306.570007,1/4/21,,,,,,,
11/10/21,294.589996,1/4/21,,,,,,,
11/11/21,303.899994,1/4/21,,,,,,,
11/12/21,303.899994,1/4/21,,,,,,,
11/15/21,300.25,1/4/21,,,,,,,
11/16/21,302.029999,1/4/21,,,,,,,
11/17/21,292.609985,1/4/21,,,,,,,
11/18/21,316.75,1/4/21,,,,,,,
11/19/21,329.850006,1/4/21,,,,,,,
11/22/21,319.559998,1/4/21,,,,,,,
11/23/21,317.459991,1/4/21,,,,,,,
11/24/21,326.73999,1/4/21,,,,,,,
11/26/21,315.029999,1/4/21,,,,,,,
11/29/21,333.76001,1/4/21,,,,,,,
11/30/21,326.76001,1/4/21,,,,,,,
12/1/21,314.350006,1/4/21,,,,,,,
12/2/21,321.26001,1/4/21,,,,,,,
12/3/21,306.929993,1/4/21,,,,,,,
12/6/21,300.369995,1/4/21,,,,,,,
12/7/21,324.269989,1/4/21,,,,,,,
12/8/21,318.26001,1/4/21,,,,,,,
12/9/21,304.899994,1/4/21,,,,,,,
12/10/21,301.980011,1/4/21,,,,,,,
12/13/21,281.609985,1/4/21,,,,,,,
12/14/21,283.369995,1/4/21,,,,,,,
12/15/21,304.589996,1/4/21,,,,,,,
12/16/21,283.869995,1/4/21,,,,,,,
12/17/21,278.01001,1/4/21,,,,,,,
12/20/21,277.190002,1/4/21,,,,,,,
12/21/21,290.75,1/4/21,,,,,,,
12/22/21,294,1/4/21,,,,,,,
12/23/21,296.399994,1/4/21,,,,,,,
12/27/21,309.450012,1/4/21,,,,,,,
12/28/21,303.220001,1/4/21,,,,,,,
12/29/21,300.01001,1/4/21,,,,,,,
12/30/21,295.859985,1/4/21,,,,,,,
12/31/21,294.109985,1/4/21,,,,,,,
1/3/22,301.209991,1/3/22,,,,,,,
1/4/22,292.899994,1/3/22,,,,,,,
1/5/22,276.040009,1/3/22,,,,,,,
1/6/22,281.779999,1/3/22,,,,,,,
1/7/22,272.470001,1/3/22,,,,,,,
1/10/22,274,1/3/22,,,,,,,
1/11/22,278.170013,1/3/22,,,,,,,
1/12/22,279.98999,1/3/22,,,,,,,
1/13/22,265.75,1/3/22,,,,,,,
1/14/22,269.420013,1/3/22,,,,,,,
1/18/22,259.029999,1/3/22,,,,,,,
1/19/22,250.669998,1/3/22,,,,,,,
1/20/22,241.5,1/3/22,,,,,,,
1/21/22,233.740005,1/3/22,,,,,,,
1/24/22,233.720001,1/3/22,,,,,,,
1/25/22,223.240005,1/3/22,,,,,,,
1/26/22,227.720001,1/3/22,,,,,,,
1/27/22,219.440002,1/3/22,,,,,,,
1/28/22,228.399994,1/3/22,,,,,,,
1/31/22,244.860001,1/3/22,,,,,,,
2/1/22,246.380005,1/3/22,,,,,,,
2/2/22,252.419998,1/3/22,,,,,,,
2/3/22,239.479996,1/3/22,,,,,,,
2/4/22,243.190002,1/3/22,,,,,,,
2/7/22,247.279999,1/3/22,,,,,,,
2/8/22,251.080002,1/3/22,,,,,,,
2/9/22,267.049988,1/3/22,,,,,,,
2/10/22,258.23999,1/3/22,,,,,,,
2/11/22,239.490005,1/3/22,,,,,,,
2/14/22,242.669998,1/3/22,,,,,,,
2/15/22,264.950012,1/3/22,,,,,,,
2/16/22,265.109985,1/3/22,,,,,,,
2/17/22,245.070007,1/3/22,,,,,,,
2/18/22,236.419998,1/3/22,,,,,,,
2/22/22,233.899994,1/3/22,,,,,,,
2/23/22,223.869995,1/3/22,,,,,,,
2/24/22,237.479996,1/3/22,,,,,,,
2/25/22,241.570007,1/3/22,,,,,,,
2/28/22,243.850006,1/3/22,,,,,,,
3/1/22,234.770004,1/3/22,,,,,,,
3/2/22,242.199997,1/3/22,,,,,,,
3/3/22,237.139999,1/3/22,,,,,,,
3/4/22,229.360001,1/3/22,,,,,,,
3/7/22,213.520004,1/3/22,,,,,,,
3/8/22,215.139999,1/3/22,,,,,,,
3/9/22,230.139999,1/3/22,,,,,,,
3/10/22,226.580002,1/3/22,,,,,,,
3/11/22,221,1/3/22,,,,,,,
3/14/22,213.300003,1/3/22,,,,,,,
3/15/22,229.729996,1/3/22,,,,,,,
3/16/22,244.960007,1/3/22,,,,,,,
3/17/22,247.660004,1/3/22,,,,,,,
3/18/22,264.529999,1/3/22,,,,,,,
3/21/22,267.339996,1/3/22,,,,,,,
3/22/22,265.23999,1/3/22,,,,,,,
3/23/22,256.339996,1/3/22,,,,,,,
3/24/22,281.5,1/3/22,,,,,,,
3/25/22,276.920013,1/3/22,,,,,,,
3/28/22,282.190002,1/3/22,,,,,,,
3/29/22,286.559998,1/3/22,,,,,,,
3/30/22,276.899994,1/3/22,,,,,,,
3/31/22,272.859985,1/3/22,,,,,,,
4/1/22,267.119995,1/3/22,,,,,,,
4/4/22,273.600006,1/3/22,,,,,,,
4/5/22,259.309998,1/3/22,,,,,,,
4/6/22,244.070007,1/3/22,,,,,,,
4/7/22,242.080002,1/3/22,,,,,,,
4/8/22,231.190002,1/3/22,,,,,,,
4/11/22,219.169998,1/3/22,,,,,,,
4/12/22,215.039993,1/3/22,,,,,,,
4/13/22,222.029999,1/3/22,,,,,,,
4/14/22,212.580002,1/3/22,,,,,,,
4/18/22,217.830002,1/3/22,,,,,,,
4/19/22,221.979996,1/3/22,,,,,,,
4/20/22,214.820007,1/3/22,,,,,,,
4/21/22,201.830002,1/3/22,,,,,,,
4/22/22,195.149994,1/3/22,,,,,,,
4/25/22,199.020004,1/3/22,,,,,,,
4/26/22,187.880005,1/3/22,,,,,,,
4/27/22,184.149994,1/3/22,,,,,,,
4/28/22,197.820007,1/3/22,,,,,,,
4/29/22,185.470001,1/3/22,,,,,,,
5/2/22,195.330002,1/3/22,,,,,,,
5/3/22,196.020004,1/3/22,,,,,,,
5/4/22,203.339996,1/3/22,,,,,,,
5/5/22,188.440002,1/3/22,,,,,,,
5/6/22,186.75,1/3/22,,,,,,,
5/9/22,169.5,1/3/22,,,,,,,
5/10/22,175.949997,1/3/22,,,,,,,
5/11/22,166.300003,1/3/22,,,,,,,
5/12/22,161.75,1/3/22,,,,,,,
5/13/22,177.059998,1/3/22,,,,,,,
5/16/22,172.639999,1/3/22,,,,,,,
5/17/22,181.770004,1/3/22,,,,,,,
5/18/22,169.380005,1/3/22,,,,,,,
5/19/22,171.240005,1/3/22,,,,,,,
5/20/22,166.940002,1/3/22,,,,,,,
5/23/22,168.979996,1/3/22,,,,,,,
5/24/22,161.539993,1/3/22,,,,,,,
5/25/22,169.75,1/3/22,,,,,,,
5/26/22,178.509995,1/3/22,,,,,,,
5/27/22,188.110001,1/3/22,,,,,,,
5/31/22,186.720001,1/3/22,,,,,,,
6/1/22,183.199997,1/3/22,,,,,,,
6/2/22,195.919998,1/3/22,,,,,,,
6/3/22,187.199997,1/3/22,,,,,,,
6/6/22,187.860001,1/3/22,,,,,,,
6/7/22,189.259995,1/3/22,,,,,,,
6/8/22,186.479996,1/3/22,,,,,,,
6/9/22,180.479996,1/3/22,,,,,,,
6/10/22,169.740005,1/3/22,,,,,,,
6/13/22,156.470001,1/3/22,,,,,,,
6/14/22,158.360001,1/3/22,,,,,,,
6/15/22,165.270004,1/3/22,,,,,,,
6/16/22,156.009995,1/3/22,,,,,,,
6/17/22,158.800003,1/3/22,,,,,,,
6/21/22,165.660004,1/3/22,,,,,,,
6/22/22,163.600006,1/3/22,,,,,,,
6/23/22,162.25,1/3/22,,,,,,,
6/24/22,171.259995,1/3/22,,,,,,,
6/27/22,168.690002,1/3/22,,,,,,,
6/28/22,159.820007,1/3/22,,,,,,,
6/29/22,155.419998,1/3/22,,,,,,,
6/30/22,151.589996,1/3/22,,,,,,,
7/1/22,145.229996,1/3/22,,,,,,,
7/5/22,149.639999,1/3/22,,,,,,,
7/6/22,151.300003,1/3/22,,,,,,,
7/7/22,158.580002,1/3/22,,,,,,,
7/8/22,158.380005,1/3/22,,,,,,,
7/11/22,151.520004,1/3/22,,,,,,,
7/12/22,150.820007,1/3/22,,,,,,,
7/13/22,151.639999,1/3/22,,,,,,,
7/14/22,153.720001,1/3/22,,,,,,,
7/15/22,157.619995,1/3/22,,,,,,,
7/18/22,161.009995,1/3/22,,,,,,,
7/19/22,169.919998,1/3/22,,,,,,,
7/20/22,178.070007,1/3/22,,,,,,,
7/21/22,180.5,1/3/22,,,,,,,
7/22/22,173.190002,1/3/22,,,,,,,
7/25/22,170.240005,1/3/22,,,,,,,
7/26/22,165.330002,1/3/22,,,,,,,
7/27/22,177.899994,1/3/22,,,,,,,
7/28/22,179.839996,1/3/22,,,,,,,
7/29/22,181.630005,1/3/22,,,,,,,
8/1/22,184.410004,1/3/22,,,,,,,
8/2/22,185.259995,1/3/22,,,,,,,
8/3/22,188.929993,1/3/22,,,,,,,
8/4/22,192.149994,1/3/22,,,,,,,
8/5/22,189.889999,1/3/22,,,,,,,
8/8/22,177.929993,1/3/22,,,,,,,
8/9/22,170.860001,1/3/22,,,,,,,
8/10/22,180.970001,1/3/22,,,,,,,
8/11/22,179.419998,1/3/22,,,,,,,
8/12/22,187.089996,1/3/22,,,,,,,
8/15/22,190.320007,1/3/22,,,,,,,
8/16/22,188.789993,1/3/22,,,,,,,
8/17/22,183.350006,1/3/22,,,,,,,
8/18/22,187.729996,1/3/22,,,,,,,
8/19/22,178.490005,1/3/22,,,,,,,
8/22/22,170.339996,1/3/22,,,,,,,
8/23/22,171.809998,1/3/22,,,,,,,
8/24/22,172.220001,1/3/22,,,,,,,
8/25/22,179.130005,1/3/22,,,,,,,
8/26/22,162.600006,1/3/22,,,,,,,
8/29/22,158.009995,1/3/22,,,,,,,
8/30/22,154.679993,1/3/22,,,,,,,
8/31/22,150.940002,1/3/22,,,,,,,
9/1/22,139.369995,1/3/22,,,,,,,
9/2/22,136.470001,1/3/22,,,,,,,
9/6/22,134.649994,1/3/22,,,,,,,
9/7/22,137.139999,1/3/22,,,,,,,
9/8/22,139.899994,1/3/22,,,,,,,
9/9/22,143.869995,1/3/22,,,,,,,
9/12/22,145.050003,1/3/22,,,,,,,
9/13/22,131.309998,1/3/22,,,,,,,
9/14/22,131.279999,1/3/22,,,,,,,
9/15/22,129.289993,1/3/22,,,,,,,
9/16/22,131.979996,1/3/22,,,,,,,
9/19/22,133.820007,1/3/22,,,,,,,
9/20/22,131.759995,1/3/22,,,,,,,
9/21/22,132.610001,1/3/22,,,,,,,
9/22/22,125.610001,1/3/22,,,,,,,
9/23/22,125.160004,1/3/22,,,,,,,
9/26/22,122.279999,1/3/22,,,,,,,
9/27/22,124.129997,1/3/22,,,,,,,
9/28/22,127.360001,1/3/22,,,,,,,
9/29/22,122.199997,1/3/22,,,,,,,
9/30/22,121.389999,1/3/22,,,,,,,
10/3/22,125.120003,1/3/22,,,,,,,
10/4/22,131.669998,1/3/22,,,,,,,
10/5/22,132.089996,1/3/22,,,,,,,
10/6/22,131.300003,1/3/22,,,,,,,
10/7/22,120.760002,1/3/22,,,,,,,
10/10/22,116.699997,1/3/22,,,,,,,
10/11/22,115.860001,1/3/22,,,,,,,
10/12/22,115,1/3/22,,,,,,,
10/13/22,119.599998,1/3/22,,,,,,,
10/14/22,112.269997,1/3/22,,,,,,,
10/17/22,118.879997,1/3/22,,,,,,,
10/18/22,119.669998,1/3/22,,,,,,,
10/19/22,120.510002,1/3/22,,,,,,,
10/20/22,121.940002,1/3/22,,,,,,,
10/21/22,124.660004,1/3/22,,,,,,,
10/24/22,125.989998,1/3/22,,,,,,,
10/25/22,132.610001,1/3/22,,,,,,,
10/26/22,128.960007,1/3/22,,,,,,,
10/27/22,131.759995,1/3/22,,,,,,,
10/28/22,138.339996,1/3/22,,,,,,,
10/31/22,134.970001,1/3/22,,,,,,,
11/1/22,135.429993,1/3/22,,,,,,,
11/2/22,132.190002,1/3/22,,,,,,,
11/3/22,134.210007,1/3/22,,,,,,,
11/4/22,141.559998,1/3/22,,,,,,,
11/7/22,143.009995,1/3/22,,,,,,,
11/8/22,146.020004,1/3/22,,,,,,,
11/9/22,137.759995,1/3/22,,,,,,,
11/10/22,157.5,1/3/22,,,,,,,
11/11/22,163.270004,1/3/22,,,,,,,
11/14/22,162.949997,1/3/22,,,,,,,
11/15/22,166.660004,1/3/22,,,,,,,
11/16/22,159.100006,1/3/22,,,,,,,
11/17/22,156.770004,1/3/22,,,,,,,
11/18/22,154.089996,1/3/22,,,,,,,
11/21/22,153.169998,1/3/22,,,,,,,
11/22/22,160.380005,1/3/22,,,,,,,
11/23/22,165.190002,1/3/22,,,,,,,
11/25/22,162.699997,1/3/22,,,,,,,
11/28/22,158.270004,1/3/22,,,,,,,
11/29/22,156.389999,1/3/22,,,,,,,
11/30/22,169.229996,1/3/22,,,,,,,
12/1/22,171.350006,1/3/22,,,,,,,
12/2/22,168.759995,1/3/22,,,,,,,
12/5/22,166.100006,1/3/22,,,,,,,
12/6/22,159.869995,1/3/22,,,,,,,
12/7/22,161.199997,1/3/22,,,,,,,
12/8/22,171.690002,1/3/22,,,,,,,
12/9/22,170.009995,1/3/22,,,,,,,
12/12/22,175.350006,1/3/22,,,,,,,
12/13/22,180.720001,1/3/22,,,,,,,
12/14/22,176.740005,1/3/22,,,,,,,
12/15/22,169.520004,1/3/22,,,,,,,
12/16/22,165.710007,1/3/22,,,,,,,
12/19/22,162.539993,1/3/22,,,,,,,
12/20/22,160.850006,1/3/22,,,,,,,
12/21/22,165.009995,1/3/22,,,,,,,
12/22/22,153.389999,1/3/22,,,,,,,
12/23/22,152.059998,1/3/22,,,,,,,
12/27/22,141.210007,1/3/22,,,,,,,
12/28/22,140.360001,1/3/22,,,,,,,
12/29/22,146.029999,1/3/22,,,,,,,
12/30/22,146.139999,1/3/22,,,,,,,
1/3/23,143.149994,1/3/23,,,,,,,
1/4/23,147.490005,1/3/23,,,,,,,
1/5/23,142.649994,1/3/23,,,,,,,
1/6/23,148.589996,1/3/23,,,,,,,
1/9/23,156.279999,1/3/23,,,,,,,
1/10/23,159.089996,1/3/23,,,,,,,
1/11/23,160.009995,1/3/23,,,,,,,
1/12/23,165.110001,1/3/23,,,,,,,
1/13/23,168.990005,1/3/23,,,,,,,
1/17/23,177.020004,1/3/23,,,,,,,
1/18/23,173.770004,1/3/23,,,,,,,
1/19/23,167.649994,1/3/23,,,,,,,
1/20/23,178.389999,1/3/23,,,,,,,
1/23/23,191.929993,1/3/23,,,,,,,
1/24/23,192.649994,1/3/23,,,,,,,
1/25/23,193.229996,1/3/23,,,,,,,
1/26/23,198.020004,1/3/23,,,,,,,
1/27/23,203.649994,1/3/23,,,,,,,
1/30/23,191.619995,1/3/23,,,,,,,
1/31/23,195.369995,1/3/23,,,,,,,
2/1/23,209.429993,1/3/23,,,,,,,
2/2/23,217.089996,1/3/23,,,,,,,
2/3/23,211,1/3/23,,,,,,,
2/6/23,210.889999,1/3/23,,,,,,,
2/7/23,221.729996,1/3/23,,,,,,,
2/8/23,222.050003,1/3/23,,,,,,,
2/9/23,223.369995,1/3/23,,,,,,,
2/10/23,212.649994,1/3/23,,,,,,,
2/13/23,217.880005,1/3/23,,,,,,,
2/14/23,229.710007,1/3/23,,,,,,,
2/15/23,227.639999,1/3/23,,,,,,,
2/16/23,220.020004,1/3/23,,,,,,,
2/17/23,213.880005,1/3/23,,,,,,,
2/21/23,206.550003,1/3/23,,,,,,,
2/22/23,207.539993,1/3/23,,,,,,,
2/23/23,236.639999,1/3/23,,,,,,,
2/24/23,232.860001,1/3/23,,,,,,,
2/27/23,235.009995,1/3/23,,,,,,,
2/28/23,232.160004,1/3/23,,,,,,,
3/1/23,226.979996,1/3/23,,,,,,,
3/2/23,233.139999,1/3/23,,,,,,,
3/3/23,238.899994,1/3/23,,,,,,,
3/6/23,235.539993,1/3/23,,,,,,,
3/7/23,232.880005,1/3/23,,,,,,,
3/8/23,241.809998,1/3/23,,,,,,,
3/9/23,234.360001,1/3/23,,,,,,,
3/10/23,229.649994,1/3/23,,,,,,,
3/13/23,229.660004,1/3/23,,,,,,,
3/14/23,240.630005,1/3/23,,,,,,,
3/15/23,242.279999,1/3/23,,,,,,,
3/16/23,255.410004,1/3/23,,,,,,,
3/17/23,257.25,1/3/23,,,,,,,
3/20/23,259,1/3/23,,,,,,,
3/21/23,261.98999,1/3/23,,,,,,,
3/22/23,264.679993,1/3/23,,,,,,,
3/23/23,271.910004,1/3/23,,,,,,,
3/24/23,267.790009,1/3/23,,,,,,,
3/27/23,265.309998,1/3/23,,,,,,,
3/28/23,264.100006,1/3/23,,,,,,,
3/29/23,269.839996,1/3/23,,,,,,,
3/30/23,273.829987,1/3/23,,,,,,,
3/31/23,277.769989,1/3/23,,,,,,,
4/3/23,279.649994,1/3/23,,,,,,,
4/4/23,274.529999,1/3/23,,,,,,,
4/5/23,268.809998,1/3/23,,,,,,,
4/6/23,270.369995,1/3/23,,,,,,,
4/10/23,275.790009,1/3/23,,,,,,,
4/11/23,271.690002,1/3/23,,,,,,,
4/12/23,264.950012,1/3/23,,,,,,,
4/13/23,264.630005,1/3/23,,,,,,,
4/14/23,267.579987,1/3/23,,,,,,,
4/17/23,270.019989,1/3/23,,,,,,,
4/18/23,276.670013,1/3/23,,,,,,,
4/19/23,279.309998,1/3/23,,,,,,,
4/20/23,271.040009,1/3/23,,,,,,,
4/21/23,271.190002,1/3/23,,,,,,,
4/24/23,270.420013,1/3/23,,,,,,,
4/25/23,262.410004,1/3/23,,,,,,,
4/26/23,269.559998,1/3/23,,,,,,,
4/27/23,272.26001,1/3/23,,,,,,,
4/28/23,277.48999,1/3/23,,,,,,,
5/1/23,289.100006,1/3/23,,,,,,,
5/2/23,282.100006,1/3/23,,,,,,,
5/3/23,278.019989,1/3/23,,,,,,,
5/4/23,275.619995,1/3/23,,,,,,,
5/5/23,286.799988,1/3/23,,,,,,,
5/8/23,291.51001,1/3/23,,,,,,,
5/9/23,285.709991,1/3/23,,,,,,,
5/10/23,288.850006,1/3/23,,,,,,,
5/11/23,285.779999,1/3/23,,,,,,,
5/12/23,283.399994,1/3/23,,,,,,,
5/15/23,289.529999,1/3/23,,,,,,,
5/16/23,292.130005,1/3/23,,,,,,,
5/17/23,301.779999,1/3/23,,,,,,,
5/18/23,316.779999,1/3/23,,,,,,,
5/19/23,312.640015,1/3/23,,,,,,,
5/22/23,311.76001,1/3/23,,,,,,,
5/23/23,306.880005,1/3/23,,,,,,,
5/24/23,305.380005,1/3/23,,,,,,,
5/25/23,379.799988,1/3/23,,,,,,,
5/26/23,389.459991,1/3/23,,,,,,,
5/30/23,401.109985,1/3/23,,,,,,,
5/31/23,378.339996,1/3/23,,,,,,,
6/1/23,397.700012,1/3/23,,,,,,,
6/2/23,393.269989,1/3/23,,,,,,,
6/5/23,391.709991,1/3/23,,,,,,,
6/6/23,386.540009,1/3/23,,,,,,,
6/7/23,374.75,1/3/23,,,,,,,
6/8/23,385.100006,1/3/23,,,,,,,
6/9/23,387.700012,1/3/23,,,,,,,
6/12/23,394.820007,1/3/23,,,,,,,
6/13/23,410.220001,1/3/23,,,,,,,
6/14/23,429.970001,1/3/23,,,,,,,
6/15/23,426.529999,1/3/23,,,,,,,
6/16/23,426.920013,1/3/23,,,,,,,
6/20/23,438.079987,1/3/23,,,,,,,
6/21/23,430.450012,1/3/23,,,,,,,
6/22/23,430.25,1/3/23,,,,,,,
6/23/23,422.089996,1/3/23,,,,,,,
6/26/23,406.320007,1/3/23,,,,,,,
6/27/23,418.76001,1/3/23,,,,,,,
6/28/23,411.170013,1/3/23,,,,,,,
6/29/23,408.220001,1/3/23,,,,,,,
6/30/23,423.019989,1/3/23,,,,,,,
7/3/23,424.130005,1/3/23,,,,,,,
7/5/23,423.170013,1/3/23,,,,,,,
7/6/23,421.029999,1/3/23,,,,,,,
7/7/23,425.029999,1/3/23,,,,,,,
7/10/23,421.799988,1/3/23,,,,,,,
7/11/23,424.049988,1/3/23,,,,,,,
7/12/23,439.019989,1/3/23,,,,,,,
7/13/23,459.769989,1/3/23,,,,,,,
7/14/23,454.690002,1/3/23,,,,,,,
7/17/23,464.609985,1/3/23,,,,,,,
7/18/23,474.940002,1/3/23,,,,,,,
7/19/23,470.769989,1/3/23,,,,,,,
7/20/23,455.200012,1/3/23,,,,,,,
7/21/23,443.089996,1/3/23,,,,,,,
7/24/23,446.119995,1/3/23,,,,,,,
7/25/23,456.790009,1/3/23,,,,,,,
7/26/23,454.519989,1/3/23,,,,,,,
7/27/23,459,1/3/23,,,,,,,
7/28/23,467.5,1/3/23,,,,,,,
7/31/23,467.290009,1/3/23,,,,,,,
8/1/23,465.070007,1/3/23,,,,,,,
8/2/23,442.690002,1/3/23,,,,,,,
8/3/23,445.149994,1/3/23,,,,,,,
8/4/23,446.799988,1/3/23,,,,,,,
8/7/23,454.170013,1/3/23,,,,,,,
8/8/23,446.640015,1/3/23,,,,,,,
8/9/23,425.540009,1/3/23,,,,,,,
8/10/23,423.880005,1/3/23,,,,,,,
8/11/23,408.549988,1/3/23,,,,,,,
8/14/23,437.529999,1/3/23,,,,,,,
8/15/23,439.399994,1/3/23,,,,,,,
8/16/23,434.859985,1/3/23,,,,,,,
8/17/23,433.440002,1/3/23,,,,,,,
8/18/23,432.98999,1/3/23,,,,,,,
8/21/23,469.670013,1/3/23,,,,,,,
8/22/23,456.679993,1/3/23,,,,,,,
8/23/23,471.160004,1/3/23,,,,,,,
8/24/23,471.630005,1/3/23,,,,,,,
8/25/23,460.179993,1/3/23,,,,,,,
8/28/23,468.350006,1/3/23,,,,,,,
8/29/23,487.839996,1/3/23,,,,,,,
8/30/23,492.640015,1/3/23,,,,,,,
8/31/23,493.549988,1/3/23,,,,,,,
9/1/23,485.089996,1/3/23,,,,,,,
9/5/23,485.480011,1/3/23,,,,,,,
9/6/23,470.609985,1/3/23,,,,,,,
9/7/23,462.410004,1/3/23,,,,,,,
9/8/23,455.720001,1/3/23,,,,,,,
9/11/23,451.779999,1/3/23,,,,,,,
9/12/23,448.700012,1/3/23,,,,,,,
9/13/23,454.850006,1/3/23,,,,,,,
9/14/23,455.809998,1/3/23,,,,,,,
9/15/23,439,1/3/23,,,,,,,
9/18/23,439.660004,1/3/23,,,,,,,
9/19/23,435.200012,1/3/23,,,,,,,
9/20/23,422.390015,1/3/23,,,,,,,
9/21/23,410.170013,1/3/23,,,,,,,
9/22/23,416.100006,1/3/23,,,,,,,
9/25/23,422.220001,1/3/23,,,,,,,
9/26/23,419.109985,1/3/23,,,,,,,
9/27/23,424.679993,1/3/23,,,,,,,
9/28/23,430.890015,1/3/23,,,,,,,
9/29/23,434.98999,1/3/23,,,,,,,
10/2/23,447.820007,1/3/23,,,,,,,
10/3/23,435.170013,1/3/23,,,,,,,
10/4/23,440.410004,1/3/23,,,,,,,
10/5/23,446.880005,1/3/23,,,,,,,
10/6/23,457.619995,1/3/23,,,,,,,
10/9/23,452.730011,1/3/23,,,,,,,
10/10/23,457.980011,1/3/23,,,,,,,
10/11/23,468.059998,1/3/23,,,,,,,
10/12/23,469.450012,1/3/23,,,,,,,
10/13/23,454.609985,1/3/23,,,,,,,
10/16/23,460.950012,1/3/23,,,,,,,
10/17/23,439.380005,1/3/23,,,,,,,
10/18/23,421.959991,1/3/23,,,,,,,
10/19/23,421.01001,1/3/23,,,,,,,
10/20/23,413.869995,1/3/23,,,,,,,
10/23/23,429.75,1/3/23,,,,,,,
10/24/23,436.630005,1/3/23,,,,,,,
10/25/23,417.790009,1/3/23,,,,,,,
10/26/23,403.26001,1/3/23,,,,,,,
10/27/23,405,1/3/23,,,,,,,
10/30/23,411.609985,1/3/23,,,,,,,
10/31/23,407.799988,1/3/23,,,,,,,
11/1/23,423.25,1/3/23,,,,,,,
11/2/23,435.059998,1/3/23,,,,,,,
11/3/23,450.049988,1/3/23,,,,,,,
11/6/23,457.51001,1/3/23,,,,,,,
11/7/23,459.549988,1/3/23,,,,,,,
11/8/23,465.73999,1/3/23,,,,,,,
11/9/23,469.5,1/3/23,,,,,,,
11/10/23,483.350006,1/3/23,,,,,,,
11/13/23,486.200012,1/3/23,,,,,,,
11/14/23,496.559998,1/3/23,,,,,,,
11/15/23,488.880005,1/3/23,,,,,,,
11/16/23,494.799988,1/3/23,,,,,,,
11/17/23,492.980011,1/3/23,,,,,,,
11/20/23,504.089996,1/3/23,,,,,,,
11/21/23,499.440002,1/3/23,,,,,,,
11/22/23,487.160004,1/3/23,,,,,,,
11/24/23,477.76001,1/3/23,,,,,,,
11/27/23,482.420013,1/3/23,,,,,,,
11/28/23,478.209991,1/3/23,,,,,,,
11/29/23,481.399994,1/3/23,,,,,,,
11/30/23,467.700012,1/3/23,,,,,,,
12/1/23,467.649994,1/3/23,,,,,,,
12/4/23,455.100006,1/3/23,,,,,,,
12/5/23,465.660004,1/3/23,,,,,,,
12/6/23,455.029999,1/3/23,,,,,,,
12/7/23,465.959991,1/3/23,,,,,,,
12/8/23,475.059998,1/3/23,,,,,,,
12/11/23,466.269989,1/3/23,,,,,,,
12/12/23,476.570007,1/3/23,,,,,,,
12/13/23,480.880005,1/3/23,,,,,,,
12/14/23,483.5,1/3/23,,,,,,,
12/15/23,488.899994,1/3/23,,,,,,,
12/18/23,500.769989,1/3/23,,,,,,,
12/19/23,496.040009,1/3/23,,,,,,,
12/20/23,481.109985,1/3/23,,,,,,,
12/21/23,489.899994,1/3/23,,,,,,,
12/22/23,488.299988,1/3/23,,,,,,,
12/26/23,492.790009,1/3/23,,,,,,,
12/27/23,494.170013,1/3/23,,,,,,,
12/28/23,495.220001,1/3/23,,,,,,,
12/29/23,495.220001,1/3/23,,,,,,,
1/2/24,481.679993,1/2/24,,,,,,,
1/3/24,475.690002,1/2/24,,,,,,,
1/4/24,479.980011,1/2/24,,,,,,,
1/5/24,490.970001,1/2/24,,,,,,,
1/8/24,522.530029,1/2/24,,,,,,,
1/9/24,531.400024,1/2/24,,,,,,,
1/10/24,543.5,1/2/24,,,,,,,
1/11/24,548.219971,1/2/24,,,,,,,
1/12/24,547.099976,1/2/24,,,,,,,
1/16/24,563.820007,1/2/24,,,,,,,
1/17/24,560.530029,1/2/24,,,,,,,
1/18/24,571.070007,1/2/24,,,,,,,
1/19/24,594.909973,1/2/24,,,,,,,
1/22/24,596.539978,1/2/24,,,,,,,
1/23/24,598.72998,1/2/24,,,,,,,
1/24/24,613.619995,1/2/24,,,,,,,
1/25/24,616.169983,1/2/24,,,,,,,
1/26/24,610.309998,1/2/24,,,,,,,
1/29/24,624.650024,1/2/24,,,,,,,
1/30/24,627.73999,1/2/24,,,,,,,
1/31/24,615.27002,1/2/24,,,,,,,
2/1/24,630.27002,1/2/24,,,,,,,
2/2/24,661.599976,1/2/24,,,,,,,
2/5/24,693.320007,1/2/24,,,,,,,
2/6/24,682.22998,1/2/24,,,,,,,
2/7/24,700.98999,1/2/24,,,,,,,
2/8/24,696.409973,1/2/24,,,,,,,
2/9/24,721.330017,1/2/24,,,,,,,
2/12/24,722.47998,1/2/24,,,,,,,
2/13/24,721.280029,1/2/24,,,,,,,
2/14/24,739,1/2/24,,,,,,,
2/15/24,726.580017,1/2/24,,,,,,,
2/16/24,726.130005,1/2/24,,,,,,,
2/20/24,694.52002,1/2/24,,,,,,,
2/21/24,674.719971,1/2/24,,,,,,,
2/22/24,785.380005,1/2/24,,,,,,,
2/23/24,788.169983,1/2/24,,,,,,,
2/26/24,790.919983,1/2/24,,,,,,,
2/27/24,787.01001,1/2/24,,,,,,,
2/28/24,776.630005,1/2/24,,,,,,,
2/29/24,791.119995,1/2/24,,,,,,,
3/1/24,822.789978,1/2/24,,,,,,,
3/4/24,852.369995,1/2/24,,,,,,,
3/5/24,859.640015,1/2/24,,,,,,,
3/6/24,887,1/2/24,,,,,,,
3/7/24,926.690002,1/2/24,,,,,,,
3/8/24,875.280029,1/2/24,,,,,,,
3/11/24,857.73999,1/2/24,,,,,,,
3/12/24,919.130005,1/2/24,,,,,,,
3/13/24,908.880005,1/2/24,,,,,,,
3/14/24,879.440002,1/2/24,,,,,,,
3/15/24,878.369995,1/2/24,,,,,,,
3/18/24,884.549988,1/2/24,,,,,,,
3/19/24,893.97998,1/2/24,,,,,,,
3/20/24,903.719971,1/2/24,,,,,,,
3/21/24,914.349976,1/2/24,,,,,,,
3/22/24,942.890015,1/2/24,,,,,,,
3/25/24,950.02002,1/2/24,,,,,,,
3/26/24,925.609985,1/2/24,,,,,,,
3/27/24,902.5,1/2/24,,,,,,,
3/28/24,903.559998,1/2/24,,,,,,,
4/1/24,903.630005,1/2/24,,,,,,,
4/2/24,894.52002,1/2/24,,,,,,,
4/3/24,889.640015,1/2/24,,,,,,,
4/4/24,859.049988,1/2/24,,,,,,,
4/5/24,880.080017,1/2/24,,,,,,,
4/8/24,871.330017,1/2/24,,,,,,,
4/9/24,853.539978,1/2/24,,,,,,,
4/10/24,870.390015,1/2/24,,,,,,,
4/11/24,906.159973,1/2/24,,,,,,,
4/12/24,881.859985,1/2/24,,,,,,,
4/15/24,860.01001,1/2/24,,,,,,,
4/16/24,874.150024,1/2/24,,,,,,,
4/17/24,840.349976,1/2/24,,,,,,,
4/18/24,846.710022,1/2/24,,,,,,,
4/19/24,762,1/2/24,,,,,,,
4/22/24,795.179993,1/2/24,,,,,,,
4/23/24,824.22998,1/2/24,,,,,,,
4/24/24,796.77002,1/2/24,,,,,,,
4/25/24,826.320007,1/2/24,,,,,,,
4/26/24,877.349976,1/2/24,,,,,,,
4/29/24,877.570007,1/2/24,,,,,,,
4/30/24,864.02002,1/2/24,,,,,,,
5/1/24,830.409973,1/2/24,,,,,,,
5/2/24,858.169983,1/2/24,,,,,,,
5/3/24,887.890015,1/2/24,,,,,,,
5/6/24,921.400024,1/2/24,,,,,,,
5/7/24,905.539978,1/2/24,,,,,,,
5/8/24,904.119995,1/2/24,,,,,,,
5/9/24,887.469971,1/2/24,,,,,,,
5/10/24,898.780029,1/2/24,,,,,,,
5/13/24,903.98999,1/2/24,,,,,,,
5/14/24,913.559998,1/2/24,,,,,,,
5/15/24,946.299988,1/2/24,,,,,,,
5/16/24,943.590027,1/2/24,,,,,,,
5/17/24,924.789978,1/2/24,,,,,,,
5/20/24,947.799988,1/2/24,,,,,,,
5/21/24,953.859985,1/2/24,,,,,,,
5/22/24,949.5,1/2/24,,,,,,,
5/23/24,1037.98999,1/2/24,,,,,,,
5/24/24,1064.689941,1/2/24,,,,,,,
5/28/24,1139.01001,1/2/24,,,,,,,
5/29/24,1148.25,1/2/24,,,,,,,
5/30/24,1105,1/2/24,,,,,,,
5/31/24,1096.329956,1/2/24,,,,,,,
6/3/24,1150,1/2/24,,,,,,,
6/4/24,1164.369995,1/2/24,,,,,,,
6/5/24,1224.400024,1/2/24,,,,,,,
6/6/24,1209.97998,1/2/24,,,,,,,