Date,Close,MIN.YEAR,Year,New.Year,Min,Min.Date,Max,Max.Date,New.Year
6/6/2014,4.7575,6/6/2014,2014,6/6/2014,4.1975,10/13/2014,5.285,12/3/2014,
6/9/2014,4.7625,6/6/2014,2015,1/2/2015,4.785,6/19/2014,8.4375,12/4/2015,
6/10/2014,4.7875,6/6/2014,2016,1/4/2016,6.305,2/8/2016,29.33,12/27/2016,
6/11/2014,4.85,6/6/2014,2017,1/3/2017,23.872499,4/13/2017,54.240002,11/24/2017,
6/12/2014,4.88,6/6/2014,2018,1/2/2018,31.77,12/24/2018,72.339996,10/1/2018,
6/13/2014,4.885,6/6/2014,2019,1/2/2019,31.997499,1/3/2019,59.842499,12/20/2019,
6/16/2014,4.87,6/6/2014,2020,1/2/2020,49.099998,3/16/2020,145.619995,11/6/2020,
6/17/2014,4.9025,6/6/2014,2021,1/4/2021,115.932503,3/8/2021,333.76001,11/29/2021,
6/18/2014,4.8975,6/6/2014,2022,1/3/2022,112.269997,10/14/2022,301.209991,1/3/2022,
6/19/2014,4.785,6/6/2014,2023,1/3/2023,142.649994,1/5/2023,504.089996,11/20/2023,
6/20/2014,4.7325,6/6/2014,2024,1/2/2024,475.690002,1/3/2024,1224.400024,6/5/2024,
6/23/2014,4.6775,6/6/2014,,,,,,,
6/24/2014,4.605,6/6/2014,,,,,,,
6/25/2014,4.6525,6/6/2014,,,,,,,
6/26/2014,4.59,6/6/2014,,,,,,,
6/27/2014,4.595,6/6/2014,,,,,,,
6/30/2014,4.635,6/6/2014,,,,,,,
7/1/2014,4.6875,6/6/2014,,,,,,,
7/2/2014,4.67,6/6/2014,,,,,,,
7/3/2014,4.7125,6/6/2014,,,,,,,
7/7/2014,4.675,6/6/2014,,,,,,,
7/8/2014,4.6375,6/6/2014,,,,,,,
7/9/2014,4.7775,6/6/2014,,,,,,,
7/10/2014,4.7525,6/6/2014,,,,,,,
7/11/2014,4.7625,6/6/2014,,,,,,,
7/14/2014,4.8225,6/6/2014,,,,,,,
7/15/2014,4.8425,6/6/2014,,,,,,,
7/16/2014,4.8375,6/6/2014,,,,,,,
7/17/2014,4.825,6/6/2014,,,,,,,
7/18/2014,4.61,6/6/2014,,,,,,,
7/21/2014,4.6375,6/6/2014,,,,,,,
7/22/2014,4.6175,6/6/2014,,,,,,,
7/23/2014,4.52,6/6/2014,,,,,,,
7/24/2014,4.5275,6/6/2014,,,,,,,
7/25/2014,4.4475,6/6/2014,,,,,,,
7/28/2014,4.43,6/6/2014,,,,,,,
7/29/2014,4.445,6/6/2014,,,,,,,
7/30/2014,4.52,6/6/2014,,,,,,,
7/31/2014,4.375,6/6/2014,,,,,,,
8/1/2014,4.4225,6/6/2014,,,,,,,
8/4/2014,4.4125,6/6/2014,,,,,,,
8/5/2014,4.415,6/6/2014,,,,,,,
8/6/2014,4.41,6/6/2014,,,,,,,
8/7/2014,4.365,6/6/2014,,,,,,,
8/8/2014,4.75,6/6/2014,,,,,,,
8/11/2014,4.725,6/6/2014,,,,,,,
8/12/2014,4.725,6/6/2014,,,,,,,
8/13/2014,4.7525,6/6/2014,,,,,,,
8/14/2014,4.7,6/6/2014,,,,,,,
8/15/2014,4.76,6/6/2014,,,,,,,
8/18/2014,4.825,6/6/2014,,,,,,,
8/19/2014,4.8425,6/6/2014,,,,,,,
8/20/2014,4.8125,6/6/2014,,,,,,,
8/21/2014,4.7675,6/6/2014,,,,,,,
8/22/2014,4.77,6/6/2014,,,,,,,
8/25/2014,4.7775,6/6/2014,,,,,,,
8/26/2014,4.8625,6/6/2014,,,,,,,
8/27/2014,4.8075,6/6/2014,,,,,,,
8/28/2014,4.8475,6/6/2014,,,,,,,
8/29/2014,4.8625,6/6/2014,,,,,,,
9/2/2014,4.875,6/6/2014,,,,,,,
9/3/2014,4.92,6/6/2014,,,,,,,
9/4/2014,5.0075,6/6/2014,,,,,,,
9/5/2014,4.9925,6/6/2014,,,,,,,
9/8/2014,4.9475,6/6/2014,,,,,,,
9/9/2014,4.885,6/6/2014,,,,,,,
9/10/2014,4.9025,6/6/2014,,,,,,,
9/11/2014,4.8525,6/6/2014,,,,,,,
9/12/2014,4.78,6/6/2014,,,,,,,
9/15/2014,4.715,6/6/2014,,,,,,,
9/16/2014,4.785,6/6/2014,,,,,,,
9/17/2014,4.7875,6/6/2014,,,,,,,
9/18/2014,4.86,6/6/2014,,,,,,,
9/19/2014,4.77,6/6/2014,,,,,,,
9/22/2014,4.7225,6/6/2014,,,,,,,
9/23/2014,4.7025,6/6/2014,,,,,,,
9/24/2014,4.73,6/6/2014,,,,,,,
9/25/2014,4.6275,6/6/2014,,,,,,,
9/26/2014,4.6375,6/6/2014,,,,,,,
9/29/2014,4.63,6/6/2014,,,,,,,
9/30/2014,4.6125,6/6/2014,,,,,,,
10/1/2014,4.5675,6/6/2014,,,,,,,
10/2/2014,4.5475,6/6/2014,,,,,,,
10/3/2014,4.5575,6/6/2014,,,,,,,
10/6/2014,4.53,6/6/2014,,,,,,,
10/7/2014,4.4825,6/6/2014,,,,,,,
10/8/2014,4.565,6/6/2014,,,,,,,
10/9/2014,4.4775,6/6/2014,,,,,,,
10/10/2014,4.2125,6/6/2014,,,,,,,
10/13/2014,4.1975,6/6/2014,,,,,,,
10/14/2014,4.295,6/6/2014,,,,,,,
10/15/2014,4.36,6/6/2014,,,,,,,
10/16/2014,4.3625,6/6/2014,,,,,,,
10/17/2014,4.355,6/6/2014,,,,,,,
10/20/2014,4.3925,6/6/2014,,,,,,,
10/21/2014,4.58,6/6/2014,,,,,,,
10/22/2014,4.4725,6/6/2014,,,,,,,
10/23/2014,4.5725,6/6/2014,,,,,,,
10/24/2014,4.62,6/6/2014,,,,,,,
10/27/2014,4.6225,6/6/2014,,,,,,,
10/28/2014,4.7325,6/6/2014,,,,,,,
10/29/2014,4.7025,6/6/2014,,,,,,,
10/30/2014,4.6725,6/6/2014,,,,,,,
10/31/2014,4.885,6/6/2014,,,,,,,
11/3/2014,4.9675,6/6/2014,,,,,,,
11/4/2014,5.0325,6/6/2014,,,,,,,
11/5/2014,5.0325,6/6/2014,,,,,,,
11/6/2014,5.055,6/6/2014,,,,,,,
11/7/2014,4.9475,6/6/2014,,,,,,,
11/10/2014,5.005,6/6/2014,,,,,,,
11/11/2014,4.945,6/6/2014,,,,,,,
11/12/2014,4.9125,6/6/2014,,,,,,,
11/13/2014,4.8875,6/6/2014,,,,,,,
11/14/2014,4.9475,6/6/2014,,,,,,,
11/17/2014,4.925,6/6/2014,,,,,,,
11/18/2014,5.0425,6/6/2014,,,,,,,
11/19/2014,5.0025,6/6/2014,,,,,,,
11/20/2014,5.085,6/6/2014,,,,,,,
11/21/2014,5.1125,6/6/2014,,,,,,,
11/24/2014,5.145,6/6/2014,,,,,,,
11/25/2014,5.1425,6/6/2014,,,,,,,
11/26/2014,5.23,6/6/2014,,,,,,,
11/28/2014,5.2425,6/6/2014,,,,,,,
12/1/2014,5.145,6/6/2014,,,,,,,
12/2/2014,5.1525,6/6/2014,,,,,,,
12/3/2014,5.285,6/6/2014,,,,,,,
12/4/2014,5.2375,6/6/2014,,,,,,,
12/5/2014,5.2675,6/6/2014,,,,,,,
12/8/2014,5.2,6/6/2014,,,,,,,
12/9/2014,5.1825,6/6/2014,,,,,,,
12/10/2014,5.0675,6/6/2014,,,,,,,
12/11/2014,5.065,6/6/2014,,,,,,,
12/12/2014,4.9075,6/6/2014,,,,,,,
12/15/2014,4.8925,6/6/2014,,,,,,,
12/16/2014,4.8375,6/6/2014,,,,,,,
12/17/2014,5.035,6/6/2014,,,,,,,
12/18/2014,5.055,6/6/2014,,,,,,,
12/19/2014,5.105,6/6/2014,,,,,,,
12/22/2014,5.195,6/6/2014,,,,,,,
12/23/2014,5.1625,6/6/2014,,,,,,,
12/24/2014,5.1425,6/6/2014,,,,,,,
12/26/2014,5.1475,6/6/2014,,,,,,,
12/29/2014,5.14,6/6/2014,,,,,,,
12/30/2014,5.0925,6/6/2014,,,,,,,
12/31/2014,5.0125,6/6/2014,,,,,,,
1/2/2015,5.0325,1/2/2015,,,,,,,
1/5/2015,4.9475,1/2/2015,,,,,,,
1/6/2015,4.7975,1/2/2015,,,,,,,
1/7/2015,4.785,1/2/2015,,,,,,,
1/8/2015,4.965,1/2/2015,,,,,,,
1/9/2015,4.985,1/2/2015,,,,,,,
1/12/2015,4.9225,1/2/2015,,,,,,,
1/13/2015,4.915,1/2/2015,,,,,,,
1/14/2015,4.935,1/2/2015,,,,,,,
1/15/2015,4.9,1/2/2015,,,,,,,
1/16/2015,4.99,1/2/2015,,,,,,,
1/20/2015,5.005,1/2/2015,,,,,,,
1/21/2015,5.075,1/2/2015,,,,,,,
1/22/2015,5.1625,1/2/2015,,,,,,,
1/23/2015,5.1775,1/2/2015,,,,,,,
1/26/2015,5.155,1/2/2015,,,,,,,
1/27/2015,4.9075,1/2/2015,,,,,,,
1/28/2015,4.8275,1/2/2015,,,,,,,
1/29/2015,4.945,1/2/2015,,,,,,,
1/30/2015,4.8,1/2/2015,,,,,,,
2/2/2015,4.905,1/2/2015,,,,,,,
2/3/2015,5.0275,1/2/2015,,,,,,,
2/4/2015,5.04,1/2/2015,,,,,,,
2/5/2015,5.1225,1/2/2015,,,,,,,
2/6/2015,5.1,1/2/2015,,,,,,,
2/9/2015,5.095,1/2/2015,,,,,,,
2/10/2015,5.2375,1/2/2015,,,,,,,
2/11/2015,5.2025,1/2/2015,,,,,,,
2/12/2015,5.575,1/2/2015,,,,,,,
2/13/2015,5.5775,1/2/2015,,,,,,,
2/17/2015,5.595,1/2/2015,,,,,,,
2/18/2015,5.53,1/2/2015,,,,,,,
2/19/2015,5.545,1/2/2015,,,,,,,
2/20/2015,5.585,1/2/2015,,,,,,,
2/23/2015,5.54,1/2/2015,,,,,,,
2/24/2015,5.5775,1/2/2015,,,,,,,
2/25/2015,5.535,1/2/2015,,,,,,,
2/26/2015,5.55,1/2/2015,,,,,,,
2/27/2015,5.515,1/2/2015,,,,,,,
3/2/2015,5.65,1/2/2015,,,,,,,
3/3/2015,5.545,1/2/2015,,,,,,,
3/4/2015,5.6075,1/2/2015,,,,,,,
3/5/2015,5.715,1/2/2015,,,,,,,
3/6/2015,5.6375,1/2/2015,,,,,,,
3/9/2015,5.6525,1/2/2015,,,,,,,
3/10/2015,5.75,1/2/2015,,,,,,,
3/11/2015,5.72,1/2/2015,,,,,,,
3/12/2015,5.6675,1/2/2015,,,,,,,
3/13/2015,5.675,1/2/2015,,,,,,,
3/16/2015,5.7425,1/2/2015,,,,,,,
3/17/2015,5.8125,1/2/2015,,,,,,,
3/18/2015,5.7175,1/2/2015,,,,,,,
3/19/2015,5.805,1/2/2015,,,,,,,
3/20/2015,5.8675,1/2/2015,,,,,,,
3/23/2015,5.6775,1/2/2015,,,,,,,
3/24/2015,5.6,1/2/2015,,,,,,,
3/25/2015,5.26,1/2/2015,,,,,,,
3/26/2015,5.2425,1/2/2015,,,,,,,
3/27/2015,5.345,1/2/2015,,,,,,,
3/30/2015,5.3675,1/2/2015,,,,,,,
3/31/2015,5.2325,1/2/2015,,,,,,,
4/1/2015,5.2525,1/2/2015,,,,,,,
4/2/2015,5.265,1/2/2015,,,,,,,
4/6/2015,5.4175,1/2/2015,,,,,,,
4/7/2015,5.465,1/2/2015,,,,,,,
4/8/2015,5.505,1/2/2015,,,,,,,
4/9/2015,5.6325,1/2/2015,,,,,,,
4/10/2015,5.69,1/2/2015,,,,,,,
4/13/2015,5.6375,1/2/2015,,,,,,,
4/14/2015,5.59,1/2/2015,,,,,,,
4/15/2015,5.6575,1/2/2015,,,,,,,
4/16/2015,5.6225,1/2/2015,,,,,,,
4/17/2015,5.55,1/2/2015,,,,,,,
4/20/2015,5.5225,1/2/2015,,,,,,,
4/21/2015,5.515,1/2/2015,,,,,,,
4/22/2015,5.5775,1/2/2015,,,,,,,
4/23/2015,5.555,1/2/2015,,,,,,,
4/24/2015,5.5075,1/2/2015,,,,,,,
4/27/2015,5.55,1/2/2015,,,,,,,
4/28/2015,5.5775,1/2/2015,,,,,,,
4/29/2015,5.535,1/2/2015,,,,,,,
4/30/2015,5.55,1/2/2015,,,,,,,
5/1/2015,5.6875,1/2/2015,,,,,,,
5/4/2015,5.6525,1/2/2015,,,,,,,
5/5/2015,5.5075,1/2/2015,,,,,,,
5/6/2015,5.525,1/2/2015,,,,,,,
5/7/2015,5.6225,1/2/2015,,,,,,,
5/8/2015,5.2075,1/2/2015,,,,,,,
5/11/2015,5.1575,1/2/2015,,,,,,,
5/12/2015,5.2075,1/2/2015,,,,,,,
5/13/2015,5.2375,1/2/2015,,,,,,,
5/14/2015,5.3225,1/2/2015,,,,,,,
5/15/2015,5.325,1/2/2015,,,,,,,
5/18/2015,5.3175,1/2/2015,,,,,,,
5/19/2015,5.26,1/2/2015,,,,,,,
5/20/2015,5.26,1/2/2015,,,,,,,
5/21/2015,5.2225,1/2/2015,,,,,,,
5/22/2015,5.215,1/2/2015,,,,,,,
5/26/2015,5.1825,1/2/2015,,,,,,,
5/27/2015,5.46,1/2/2015,,,,,,,
5/28/2015,5.535,1/2/2015,,,,,,,
5/29/2015,5.5325,1/2/2015,,,,,,,
6/1/2015,5.595,1/2/2015,,,,,,,
6/2/2015,5.485,1/2/2015,,,,,,,
6/3/2015,5.425,1/2/2015,,,,,,,
6/4/2015,5.5225,1/2/2015,,,,,,,
6/5/2015,5.565,1/2/2015,,,,,,,
6/8/2015,5.4375,1/2/2015,,,,,,,
6/9/2015,5.465,1/2/2015,,,,,,,
6/10/2015,5.3675,1/2/2015,,,,,,,
6/11/2015,5.425,1/2/2015,,,,,,,
6/12/2015,5.2775,1/2/2015,,,,,,,
6/15/2015,5.2675,1/2/2015,,,,,,,
6/16/2015,5.3325,1/2/2015,,,,,,,
6/17/2015,5.395,1/2/2015,,,,,,,
6/18/2015,5.485,1/2/2015,,,,,,,
6/19/2015,5.4675,1/2/2015,,,,,,,
6/22/2015,5.445,1/2/2015,,,,,,,
6/23/2015,5.305,1/2/2015,,,,,,,
6/24/2015,5.2525,1/2/2015,,,,,,,
6/25/2015,5.2925,1/2/2015,,,,,,,
6/26/2015,5.185,1/2/2015,,,,,,,
6/29/2015,5.03,1/2/2015,,,,,,,
6/30/2015,5.0275,1/2/2015,,,,,,,
7/1/2015,5.1,1/2/2015,,,,,,,
7/2/2015,5.105,1/2/2015,,,,,,,
7/6/2015,5.0425,1/2/2015,,,,,,,
7/7/2015,4.9475,1/2/2015,,,,,,,
7/8/2015,4.9125,1/2/2015,,,,,,,
7/9/2015,4.8525,1/2/2015,,,,,,,
7/10/2015,4.9375,1/2/2015,,,,,,,
7/13/2015,4.97,1/2/2015,,,,,,,
7/14/2015,4.9725,1/2/2015,,,,,,,
7/15/2015,4.9375,1/2/2015,,,,,,,
7/16/2015,5.0475,1/2/2015,,,,,,,
7/17/2015,5.0175,1/2/2015,,,,,,,
7/20/2015,4.925,1/2/2015,,,,,,,
7/21/2015,4.9475,1/2/2015,,,,,,,
7/22/2015,4.8525,1/2/2015,,,,,,,
7/23/2015,4.9125,1/2/2015,,,,,,,
7/24/2015,4.855,1/2/2015,,,,,,,
7/27/2015,4.8275,1/2/2015,,,,,,,
7/28/2015,4.9325,1/2/2015,,,,,,,
7/29/2015,4.9925,1/2/2015,,,,,,,
7/30/2015,5.005,1/2/2015,,,,,,,
7/31/2015,4.9875,1/2/2015,,,,,,,
8/3/2015,5.0725,1/2/2015,,,,,,,
8/4/2015,5.0925,1/2/2015,,,,,,,
8/5/2015,5.145,1/2/2015,,,,,,,
8/6/2015,5.1125,1/2/2015,,,,,,,
8/7/2015,5.745,1/2/2015,,,,,,,
8/10/2015,5.945,1/2/2015,,,,,,,
8/11/2015,5.915,1/2/2015,,,,,,,
8/12/2015,5.93,1/2/2015,,,,,,,
8/13/2015,5.88,1/2/2015,,,,,,,
8/14/2015,5.885,1/2/2015,,,,,,,
8/17/2015,5.8475,1/2/2015,,,,,,,
8/18/2015,5.77,1/2/2015,,,,,,,
8/19/2015,5.7475,1/2/2015,,,,,,,
8/20/2015,5.54,1/2/2015,,,,,,,
8/21/2015,5.3675,1/2/2015,,,,,,,
8/24/2015,5.1775,1/2/2015,,,,,,,
8/25/2015,5.07,1/2/2015,,,,,,,
8/26/2015,5.4525,1/2/2015,,,,,,,
8/27/2015,5.6575,1/2/2015,,,,,,,
8/28/2015,5.6825,1/2/2015,,,,,,,
8/31/2015,5.62,1/2/2015,,,,,,,
9/1/2015,5.39,1/2/2015,,,,,,,
9/2/2015,5.5525,1/2/2015,,,,,,,
9/3/2015,5.5675,1/2/2015,,,,,,,
9/4/2015,5.4375,1/2/2015,,,,,,,
9/8/2015,5.67,1/2/2015,,,,,,,
9/9/2015,5.5575,1/2/2015,,,,,,,
9/10/2015,5.645,1/2/2015,,,,,,,
9/11/2015,5.6625,1/2/2015,,,,,,,
9/14/2015,5.6725,1/2/2015,,,,,,,
9/15/2015,5.735,1/2/2015,,,,,,,
9/16/2015,5.775,1/2/2015,,,,,,,
9/17/2015,5.8275,1/2/2015,,,,,,,
9/18/2015,5.8225,1/2/2015,,,,,,,
9/21/2015,5.8825,1/2/2015,,,,,,,
9/22/2015,5.7225,1/2/2015,,,,,,,
9/23/2015,5.75,1/2/2015,,,,,,,
9/24/2015,5.86,1/2/2015,,,,,,,
9/25/2015,5.9025,1/2/2015,,,,,,,
9/28/2015,5.825,1/2/2015,,,,,,,
9/29/2015,5.9275,1/2/2015,,,,,,,
9/30/2015,6.1625,1/2/2015,,,,,,,
10/1/2015,6.0425,1/2/2015,,,,,,,
10/2/2015,6.2,1/2/2015,,,,,,,
10/5/2015,6.355,1/2/2015,,,,,,,
10/6/2015,6.4375,1/2/2015,,,,,,,
10/7/2015,6.505,1/2/2015,,,,,,,
10/8/2015,6.5425,1/2/2015,,,,,,,
10/9/2015,6.5175,1/2/2015,,,,,,,
10/12/2015,6.5875,1/2/2015,,,,,,,
10/13/2015,6.6,1/2/2015,,,,,,,
10/14/2015,6.84,1/2/2015,,,,,,,
10/15/2015,6.8575,1/2/2015,,,,,,,
10/16/2015,6.965,1/2/2015,,,,,,,
10/19/2015,6.9525,1/2/2015,,,,,,,
10/20/2015,6.9425,1/2/2015,,,,,,,
10/21/2015,6.8525,1/2/2015,,,,,,,
10/22/2015,7.1,1/2/2015,,,,,,,
10/23/2015,7.1475,1/2/2015,,,,,,,
10/26/2015,7.115,1/2/2015,,,,,,,
10/27/2015,7.11,1/2/2015,,,,,,,
10/28/2015,7.1675,1/2/2015,,,,,,,
10/29/2015,6.92,1/2/2015,,,,,,,
10/30/2015,7.0925,1/2/2015,,,,,,,
11/2/2015,7.175,1/2/2015,,,,,,,
11/3/2015,7.125,1/2/2015,,,,,,,
11/4/2015,7.0075,1/2/2015,,,,,,,
11/5/2015,6.9275,1/2/2015,,,,,,,
11/6/2015,7.8875,1/2/2015,,,,,,,
11/9/2015,7.8525,1/2/2015,,,,,,,
11/10/2015,7.7025,1/2/2015,,,,,,,
11/11/2015,7.6275,1/2/2015,,,,,,,
11/12/2015,7.6,1/2/2015,,,,,,,
11/13/2015,7.45,1/2/2015,,,,,,,
11/16/2015,7.6,1/2/2015,,,,,,,
11/17/2015,7.6,1/2/2015,,,,,,,
11/18/2015,7.7575,1/2/2015,,,,,,,
11/19/2015,7.78,1/2/2015,,,,,,,
11/20/2015,7.8475,1/2/2015,,,,,,,
11/23/2015,7.73,1/2/2015,,,,,,,
11/24/2015,7.7925,1/2/2015,,,,,,,
11/25/2015,7.7825,1/2/2015,,,,,,,
11/27/2015,7.8475,1/2/2015,,,,,,,
11/30/2015,7.93,1/2/2015,,,,,,,
12/1/2015,8.1875,1/2/2015,,,,,,,
12/2/2015,8.125,1/2/2015,,,,,,,
12/3/2015,8.1075,1/2/2015,,,,,,,
12/4/2015,8.4375,1/2/2015,,,,,,,
12/7/2015,8.2775,1/2/2015,,,,,,,
12/8/2015,8.39,1/2/2015,,,,,,,
12/9/2015,8.1775,1/2/2015,,,,,,,
12/10/2015,8.245,1/2/2015,,,,,,,
12/11/2015,8.1225,1/2/2015,,,,,,,
12/14/2015,8.1425,1/2/2015,,,,,,,
12/15/2015,8.2425,1/2/2015,,,,,,,
12/16/2015,8.2925,1/2/2015,,,,,,,
12/17/2015,8.1675,1/2/2015,,,,,,,
12/18/2015,8.035,1/2/2015,,,,,,,
12/21/2015,8.225,1/2/2015,,,,,,,
12/22/2015,8.2325,1/2/2015,,,,,,,
12/23/2015,8.265,1/2/2015,,,,,,,
12/24/2015,8.2925,1/2/2015,,,,,,,
12/28/2015,8.285,1/2/2015,,,,,,,
12/29/2015,8.42,1/2/2015,,,,,,,
12/30/2015,8.3475,1/2/2015,,,,,,,
12/31/2015,8.24,1/2/2015,,,,,,,
1/4/2016,8.0925,1/4/2016,,,,,,,
1/5/2016,8.2225,1/4/2016,,,,,,,
1/6/2016,7.8825,1/4/2016,,,,,,,
1/7/2016,7.57,1/4/2016,,,,,,,
1/8/2016,7.4075,1/4/2016,,,,,,,
1/11/2016,7.42,1/4/2016,,,,,,,
1/12/2016,7.545,1/4/2016,,,,,,,
1/13/2016,7.315,1/4/2016,,,,,,,
1/14/2016,7.1675,1/4/2016,,,,,,,
1/15/2016,6.7775,1/4/2016,,,,,,,
1/19/2016,6.8325,1/4/2016,,,,,,,
1/20/2016,6.87,1/4/2016,,,,,,,
1/21/2016,6.95,1/4/2016,,,,,,,
1/22/2016,7.1125,1/4/2016,,,,,,,
1/25/2016,7.105,1/4/2016,,,,,,,
1/26/2016,7.175,1/4/2016,,,,,,,
1/27/2016,7.09,1/4/2016,,,,,,,
1/28/2016,7.0125,1/4/2016,,,,,,,
1/29/2016,7.3225,1/4/2016,,,,,,,
2/1/2016,7.325,1/4/2016,,,,,,,
2/2/2016,7.015,1/4/2016,,,,,,,
2/3/2016,7.05,1/4/2016,,,,,,,
2/4/2016,7.0525,1/4/2016,,,,,,,
2/5/2016,6.6075,1/4/2016,,,,,,,
2/8/2016,6.305,1/4/2016,,,,,,,
2/9/2016,6.3725,1/4/2016,,,,,,,
2/10/2016,6.3575,1/4/2016,,,,,,,
2/11/2016,6.325,1/4/2016,,,,,,,
2/12/2016,6.4325,1/4/2016,,,,,,,
2/16/2016,6.7475,1/4/2016,,,,,,,
2/17/2016,6.915,1/4/2016,,,,,,,
2/18/2016,7.51,1/4/2016,,,,,,,
2/19/2016,7.61,1/4/2016,,,,,,,
2/22/2016,7.88,1/4/2016,,,,,,,
2/23/2016,7.9,1/4/2016,,,,,,,
2/24/2016,7.955,1/4/2016,,,,,,,
2/25/2016,7.9725,1/4/2016,,,,,,,
2/26/2016,7.92,1/4/2016,,,,,,,
2/29/2016,7.84,1/4/2016,,,,,,,
3/1/2016,8.1875,1/4/2016,,,,,,,
3/2/2016,8.235,1/4/2016,,,,,,,
3/3/2016,8.1625,1/4/2016,,,,,,,
3/4/2016,8.1375,1/4/2016,,,,,,,
3/7/2016,8.085,1/4/2016,,,,,,,
3/8/2016,7.9375,1/4/2016,,,,,,,
3/9/2016,7.9325,1/4/2016,,,,,,,
3/10/2016,7.92,1/4/2016,,,,,,,
3/11/2016,8.055,1/4/2016,,,,,,,
3/14/2016,8.075,1/4/2016,,,,,,,
3/15/2016,8.035,1/4/2016,,,,,,,
3/16/2016,8.275,1/4/2016,,,,,,,
3/17/2016,8.205,1/4/2016,,,,,,,
3/18/2016,8.4525,1/4/2016,,,,,,,
3/21/2016,8.4775,1/4/2016,,,,,,,
3/22/2016,8.4625,1/4/2016,,,,,,,
3/23/2016,8.6075,1/4/2016,,,,,,,
3/24/2016,8.62,1/4/2016,,,,,,,
3/28/2016,8.7075,1/4/2016,,,,,,,
3/29/2016,8.8475,1/4/2016,,,,,,,
3/30/2016,8.94,1/4/2016,,,,,,,
3/31/2016,8.9075,1/4/2016,,,,,,,
4/1/2016,9.0375,1/4/2016,,,,,,,
4/4/2016,8.95,1/4/2016,,,,,,,
4/5/2016,8.9375,1/4/2016,,,,,,,
4/6/2016,8.95,1/4/2016,,,,,,,
4/7/2016,8.8575,1/4/2016,,,,,,,
4/8/2016,8.915,1/4/2016,,,,,,,
4/11/2016,8.97,1/4/2016,,,,,,,
4/12/2016,8.96,1/4/2016,,,,,,,
4/13/2016,9.185,1/4/2016,,,,,,,
4/14/2016,9.21,1/4/2016,,,,,,,
4/15/2016,9.2825,1/4/2016,,,,,,,
4/18/2016,9.2425,1/4/2016,,,,,,,
4/19/2016,9.0775,1/4/2016,,,,,,,
4/20/2016,9.1125,1/4/2016,,,,,,,
4/21/2016,9.1025,1/4/2016,,,,,,,
4/22/2016,9.0675,1/4/2016,,,,,,,
4/25/2016,9.1125,1/4/2016,,,,,,,
4/26/2016,9.12,1/4/2016,,,,,,,
4/27/2016,9.3275,1/4/2016,,,,,,,
4/28/2016,9.05,1/4/2016,,,,,,,
4/29/2016,8.8825,1/4/2016,,,,,,,
5/2/2016,9,1/4/2016,,,,,,,
5/3/2016,8.8925,1/4/2016,,,,,,,
5/4/2016,8.69,1/4/2016,,,,,,,
5/5/2016,8.7425,1/4/2016,,,,,,,
5/6/2016,8.8325,1/4/2016,,,,,,,
5/9/2016,8.82,1/4/2016,,,,,,,
5/10/2016,8.99,1/4/2016,,,,,,,
5/11/2016,9.015,1/4/2016,,,,,,,
5/12/2016,8.8925,1/4/2016,,,,,,,
5/13/2016,10.245,1/4/2016,,,,,,,
5/16/2016,10.5475,1/4/2016,,,,,,,
5/17/2016,10.57,1/4/2016,,,,,,,
5/18/2016,10.84,1/4/2016,,,,,,,
5/19/2016,10.8875,1/4/2016,,,,,,,
5/20/2016,11.0825,1/4/2016,,,,,,,
5/23/2016,11.1,1/4/2016,,,,,,,
5/24/2016,11.34,1/4/2016,,,,,,,
5/25/2016,11.2925,1/4/2016,,,,,,,
5/26/2016,11.4125,1/4/2016,,,,,,,
5/27/2016,11.475,1/4/2016,,,,,,,
5/31/2016,11.68,1/4/2016,,,,,,,
6/1/2016,11.7025,1/4/2016,,,,,,,
6/2/2016,11.785,1/4/2016,,,,,,,
6/3/2016,11.62,1/4/2016,,,,,,,
6/6/2016,11.56,1/4/2016,,,,,,,
6/7/2016,11.5825,1/4/2016,,,,,,,
6/8/2016,11.545,1/4/2016,,,,,,,
6/9/2016,11.845,1/4/2016,,,,,,,
6/10/2016,11.55,1/4/2016,,,,,,,
6/13/2016,11.6975,1/4/2016,,,,,,,
6/14/2016,11.72,1/4/2016,,,,,,,
6/15/2016,11.84,1/4/2016,,,,,,,
6/16/2016,11.8875,1/4/2016,,,,,,,
6/17/2016,11.68,1/4/2016,,,,,,,
6/20/2016,11.89,1/4/2016,,,,,,,
6/21/2016,11.8175,1/4/2016,,,,,,,
6/22/2016,11.8075,1/4/2016,,,,,,,
6/23/2016,12.1225,1/4/2016,,,,,,,
6/24/2016,11.4325,1/4/2016,,,,,,,
6/27/2016,11.31,1/4/2016,,,,,,,
6/28/2016,11.475,1/4/2016,,,,,,,
6/29/2016,11.6625,1/4/2016,,,,,,,
6/30/2016,11.7525,1/4/2016,,,,,,,
7/1/2016,11.665,1/4/2016,,,,,,,
7/5/2016,11.8375,1/4/2016,,,,,,,
7/6/2016,11.9125,1/4/2016,,,,,,,
7/7/2016,12.2225,1/4/2016,,,,,,,
7/8/2016,12.7125,1/4/2016,,,,,,,
7/11/2016,13.005,1/4/2016,,,,,,,
7/12/2016,13.2,1/4/2016,,,,,,,
7/13/2016,13.195,1/4/2016,,,,,,,
7/14/2016,13.33,1/4/2016,,,,,,,
7/15/2016,13.175,1/4/2016,,,,,,,
7/18/2016,13.2425,1/4/2016,,,,,,,
7/19/2016,13.38,1/4/2016,,,,,,,
7/20/2016,13.555,1/4/2016,,,,,,,
7/21/2016,13.305,1/4/2016,,,,,,,
7/22/2016,13.6675,1/4/2016,,,,,,,
7/25/2016,13.92,1/4/2016,,,,,,,
7/26/2016,14.1575,1/4/2016,,,,,,,
7/27/2016,14.015,1/4/2016,,,,,,,
7/28/2016,14.045,1/4/2016,,,,,,,
7/29/2016,14.275,1/4/2016,,,,,,,
8/1/2016,14.1825,1/4/2016,,,,,,,
8/2/2016,14.01,1/4/2016,,,,,,,
8/3/2016,14.0475,1/4/2016,,,,,,,
8/4/2016,14.3075,1/4/2016,,,,,,,
8/5/2016,14.55,1/4/2016,,,,,,,
8/8/2016,14.685,1/4/2016,,,,,,,
8/9/2016,14.7225,1/4/2016,,,,,,,
8/10/2016,14.6275,1/4/2016,,,,,,,
8/11/2016,14.925,1/4/2016,,,,,,,
8/12/2016,15.76,1/4/2016,,,,,,,
8/15/2016,15.745,1/4/2016,,,,,,,
8/16/2016,15.65,1/4/2016,,,,,,,
8/17/2016,15.2875,1/4/2016,,,,,,,
8/18/2016,15.525,1/4/2016,,,,,,,
8/19/2016,15.565,1/4/2016,,,,,,,
8/22/2016,15.63,1/4/2016,,,,,,,
8/23/2016,15.7275,1/4/2016,,,,,,,
8/24/2016,15.485,1/4/2016,,,,,,,
8/25/2016,15.3825,1/4/2016,,,,,,,
8/26/2016,15.5075,1/4/2016,,,,,,,
8/29/2016,15.4975,1/4/2016,,,,,,,
8/30/2016,15.4075,1/4/2016,,,,,,,
8/31/2016,15.335,1/4/2016,,,,,,,
9/1/2016,15.7875,1/4/2016,,,,,,,
9/2/2016,15.6325,1/4/2016,,,,,,,
9/6/2016,15.78,1/4/2016,,,,,,,
9/7/2016,15.5475,1/4/2016,,,,,,,
9/8/2016,15.66,1/4/2016,,,,,,,
9/9/2016,14.88,1/4/2016,,,,,,,
9/12/2016,15.1875,1/4/2016,,,,,,,
9/13/2016,14.9675,1/4/2016,,,,,,,
9/14/2016,15.1,1/4/2016,,,,,,,
9/15/2016,15.6725,1/4/2016,,,,,,,
9/16/2016,15.71,1/4/2016,,,,,,,
9/19/2016,15.9175,1/4/2016,,,,,,,
9/20/2016,15.7725,1/4/2016,,,,,,,
9/21/2016,16.215,1/4/2016,,,,,,,
9/22/2016,16.254999,1/4/2016,,,,,,,
9/23/2016,16.237499,1/4/2016,,,,,,,
9/26/2016,16.084999,1/4/2016,,,,,,,
9/27/2016,16.635,1/4/2016,,,,,,,
9/28/2016,16.695,1/4/2016,,,,,,,
9/29/2016,16.85,1/4/2016,,,,,,,
9/30/2016,17.129999,1/4/2016,,,,,,,
10/3/2016,17.112499,1/4/2016,,,,,,,
10/4/2016,17.075001,1/4/2016,,,,,,,
10/5/2016,17.057501,1/4/2016,,,,,,,
10/6/2016,16.834999,1/4/2016,,,,,,,
10/7/2016,16.7125,1/4/2016,,,,,,,
10/10/2016,16.775,1/4/2016,,,,,,,
10/11/2016,16.532499,1/4/2016,,,,,,,
10/12/2016,16.6075,1/4/2016,,,,,,,
10/13/2016,16.3375,1/4/2016,,,,,,,
10/14/2016,16.497499,1/4/2016,,,,,,,
10/17/2016,16.4025,1/4/2016,,,,,,,
10/18/2016,16.6525,1/4/2016,,,,,,,
10/19/2016,16.6175,1/4/2016,,,,,,,
10/20/2016,16.932501,1/4/2016,,,,,,,
10/21/2016,16.885,1/4/2016,,,,,,,
10/24/2016,17.6775,1/4/2016,,,,,,,
10/25/2016,17.967501,1/4/2016,,,,,,,
10/26/2016,18.040001,1/4/2016,,,,,,,
10/27/2016,17.67,1/4/2016,,,,,,,
10/28/2016,17.639999,1/4/2016,,,,,,,
10/31/2016,17.790001,1/4/2016,,,,,,,
11/1/2016,17.262501,1/4/2016,,,,,,,
11/2/2016,17.190001,1/4/2016,,,,,,,
11/3/2016,16.99,1/4/2016,,,,,,,
11/4/2016,16.8925,1/4/2016,,,,,,,
11/7/2016,17.817499,1/4/2016,,,,,,,
11/8/2016,17.790001,1/4/2016,,,,,,,
11/9/2016,17.49,1/4/2016,,,,,,,
11/10/2016,16.942499,1/4/2016,,,,,,,
11/11/2016,21.9925,1/4/2016,,,,,,,
11/14/2016,20.91,1/4/2016,,,,,,,
11/15/2016,21.547501,1/4/2016,,,,,,,
11/16/2016,22.907499,1/4/2016,,,,,,,
11/17/2016,23.0975,1/4/2016,,,,,,,
11/18/2016,23.34,1/4/2016,,,,,,,
11/21/2016,23.245001,1/4/2016,,,,,,,
11/22/2016,23.4125,1/4/2016,,,,,,,
11/23/2016,23.4925,1/4/2016,,,,,,,
11/25/2016,23.540001,1/4/2016,,,,,,,
11/28/2016,23.5275,1/4/2016,,,,,,,
11/29/2016,23.3125,1/4/2016,,,,,,,
11/30/2016,23.049999,1/4/2016,,,,,,,
12/1/2016,21.91,1/4/2016,,,,,,,
12/2/2016,22.112499,1/4/2016,,,,,,,
12/5/2016,22.969999,1/4/2016,,,,,,,
12/6/2016,23.3475,1/4/2016,,,,,,,
12/7/2016,23.7675,1/4/2016,,,,,,,
12/8/2016,23.370001,1/4/2016,,,,,,,
12/9/2016,22.955,1/4/2016,,,,,,,
12/12/2016,22.397499,1/4/2016,,,,,,,
12/13/2016,22.7925,1/4/2016,,,,,,,
12/14/2016,24.112499,1/4/2016,,,,,,,
12/15/2016,24.6775,1/4/2016,,,,,,,
12/16/2016,25.102501,1/4/2016,,,,,,,
12/19/2016,25.407499,1/4/2016,,,,,,,
12/20/2016,26.2925,1/4/2016,,,,,,,
12/21/2016,26.4575,1/4/2016,,,,,,,
12/22/2016,26.7775,1/4/2016,,,,,,,
12/23/2016,27.445,1/4/2016,,,,,,,
12/27/2016,29.33,1/4/2016,,,,,,,
12/28/2016,27.3125,1/4/2016,,,,,,,
12/29/2016,27.8575,1/4/2016,,,,,,,
12/30/2016,26.684999,1/4/2016,,,,,,,
1/3/2017,25.502501,1/3/2017,,,,,,,
1/4/2017,26.0975,1/3/2017,,,,,,,
1/5/2017,25.434999,1/3/2017,,,,,,,
1/6/2017,25.775,1/3/2017,,,,,,,
1/9/2017,26.82,1/3/2017,,,,,,,
1/10/2017,26.6175,1/3/2017,,,,,,,
1/11/2017,26.290001,1/3/2017,,,,,,,
1/12/2017,25.860001,1/3/2017,,,,,,,
1/13/2017,25.8575,1/3/2017,,,,,,,
1/17/2017,25.2775,1/3/2017,,,,,,,
1/18/2017,25.737499,1/3/2017,,,,,,,
1/19/2017,26.290001,1/3/2017,,,,,,,
1/20/2017,26.002501,1/3/2017,,,,,,,
1/23/2017,26.272499,1/3/2017,,,,,,,
1/24/2017,26.8325,1/3/2017,,,,,,,
1/25/2017,26.9475,1/3/2017,,,,,,,
1/26/2017,27.4125,1/3/2017,,,,,,,
1/27/2017,27.942499,1/3/2017,,,,,,,
1/30/2017,27.504999,1/3/2017,,,,,,,
1/31/2017,27.295,1/3/2017,,,,,,,
2/1/2017,28.487499,1/3/2017,,,,,,,
2/2/2017,28.8475,1/3/2017,,,,,,,
2/3/2017,28.594999,1/3/2017,,,,,,,
2/6/2017,29.327499,1/3/2017,,,,,,,
2/7/2017,29.782499,1/3/2017,,,,,,,
2/8/2017,29.6525,1/3/2017,,,,,,,
2/9/2017,29.094999,1/3/2017,,,,,,,
2/10/2017,28.405001,1/3/2017,,,,,,,
2/13/2017,27.094999,1/3/2017,,,,,,,
2/14/2017,27.195,1/3/2017,,,,,,,
2/15/2017,27.25,1/3/2017,,,,,,,
2/16/2017,26.8125,1/3/2017,,,,,,,
2/17/2017,26.807501,1/3/2017,,,,,,,
2/21/2017,27.7675,1/3/2017,,,,,,,
2/22/2017,27.690001,1/3/2017,,,,,,,
2/23/2017,25.122499,1/3/2017,,,,,,,
2/24/2017,25.365,1/3/2017,,,,,,,
2/27/2017,26.102501,1/3/2017,,,,,,,
2/28/2017,25.370001,1/3/2017,,,,,,,
3/1/2017,25.6975,1/3/2017,,,,,,,
3/2/2017,24.75,1/3/2017,,,,,,,
3/3/2017,24.6075,1/3/2017,,,,,,,
3/6/2017,24.4175,1/3/2017,,,,,,,
3/7/2017,24.684999,1/3/2017,,,,,,,
3/8/2017,24.639999,1/3/2017,,,,,,,
3/9/2017,24.635,1/3/2017,,,,,,,
3/10/2017,24.780001,1/3/2017,,,,,,,
3/13/2017,25.4625,1/3/2017,,,,,,,
3/14/2017,25.445,1/3/2017,,,,,,,
3/15/2017,25.637501,1/3/2017,,,,,,,
3/16/2017,25.952499,1/3/2017,,,,,,,
3/17/2017,26.5175,1/3/2017,,,,,,,
3/20/2017,27.362499,1/3/2017,,,,,,,
3/21/2017,26.477501,1/3/2017,,,,,,,
3/22/2017,27.0175,1/3/2017,,,,,,,
3/23/2017,26.772499,1/3/2017,,,,,,,
3/24/2017,26.8675,1/3/2017,,,,,,,
3/27/2017,27.0625,1/3/2017,,,,,,,
3/28/2017,26.922501,1/3/2017,,,,,,,
3/29/2017,26.834999,1/3/2017,,,,,,,
3/30/2017,27.35,1/3/2017,,,,,,,
3/31/2017,27.2325,1/3/2017,,,,,,,
4/3/2017,27.094999,1/3/2017,,,,,,,
4/4/2017,25.195,1/3/2017,,,,,,,
4/5/2017,25.0075,1/3/2017,,,,,,,
4/6/2017,25.190001,1/3/2017,,,,,,,
4/7/2017,25.0825,1/3/2017,,,,,,,
4/10/2017,24.442499,1/3/2017,,,,,,,
4/11/2017,24.530001,1/3/2017,,,,,,,
4/12/2017,24.327499,1/3/2017,,,,,,,
4/13/2017,23.872499,1/3/2017,,,,,,,
4/17/2017,24.807501,1/3/2017,,,,,,,
4/18/2017,24.8225,1/3/2017,,,,,,,
4/19/2017,24.92,1/3/2017,,,,,,,
4/20/2017,25.315001,1/3/2017,,,,,,,
4/21/2017,25.42,1/3/2017,,,,,,,
4/24/2017,25.737499,1/3/2017,,,,,,,
4/25/2017,26.184999,1/3/2017,,,,,,,
4/26/2017,26.004999,1/3/2017,,,,,,,
4/27/2017,26.41,1/3/2017,,,,,,,
4/28/2017,26.075001,1/3/2017,,,,,,,
5/1/2017,26.66,1/3/2017,,,,,,,
5/2/2017,25.870001,1/3/2017,,,,,,,
5/3/2017,26.0625,1/3/2017,,,,,,,
5/4/2017,25.9625,1/3/2017,,,,,,,
5/5/2017,25.965,1/3/2017,,,,,,,
5/8/2017,25.692499,1/3/2017,,,,,,,
5/9/2017,25.735001,1/3/2017,,,,,,,
5/10/2017,30.3225,1/3/2017,,,,,,,
5/11/2017,31.625,1/3/2017,,,,,,,
5/12/2017,31.9725,1/3/2017,,,,,,,
5/15/2017,33.577499,1/3/2017,,,,,,,
5/16/2017,34.202499,1/3/2017,,,,,,,
5/17/2017,31.93,1/3/2017,,,,,,,
5/18/2017,33.267502,1/3/2017,,,,,,,
5/19/2017,34,1/3/2017,,,,,,,
5/22/2017,34.724998,1/3/2017,,,,,,,
5/23/2017,34.2575,1/3/2017,,,,,,,
5/24/2017,34.642502,1/3/2017,,,,,,,
5/25/2017,34.564999,1/3/2017,,,,,,,
5/26/2017,35.459999,1/3/2017,,,,,,,
5/30/2017,36.217499,1/3/2017,,,,,,,
5/31/2017,36.087502,1/3/2017,,,,,,,
6/1/2017,36.09,1/3/2017,,,,,,,
6/2/2017,35.91,1/3/2017,,,,,,,
6/5/2017,37.002499,1/3/2017,,,,,,,
6/6/2017,36.834999,1/3/2017,,,,,,,
6/7/2017,37.279999,1/3/2017,,,,,,,
6/8/2017,39.985001,1/3/2017,,,,,,,
6/9/2017,37.400002,1/3/2017,,,,,,,
6/12/2017,37.4925,1/3/2017,,,,,,,
6/13/2017,37.849998,1/3/2017,,,,,,,
6/14/2017,37.93,1/3/2017,,,,,,,
6/15/2017,38.092499,1/3/2017,,,,,,,
6/16/2017,37.904999,1/3/2017,,,,,,,
6/19/2017,39.330002,1/3/2017,,,,,,,
6/20/2017,39.272499,1/3/2017,,,,,,,
6/21/2017,39.8675,1/3/2017,,,,,,,
6/22/2017,39.592499,1/3/2017,,,,,,,
6/23/2017,38.4575,1/3/2017,,,,,,,
6/26/2017,38.037498,1/3/2017,,,,,,,
6/27/2017,36.645,1/3/2017,,,,,,,
6/28/2017,37.9375,1/3/2017,,,,,,,
6/29/2017,36.669998,1/3/2017,,,,,,,
6/30/2017,36.139999,1/3/2017,,,,,,,
7/3/2017,34.8325,1/3/2017,,,,,,,
7/5/2017,35.762501,1/3/2017,,,,,,,
7/6/2017,35.869999,1/3/2017,,,,,,,
7/7/2017,36.689999,1/3/2017,,,,,,,
7/10/2017,38.424999,1/3/2017,,,,,,,
7/11/2017,38.970001,1/3/2017,,,,,,,
7/12/2017,40.627499,1/3/2017,,,,,,,
7/13/2017,40.157501,1/3/2017,,,,,,,
7/14/2017,41.237499,1/3/2017,,,,,,,
7/17/2017,41.0625,1/3/2017,,,,,,,
7/18/2017,41.490002,1/3/2017,,,,,,,
7/19/2017,41.275002,1/3/2017,,,,,,,
7/20/2017,41.875,1/3/2017,,,,,,,
7/21/2017,42.025002,1/3/2017,,,,,,,
7/24/2017,41.537498,1/3/2017,,,,,,,
7/25/2017,41.337502,1/3/2017,,,,,,,
7/26/2017,41.814999,1/3/2017,,,,,,,
7/27/2017,40.435001,1/3/2017,,,,,,,
7/28/2017,41.0975,1/3/2017,,,,,,,
7/31/2017,40.627499,1/3/2017,,,,,,,
8/1/2017,41.122501,1/3/2017,,,,,,,
8/2/2017,41.0975,1/3/2017,,,,,,,
8/3/2017,41.619999,1/3/2017,,,,,,,
8/4/2017,41.802502,1/3/2017,,,,,,,
8/7/2017,43.087502,1/3/2017,,,,,,,
8/8/2017,42.575001,1/3/2017,,,,,,,
8/9/2017,43.0275,1/3/2017,,,,,,,
8/10/2017,41.185001,1/3/2017,,,,,,,
8/11/2017,38.990002,1/3/2017,,,,,,,
8/14/2017,42.099998,1/3/2017,,,,,,,
8/15/2017,41.744999,1/3/2017,,,,,,,
8/16/2017,41.287498,1/3/2017,,,,,,,
8/17/2017,40.3675,1/3/2017,,,,,,,
8/18/2017,40.375,1/3/2017,,,,,,,
8/21/2017,39.787498,1/3/2017,,,,,,,
8/22/2017,40.637501,1/3/2017,,,,,,,
8/23/2017,41.450001,1/3/2017,,,,,,,
8/24/2017,41.297501,1/3/2017,,,,,,,
8/25/2017,40.952499,1/3/2017,,,,,,,
8/28/2017,41.2425,1/3/2017,,,,,,,
8/29/2017,41.174999,1/3/2017,,,,,,,
8/30/2017,41.419998,1/3/2017,,,,,,,
8/31/2017,42.360001,1/3/2017,,,,,,,
9/1/2017,42.615002,1/3/2017,,,,,,,
9/5/2017,41.477501,1/3/2017,,,,,,,
9/6/2017,41.452499,1/3/2017,,,,,,,
9/7/2017,41.645,1/3/2017,,,,,,,
9/8/2017,40.922501,1/3/2017,,,,,,,
9/11/2017,42.25,1/3/2017,,,,,,,
9/12/2017,42.4025,1/3/2017,,,,,,,
9/13/2017,42.592499,1/3/2017,,,,,,,
9/14/2017,42.349998,1/3/2017,,,,,,,
9/15/2017,45.0275,1/3/2017,,,,,,,
9/18/2017,46.887501,1/3/2017,,,,,,,
9/19/2017,46.837502,1/3/2017,,,,,,,
9/20/2017,46.459999,1/3/2017,,,,,,,
9/21/2017,45.189999,1/3/2017,,,,,,,
9/22/2017,44.75,1/3/2017,,,,,,,
9/25/2017,42.75,1/3/2017,,,,,,,
9/26/2017,42.990002,1/3/2017,,,,,,,
9/27/2017,43.932499,1/3/2017,,,,,,,
9/28/2017,43.919998,1/3/2017,,,,,,,
9/29/2017,44.692501,1/3/2017,,,,,,,
10/2/2017,44.75,1/3/2017,,,,,,,
10/3/2017,44.842499,1/3/2017,,,,,,,
10/4/2017,45.217499,1/3/2017,,,,,,,
10/5/2017,45.192501,1/3/2017,,,,,,,
10/6/2017,45.325001,1/3/2017,,,,,,,
10/9/2017,46.3475,1/3/2017,,,,,,,
10/10/2017,47.232498,1/3/2017,,,,,,,
10/11/2017,47.735001,1/3/2017,,,,,,,
10/12/2017,47.7575,1/3/2017,,,,,,,
10/13/2017,48.647499,1/3/2017,,,,,,,
10/16/2017,49.482498,1/3/2017,,,,,,,
10/17/2017,49.4375,1/3/2017,,,,,,,
10/18/2017,49.395,1/3/2017,,,,,,,
10/19/2017,49.450001,1/3/2017,,,,,,,
10/20/2017,49.224998,1/3/2017,,,,,,,
10/23/2017,49.154999,1/3/2017,,,,,,,
10/24/2017,49.669998,1/3/2017,,,,,,,
10/25/2017,48.415001,1/3/2017,,,,,,,
10/26/2017,48.922501,1/3/2017,,,,,,,
10/27/2017,50.465,1/3/2017,,,,,,,
10/30/2017,50.959999,1/3/2017,,,,,,,
10/31/2017,51.702499,1/3/2017,,,,,,,
11/1/2017,51.799999,1/3/2017,,,,,,,
11/2/2017,51.485001,1/3/2017,,,,,,,
11/3/2017,52.172501,1/3/2017,,,,,,,
11/6/2017,52.407501,1/3/2017,,,,,,,
11/7/2017,53.0075,1/3/2017,,,,,,,
11/8/2017,52.290001,1/3/2017,,,,,,,
11/9/2017,51.330002,1/3/2017,,,,,,,
11/10/2017,54.035,1/3/2017,,,,,,,
11/13/2017,53.157501,1/3/2017,,,,,,,
11/14/2017,53.544998,1/3/2017,,,,,,,
11/15/2017,52.494999,1/3/2017,,,,,,,
11/16/2017,52.9025,1/3/2017,,,,,,,
11/17/2017,52.84,1/3/2017,,,,,,,
11/20/2017,53.52,1/3/2017,,,,,,,
11/21/2017,54.012501,1/3/2017,,,,,,,
11/22/2017,53.732498,1/3/2017,,,,,,,
11/24/2017,54.240002,1/3/2017,,,,,,,
11/27/2017,53.535,1/3/2017,,,,,,,
11/28/2017,52.677502,1/3/2017,,,,,,,
11/29/2017,49.105,1/3/2017,,,,,,,
11/30/2017,50.177502,1/3/2017,,,,,,,
12/1/2017,49.419998,1/3/2017,,,,,,,
12/4/2017,46.665001,1/3/2017,,,,,,,
12/5/2017,46.935001,1/3/2017,,,,,,,
12/6/2017,47.314999,1/3/2017,,,,,,,
12/7/2017,47.997501,1/3/2017,,,,,,,
12/8/2017,47.872501,1/3/2017,,,,,,,
12/11/2017,48.665001,1/3/2017,,,,,,,
12/12/2017,47.709999,1/3/2017,,,,,,,
12/13/2017,46.544998,1/3/2017,,,,,,,
12/14/2017,46.6175,1/3/2017,,,,,,,
12/15/2017,47.889999,1/3/2017,,,,,,,
12/18/2017,49.474998,1/3/2017,,,,,,,
12/19/2017,49.0275,1/3/2017,,,,,,,
12/20/2017,49.200001,1/3/2017,,,,,,,
12/21/2017,48.9725,1/3/2017,,,,,,,
12/22/2017,48.817501,1/3/2017,,,,,,,
12/26/2017,49.360001,1/3/2017,,,,,,,
12/27/2017,49.2925,1/3/2017,,,,,,,
12/28/2017,49.349998,1/3/2017,,,,,,,
12/29/2017,48.375,1/3/2017,,,,,,,
1/2/2018,49.837502,1/2/2018,,,,,,,
1/3/2018,53.1175,1/2/2018,,,,,,,
1/4/2018,53.397499,1/2/2018,,,,,,,
1/5/2018,53.849998,1/2/2018,,,,,,,
1/8/2018,55.5,1/2/2018,,,,,,,
1/9/2018,55.485001,1/2/2018,,,,,,,
1/10/2018,55.919998,1/2/2018,,,,,,,
1/11/2018,56.02,1/2/2018,,,,,,,
1/12/2018,55.744999,1/2/2018,,,,,,,
1/16/2018,55.0275,1/2/2018,,,,,,,
1/17/2018,56.18,1/2/2018,,,,,,,
1/18/2018,56.110001,1/2/2018,,,,,,,
1/19/2018,57.5275,1/2/2018,,,,,,,
1/22/2018,58.422501,1/2/2018,,,,,,,
1/23/2018,59.727501,1/2/2018,,,,,,,
1/24/2018,58.950001,1/2/2018,,,,,,,
1/25/2018,59.087502,1/2/2018,,,,,,,
1/26/2018,60.8325,1/2/2018,,,,,,,
1/29/2018,61.712502,1/2/2018,,,,,,,
1/30/2018,60.68,1/2/2018,,,,,,,
1/31/2018,61.450001,1/2/2018,,,,,,,
2/1/2018,60.125,1/2/2018,,,,,,,
2/2/2018,58.380001,1/2/2018,,,,,,,
2/5/2018,53.424999,1/2/2018,,,,,,,
2/6/2018,56.395,1/2/2018,,,,,,,
2/7/2018,57.200001,1/2/2018,,,,,,,
2/8/2018,54.380001,1/2/2018,,,,,,,
2/9/2018,58.02,1/2/2018,,,,,,,
2/12/2018,57.0075,1/2/2018,,,,,,,
2/13/2018,58.157501,1/2/2018,,,,,,,
2/14/2018,60.355,1/2/2018,,,,,,,
2/15/2018,61.625,1/2/2018,,,,,,,
2/16/2018,60.959999,1/2/2018,,,,,,,
2/20/2018,62.27,1/2/2018,,,,,,,
2/21/2018,60.377499,1/2/2018,,,,,,,
2/22/2018,60.537498,1/2/2018,,,,,,,
2/23/2018,61.482498,1/2/2018,,,,,,,
2/26/2018,61.645,1/2/2018,,,,,,,
2/27/2018,61.514999,1/2/2018,,,,,,,
2/28/2018,60.5,1/2/2018,,,,,,,
3/1/2018,58.052502,1/2/2018,,,,,,,
3/2/2018,59.134998,1/2/2018,,,,,,,
3/5/2018,58.912498,1/2/2018,,,,,,,
3/6/2018,60.540001,1/2/2018,,,,,,,
3/7/2018,60.459999,1/2/2018,,,,,,,
3/8/2018,60.294998,1/2/2018,,,,,,,
3/9/2018,61.3325,1/2/2018,,,,,,,
3/12/2018,62.439999,1/2/2018,,,,,,,
3/13/2018,61.927502,1/2/2018,,,,,,,
3/14/2018,62.185001,1/2/2018,,,,,,,
3/15/2018,62.334999,1/2/2018,,,,,,,
3/16/2018,62.619999,1/2/2018,,,,,,,
3/19/2018,60.25,1/2/2018,,,,,,,
3/20/2018,62.395,1/2/2018,,,,,,,
3/21/2018,62.139999,1/2/2018,,,,,,,
3/22/2018,60.462502,1/2/2018,,,,,,,
3/23/2018,58.2425,1/2/2018,,,,,,,
3/26/2018,61.119999,1/2/2018,,,,,,,
3/27/2018,56.380001,1/2/2018,,,,,,,
3/28/2018,55.337502,1/2/2018,,,,,,,
3/29/2018,57.897499,1/2/2018,,,,,,,
4/2/2018,55.262501,1/2/2018,,,,,,,
4/3/2018,56.337502,1/2/2018,,,,,,,
4/4/2018,56.560001,1/2/2018,,,,,,,
4/5/2018,55.345001,1/2/2018,,,,,,,
4/6/2018,53.5625,1/2/2018,,,,,,,
4/9/2018,53.852501,1/2/2018,,,,,,,
4/10/2018,56.977501,1/2/2018,,,,,,,
4/11/2018,56.560001,1/2/2018,,,,,,,
4/12/2018,58.650002,1/2/2018,,,,,,,
4/13/2018,57.875,1/2/2018,,,,,,,
4/16/2018,57.872501,1/2/2018,,,,,,,
4/17/2018,59.384998,1/2/2018,,,,,,,
4/18/2018,59.092499,1/2/2018,,,,,,,
4/19/2018,57.259998,1/2/2018,,,,,,,
4/20/2018,57.177502,1/2/2018,,,,,,,
4/23/2018,55.970001,1/2/2018,,,,,,,
4/24/2018,55.299999,1/2/2018,,,,,,,
4/25/2018,54.165001,1/2/2018,,,,,,,
4/26/2018,56.305,1/2/2018,,,,,,,
4/27/2018,56.5825,1/2/2018,,,,,,,
4/30/2018,56.224998,1/2/2018,,,,,,,
5/1/2018,56.785,1/2/2018,,,,,,,
5/2/2018,56.577499,1/2/2018,,,,,,,
5/3/2018,58.247501,1/2/2018,,,,,,,
5/4/2018,59.764999,1/2/2018,,,,,,,
5/7/2018,62.169998,1/2/2018,,,,,,,
5/8/2018,62.599998,1/2/2018,,,,,,,
5/9/2018,63.945,1/2/2018,,,,,,,
5/10/2018,65.032501,1/2/2018,,,,,,,
5/11/2018,63.6325,1/2/2018,,,,,,,
5/14/2018,63.84,1/2/2018,,,,,,,
5/15/2018,61.389999,1/2/2018,,,,,,,
5/16/2018,61.502499,1/2/2018,,,,,,,
5/17/2018,61.927502,1/2/2018,,,,,,,
5/18/2018,61.485001,1/2/2018,,,,,,,
5/21/2018,61.060001,1/2/2018,,,,,,,
5/22/2018,60.674999,1/2/2018,,,,,,,
5/23/2018,61.884998,1/2/2018,,,,,,,
5/24/2018,61.922501,1/2/2018,,,,,,,
5/25/2018,62.32,1/2/2018,,,,,,,
5/29/2018,62.147499,1/2/2018,,,,,,,
5/30/2018,63.247501,1/2/2018,,,,,,,
5/31/2018,63.047501,1/2/2018,,,,,,,
6/1/2018,64.404999,1/2/2018,,,,,,,
6/4/2018,66.212502,1/2/2018,,,,,,,
6/5/2018,66.267502,1/2/2018,,,,,,,
6/6/2018,66.287498,1/2/2018,,,,,,,
6/7/2018,65.724998,1/2/2018,,,,,,,
6/8/2018,65.57,1/2/2018,,,,,,,
6/11/2018,65.154999,1/2/2018,,,,,,,
6/12/2018,65.644997,1/2/2018,,,,,,,
6/13/2018,65.599998,1/2/2018,,,,,,,
6/14/2018,66.727501,1/2/2018,,,,,,,
6/15/2018,66.315002,1/2/2018,,,,,,,
6/18/2018,66.272499,1/2/2018,,,,,,,
6/19/2018,65.042503,1/2/2018,,,,,,,
6/20/2018,65.577499,1/2/2018,,,,,,,
6/21/2018,64.277496,1/2/2018,,,,,,,
6/22/2018,62.737499,1/2/2018,,,,,,,
6/25/2018,59.779999,1/2/2018,,,,,,,
6/26/2018,60.497501,1/2/2018,,,,,,,
6/27/2018,58.93,1/2/2018,,,,,,,
6/28/2018,60.215,1/2/2018,,,,,,,
6/29/2018,59.224998,1/2/2018,,,,,,,
7/2/2018,60.560001,1/2/2018,,,,,,,
7/3/2018,59.209999,1/2/2018,,,,,,,
7/5/2018,60.682499,1/2/2018,,,,,,,
7/6/2018,61.8325,1/2/2018,,,,,,,
7/9/2018,62.3125,1/2/2018,,,,,,,
7/10/2018,63.3125,1/2/2018,,,,,,,
7/11/2018,61.8825,1/2/2018,,,,,,,
7/12/2018,62.807499,1/2/2018,,,,,,,
7/13/2018,62.330002,1/2/2018,,,,,,,
7/16/2018,62.049999,1/2/2018,,,,,,,
7/17/2018,63.422501,1/2/2018,,,,,,,
7/18/2018,62.924999,1/2/2018,,,,,,,
7/19/2018,63.0075,1/2/2018,,,,,,,
7/20/2018,62.7225,1/2/2018,,,,,,,
7/23/2018,62.352501,1/2/2018,,,,,,,
7/24/2018,62.177502,1/2/2018,,,,,,,
7/25/2018,62.967499,1/2/2018,,,,,,,
7/26/2018,63.709999,1/2/2018,,,,,,,
7/27/2018,63.005001,1/2/2018,,,,,,,
7/30/2018,61.032501,1/2/2018,,,,,,,
7/31/2018,61.215,1/2/2018,,,,,,,
8/1/2018,61.6175,1/2/2018,,,,,,,
8/2/2018,62.654999,1/2/2018,,,,,,,
8/3/2018,63.025002,1/2/2018,,,,,,,
8/6/2018,63.5075,1/2/2018,,,,,,,
8/7/2018,64.237503,1/2/2018,,,,,,,
8/8/2018,64.605003,1/2/2018,,,,,,,
8/9/2018,64.114998,1/2/2018,,,,,,,
8/10/2018,63.697498,1/2/2018,,,,,,,
8/13/2018,64.029999,1/2/2018,,,,,,,
8/14/2018,65.357498,1/2/2018,,,,,,,
8/15/2018,64.769997,1/2/2018,,,,,,,
8/16/2018,64.360001,1/2/2018,,,,,,,
8/17/2018,61.205002,1/2/2018,,,,,,,
8/20/2018,61.959999,1/2/2018,,,,,,,
8/21/2018,63.330002,1/2/2018,,,,,,,
8/22/2018,65.705002,1/2/2018,,,,,,,
8/23/2018,66.709999,1/2/2018,,,,,,,
8/24/2018,68.055,1/2/2018,,,,,,,
8/27/2018,68.974998,1/2/2018,,,,,,,
8/28/2018,68.595001,1/2/2018,,,,,,,
8/29/2018,69.622498,1/2/2018,,,,,,,
8/30/2018,69.452499,1/2/2018,,,,,,,
8/31/2018,70.169998,1/2/2018,,,,,,,
9/4/2018,70.925003,1/2/2018,,,,,,,
9/5/2018,69.605003,1/2/2018,,,,,,,
9/6/2018,68.18,1/2/2018,,,,,,,
9/7/2018,67.964996,1/2/2018,,,,,,,
9/10/2018,68.682503,1/2/2018,,,,,,,
9/11/2018,68.199997,1/2/2018,,,,,,,
9/12/2018,67.050003,1/2/2018,,,,,,,
9/13/2018,67.834999,1/2/2018,,,,,,,
9/14/2018,69.107498,1/2/2018,,,,,,,
9/17/2018,68.482498,1/2/2018,,,,,,,
9/18/2018,67.754997,1/2/2018,,,,,,,
9/19/2018,67.995003,1/2/2018,,,,,,,
9/20/2018,66.57,1/2/2018,,,,,,,
9/21/2018,65.862503,1/2/2018,,,,,,,
9/24/2018,66.425003,1/2/2018,,,,,,,
9/25/2018,67.102501,1/2/2018,,,,,,,
9/26/2018,66.730003,1/2/2018,,,,,,,
9/27/2018,66.849998,1/2/2018,,,,,,,
9/28/2018,70.254997,1/2/2018,,,,,,,
10/1/2018,72.339996,1/2/2018,,,,,,,
10/2/2018,71.620003,1/2/2018,,,,,,,
10/3/2018,71.682503,1/2/2018,,,,,,,
10/4/2018,69.822502,1/2/2018,,,,,,,
10/5/2018,67.464996,1/2/2018,,,,,,,
10/8/2018,66.442497,1/2/2018,,,,,,,
10/9/2018,66.385002,1/2/2018,,,,,,,
10/10/2018,61.422501,1/2/2018,,,,,,,
10/11/2018,58.782501,1/2/2018,,,,,,,
10/12/2018,61.634998,1/2/2018,,,,,,,
10/15/2018,58.845001,1/2/2018,,,,,,,
10/16/2018,61.4575,1/2/2018,,,,,,,
10/17/2018,60.764999,1/2/2018,,,,,,,
10/18/2018,59.8825,1/2/2018,,,,,,,
10/19/2018,57.2925,1/2/2018,,,,,,,
10/22/2018,57.805,1/2/2018,,,,,,,
10/23/2018,55.264999,1/2/2018,,,,,,,
10/24/2018,49.852501,1/2/2018,,,,,,,
10/25/2018,51.959999,1/2/2018,,,,,,,
10/26/2018,49.572498,1/2/2018,,,,,,,
10/29/2018,46.404999,1/2/2018,,,,,,,
10/30/2018,50.75,1/2/2018,,,,,,,
10/31/2018,52.7075,1/2/2018,,,,,,,
11/1/2018,54.5275,1/2/2018,,,,,,,
11/2/2018,53.73,1/2/2018,,,,,,,
11/5/2018,52.942501,1/2/2018,,,,,,,
11/6/2018,52.764999,1/2/2018,,,,,,,
11/7/2018,53.447498,1/2/2018,,,,,,,
11/8/2018,51.497501,1/2/2018,,,,,,,
11/9/2018,51.4175,1/2/2018,,,,,,,
11/12/2018,47.384998,1/2/2018,,,,,,,
11/13/2018,49.827499,1/2/2018,,,,,,,
11/14/2018,49.297501,1/2/2018,,,,,,,
11/15/2018,50.5975,1/2/2018,,,,,,,
11/16/2018,41.107498,1/2/2018,,,,,,,
11/19/2018,36.174999,1/2/2018,,,,,,,
11/20/2018,37.27,1/2/2018,,,,,,,
11/21/2018,36.177502,1/2/2018,,,,,,,
11/23/2018,36.25,1/2/2018,,,,,,,
11/26/2018,38.262501,1/2/2018,,,,,,,
11/27/2018,38.432499,1/2/2018,,,,,,,
11/28/2018,40.017502,1/2/2018,,,,,,,
11/29/2018,39.34,1/2/2018,,,,,,,
11/30/2018,40.857498,1/2/2018,,,,,,,
12/3/2018,42.509998,1/2/2018,,,,,,,
12/4/2018,39.2775,1/2/2018,,,,,,,
12/6/2018,39.572498,1/2/2018,,,,,,,
12/7/2018,36.9025,1/2/2018,,,,,,,
12/10/2018,37.965,1/2/2018,,,,,,,
12/11/2018,37.047501,1/2/2018,,,,,,,
12/12/2018,37.224998,1/2/2018,,,,,,,
12/13/2018,37.2225,1/2/2018,,,,,,,
12/14/2018,36.612499,1/2/2018,,,,,,,
12/17/2018,35.895,1/2/2018,,,,,,,
12/18/2018,36.735001,1/2/2018,,,,,,,
12/19/2018,34.627499,1/2/2018,,,,,,,
12/20/2018,33.775002,1/2/2018,,,,,,,
12/21/2018,32.392502,1/2/2018,,,,,,,
12/24/2018,31.77,1/2/2018,,,,,,,
12/26/2018,33.275002,1/2/2018,,,,,,,
12/27/2018,32.7925,1/2/2018,,,,,,,
12/28/2018,33.412498,1/2/2018,,,,,,,
12/31/2018,33.375,1/2/2018,,,,,,,
1/2/2019,34.055,1/2/2019,,,,,,,
1/3/2019,31.997499,1/2/2019,,,,,,,
1/4/2019,34.047501,1/2/2019,,,,,,,
1/7/2019,35.849998,1/2/2019,,,,,,,
1/8/2019,34.9575,1/2/2019,,,,,,,
1/9/2019,35.645,1/2/2019,,,,,,,
1/10/2019,36.307499,1/2/2019,,,,,,,
1/11/2019,37.2075,1/2/2019,,,,,,,
1/14/2019,37.610001,1/2/2019,,,,,,,
1/15/2019,37.467499,1/2/2019,,,,,,,
1/16/2019,37.209999,1/2/2019,,,,,,,
1/17/2019,37.93,1/2/2019,,,,,,,
1/18/2019,39.232498,1/2/2019,,,,,,,
1/22/2019,37.192501,1/2/2019,,,,,,,
1/23/2019,37.322498,1/2/2019,,,,,,,
1/24/2019,39.459999,1/2/2019,,,,,,,
1/25/2019,40.037498,1/2/2019,,,,,,,
1/28/2019,34.502499,1/2/2019,,,,,,,
1/29/2019,32.900002,1/2/2019,,,,,,,
1/30/2019,34.3475,1/2/2019,,,,,,,
1/31/2019,35.9375,1/2/2019,,,,,,,
2/1/2019,36.182499,1/2/2019,,,,,,,
2/4/2019,37.294998,1/2/2019,,,,,,,
2/5/2019,37.487499,1/2/2019,,,,,,,
2/6/2019,38.25,1/2/2019,,,,,,,
2/7/2019,36.855,1/2/2019,,,,,,,
2/8/2019,37.0425,1/2/2019,,,,,,,
2/11/2019,36.612499,1/2/2019,,,,,,,
2/12/2019,37.7925,1/2/2019,,,,,,,
2/13/2019,38.220001,1/2/2019,,,,,,,
2/14/2019,38.6325,1/2/2019,,,,,,,
2/15/2019,39.334999,1/2/2019,,,,,,,
2/19/2019,39.16,1/2/2019,,,,,,,
2/20/2019,39.637501,1/2/2019,,,,,,,
2/21/2019,38.942501,1/2/2019,,,,,,,
2/22/2019,39.797501,1/2/2019,,,,,,,
2/25/2019,39.672501,1/2/2019,,,,,,,
2/26/2019,39.275002,1/2/2019,,,,,,,
2/27/2019,38.852501,1/2/2019,,,,,,,
2/28/2019,38.564999,1/2/2019,,,,,,,
3/1/2019,39.112499,1/2/2019,,,,,,,
3/4/2019,39.195,1/2/2019,,,,,,,
3/5/2019,39.130001,1/2/2019,,,,,,,
3/6/2019,38.012501,1/2/2019,,,,,,,
3/7/2019,37.314999,1/2/2019,,,,,,,
3/8/2019,37.66,1/2/2019,,,,,,,
3/11/2019,40.285,1/2/2019,,,,,,,
3/12/2019,40.630001,1/2/2019,,,,,,,
3/13/2019,42.154999,1/2/2019,,,,,,,
3/14/2019,41.389999,1/2/2019,,,,,,,
3/15/2019,42.452499,1/2/2019,,,,,,,
3/18/2019,42.237499,1/2/2019,,,,,,,
3/19/2019,43.927502,1/2/2019,,,,,,,
3/20/2019,43.599998,1/2/2019,,,,,,,
3/21/2019,45.985001,1/2/2019,,,,,,,
3/22/2019,44.375,1/2/2019,,,,,,,
3/25/2019,43.445,1/2/2019,,,,,,,
3/26/2019,44.217499,1/2/2019,,,,,,,
3/27/2019,44.125,1/2/2019,,,,,,,
3/28/2019,44.3125,1/2/2019,,,,,,,
3/29/2019,44.889999,1/2/2019,,,,,,,
4/1/2019,45.57,1/2/2019,,,,,,,
4/2/2019,45.75,1/2/2019,,,,,,,
4/3/2019,47.154999,1/2/2019,,,,,,,
4/4/2019,47.064999,1/2/2019,,,,,,,
4/5/2019,47.737499,1/2/2019,,,,,,,
4/8/2019,47.947498,1/2/2019,,,,,,,
4/9/2019,47.314999,1/2/2019,,,,,,,
4/10/2019,48.025002,1/2/2019,,,,,,,
4/11/2019,47.884998,1/2/2019,,,,,,,
4/12/2019,47.502499,1/2/2019,,,,,,,
4/15/2019,46.174999,1/2/2019,,,,,,,
4/16/2019,47.052502,1/2/2019,,,,,,,
4/17/2019,46.822498,1/2/2019,,,,,,,
4/18/2019,46.575001,1/2/2019,,,,,,,
4/22/2019,47.1175,1/2/2019,,,,,,,
4/23/2019,47.6675,1/2/2019,,,,,,,
4/24/2019,47.7925,1/2/2019,,,,,,,
4/25/2019,46.727501,1/2/2019,,,,,,,
4/26/2019,44.522499,1/2/2019,,,,,,,
4/29/2019,44.8325,1/2/2019,,,,,,,
4/30/2019,45.25,1/2/2019,,,,,,,
5/1/2019,45.1175,1/2/2019,,,,,,,
5/2/2019,45.797501,1/2/2019,,,,,,,
5/3/2019,45.752499,1/2/2019,,,,,,,
5/6/2019,44.962502,1/2/2019,,,,,,,
5/7/2019,43.2775,1/2/2019,,,,,,,
5/8/2019,43.48,1/2/2019,,,,,,,
5/9/2019,42.547501,1/2/2019,,,,,,,
5/10/2019,42.205002,1/2/2019,,,,,,,
5/13/2019,39.612499,1/2/2019,,,,,,,
5/14/2019,40.509998,1/2/2019,,,,,,,
5/15/2019,39.895,1/2/2019,,,,,,,
5/16/2019,40.047501,1/2/2019,,,,,,,
5/17/2019,39.1325,1/2/2019,,,,,,,
5/20/2019,37.9375,1/2/2019,,,,,,,
5/21/2019,38.764999,1/2/2019,,,,,,,
5/22/2019,38.049999,1/2/2019,,,,,,,
5/23/2019,36.830002,1/2/2019,,,,,,,
5/24/2019,36.287498,1/2/2019,,,,,,,
5/28/2019,35.8325,1/2/2019,,,,,,,
5/29/2019,35.084999,1/2/2019,,,,,,,
5/30/2019,34.7775,1/2/2019,,,,,,,
5/31/2019,33.865002,1/2/2019,,,,,,,
6/3/2019,33.445,1/2/2019,,,,,,,
6/4/2019,35.75,1/2/2019,,,,,,,
6/5/2019,35.32,1/2/2019,,,,,,,
6/6/2019,35.945,1/2/2019,,,,,,,
6/7/2019,36.375,1/2/2019,,,,,,,
6/10/2019,37.107498,1/2/2019,,,,,,,
6/11/2019,37.6875,1/2/2019,,,,,,,
6/12/2019,36.549999,1/2/2019,,,,,,,
6/13/2019,37.064999,1/2/2019,,,,,,,
6/14/2019,36.16,1/2/2019,,,,,,,
6/17/2019,36.2575,1/2/2019,,,,,,,
6/18/2019,38.220001,1/2/2019,,,,,,,
6/19/2019,38.279999,1/2/2019,,,,,,,
6/20/2019,38.525002,1/2/2019,,,,,,,
6/21/2019,37.939999,1/2/2019,,,,,,,
6/24/2019,38.165001,1/2/2019,,,,,,,
6/25/2019,37.869999,1/2/2019,,,,,,,
6/26/2019,39.814999,1/2/2019,,,,,,,
6/27/2019,40.807499,1/2/2019,,,,,,,
6/28/2019,41.057499,1/2/2019,,,,,,,
7/1/2019,41.5425,1/2/2019,,,,,,,
7/2/2019,40.557499,1/2/2019,,,,,,,
7/3/2019,40.6875,1/2/2019,,,,,,,
7/5/2019,40.057499,1/2/2019,,,,,,,
7/8/2019,39.302502,1/2/2019,,,,,,,
7/9/2019,39.327499,1/2/2019,,,,,,,
7/10/2019,40.014999,1/2/2019,,,,,,,
7/11/2019,41.57,1/2/2019,,,,,,,
7/12/2019,41.9025,1/2/2019,,,,,,,
7/15/2019,41.817501,1/2/2019,,,,,,,
7/16/2019,41.77,1/2/2019,,,,,,,
7/17/2019,42.427502,1/2/2019,,,,,,,
7/18/2019,42.544998,1/2/2019,,,,,,,
7/19/2019,42.110001,1/2/2019,,,,,,,
7/22/2019,42.830002,1/2/2019,,,,,,,
7/23/2019,43.915001,1/2/2019,,,,,,,
7/24/2019,44.665001,1/2/2019,,,,,,,
7/25/2019,43.345001,1/2/2019,,,,,,,
7/26/2019,43.767502,1/2/2019,,,,,,,
7/29/2019,43.705002,1/2/2019,,,,,,,
7/30/2019,43.862499,1/2/2019,,,,,,,
7/31/2019,42.18,1/2/2019,,,,,,,
8/1/2019,41.23,1/2/2019,,,,,,,
8/2/2019,40.297501,1/2/2019,,,,,,,
8/5/2019,37.697498,1/2/2019,,,,,,,
8/6/2019,38.087502,1/2/2019,,,,,,,
8/7/2019,38.4725,1/2/2019,,,,,,,
8/8/2019,39.564999,1/2/2019,,,,,,,
8/9/2019,38.544998,1/2/2019,,,,,,,
8/12/2019,37.862499,1/2/2019,,,,,,,
8/13/2019,39.012501,1/2/2019,,,,,,,
8/14/2019,37.517502,1/2/2019,,,,,,,
8/15/2019,37.192501,1/2/2019,,,,,,,
8/16/2019,39.889999,1/2/2019,,,,,,,
8/19/2019,42.695,1/2/2019,,,,,,,
8/20/2019,41.967499,1/2/2019,,,,,,,
8/21/2019,42.807499,1/2/2019,,,,,,,
8/22/2019,42.869999,1/2/2019,,,,,,,
8/23/2019,40.610001,1/2/2019,,,,,,,
8/26/2019,41.362499,1/2/2019,,,,,,,
8/27/2019,40.450001,1/2/2019,,,,,,,
8/28/2019,40.305,1/2/2019,,,,,,,
8/29/2019,41.75,1/2/2019,,,,,,,
8/30/2019,41.877499,1/2/2019,,,,,,,
9/3/2019,41.0425,1/2/2019,,,,,,,
9/4/2019,42.189999,1/2/2019,,,,,,,
9/5/2019,44.935001,1/2/2019,,,,,,,
9/6/2019,44.662498,1/2/2019,,,,,,,
9/9/2019,45.125,1/2/2019,,,,,,,
9/10/2019,45.794998,1/2/2019,,,,,,,
9/11/2019,46.0825,1/2/2019,,,,,,,
9/12/2019,46.067501,1/2/2019,,,,,,,
9/13/2019,45.485001,1/2/2019,,,,,,,
9/16/2019,45.052502,1/2/2019,,,,,,,
9/17/2019,45.267502,1/2/2019,,,,,,,
9/18/2019,44.994999,1/2/2019,,,,,,,
9/19/2019,44.235001,1/2/2019,,,,,,,
9/20/2019,43.172501,1/2/2019,,,,,,,
9/23/2019,43.709999,1/2/2019,,,,,,,
9/24/2019,43.1325,1/2/2019,,,,,,,
9/25/2019,44.557499,1/2/2019,,,,,,,
9/26/2019,44.334999,1/2/2019,,,,,,,
9/27/2019,42.939999,1/2/2019,,,,,,,
9/30/2019,43.517502,1/2/2019,,,,,,,
10/1/2019,43.5,1/2/2019,,,,,,,
10/2/2019,43.259998,1/2/2019,,,,,,,
10/3/2019,45.327499,1/2/2019,,,,,,,
10/4/2019,45.4925,1/2/2019,,,,,,,
10/7/2019,46.0825,1/2/2019,,,,,,,
10/8/2019,44.307499,1/2/2019,,,,,,,
10/9/2019,45.177502,1/2/2019,,,,,,,
10/10/2019,45.7575,1/2/2019,,,,,,,
10/11/2019,46.497501,1/2/2019,,,,,,,
10/14/2019,46.6325,1/2/2019,,,,,,,
10/15/2019,49.092499,1/2/2019,,,,,,,
10/16/2019,48.552502,1/2/2019,,,,,,,
10/17/2019,48.572498,1/2/2019,,,,,,,
10/18/2019,47.622501,1/2/2019,,,,,,,
10/21/2019,49.002499,1/2/2019,,,,,,,
10/22/2019,48.9025,1/2/2019,,,,,,,
10/23/2019,48.772499,1/2/2019,,,,,,,
10/24/2019,49.215,1/2/2019,,,,,,,
10/25/2019,51.134998,1/2/2019,,,,,,,
10/28/2019,51.697498,1/2/2019,,,,,,,
10/29/2019,50.73,1/2/2019,,,,,,,
10/30/2019,50.75,1/2/2019,,,,,,,
10/31/2019,50.255001,1/2/2019,,,,,,,
11/1/2019,50.647499,1/2/2019,,,,,,,
11/4/2019,52.625,1/2/2019,,,,,,,
11/5/2019,52.4025,1/2/2019,,,,,,,
11/6/2019,51.907501,1/2/2019,,,,,,,
11/7/2019,52.084999,1/2/2019,,,,,,,
11/8/2019,51.945,1/2/2019,,,,,,,
11/11/2019,52.044998,1/2/2019,,,,,,,
11/12/2019,52.4025,1/2/2019,,,,,,,
11/13/2019,52.142502,1/2/2019,,,,,,,
11/14/2019,52.447498,1/2/2019,,,,,,,
11/15/2019,51.047501,1/2/2019,,,,,,,
11/18/2019,53.07,1/2/2019,,,,,,,
11/19/2019,51.997501,1/2/2019,,,,,,,
11/20/2019,52.794998,1/2/2019,,,,,,,
11/21/2019,52.544998,1/2/2019,,,,,,,
11/22/2019,52.7225,1/2/2019,,,,,,,
11/25/2019,55.302502,1/2/2019,,,,,,,
11/26/2019,54.25,1/2/2019,,,,,,,
11/27/2019,54.560001,1/2/2019,,,,,,,
11/29/2019,54.185001,1/2/2019,,,,,,,
12/2/2019,52.3125,1/2/2019,,,,,,,
12/3/2019,51.915001,1/2/2019,,,,,,,
12/4/2019,52.355,1/2/2019,,,,,,,
12/5/2019,52.185001,1/2/2019,,,,,,,
12/6/2019,53.0425,1/2/2019,,,,,,,
12/9/2019,53.0425,1/2/2019,,,,,,,
12/10/2019,53.494999,1/2/2019,,,,,,,
12/11/2019,54.334999,1/2/2019,,,,,,,
12/12/2019,56.017502,1/2/2019,,,,,,,
12/13/2019,55.997501,1/2/2019,,,,,,,
12/16/2019,56.287498,1/2/2019,,,,,,,
12/17/2019,57.072498,1/2/2019,,,,,,,
12/18/2019,57.377499,1/2/2019,,,,,,,
12/19/2019,58.865002,1/2/2019,,,,,,,
12/20/2019,59.842499,1/2/2019,,,,,,,
12/23/2019,59.705002,1/2/2019,,,,,,,
12/24/2019,59.654999,1/2/2019,,,,,,,
12/26/2019,59.797501,1/2/2019,,,,,,,
12/27/2019,59.217499,1/2/2019,,,,,,,
12/30/2019,58.080002,1/2/2019,,,,,,,
12/31/2019,58.825001,1/2/2019,,,,,,,
1/2/2020,59.977501,1/2/2020,,,,,,,
1/3/2020,59.017502,1/2/2020,,,,,,,
1/6/2020,59.264999,1/2/2020,,,,,,,
1/7/2020,59.982498,1/2/2020,,,,,,,
1/8/2020,60.095001,1/2/2020,,,,,,,
1/9/2020,60.755001,1/2/2020,,,,,,,
1/10/2020,61.080002,1/2/2020,,,,,,,
1/13/2020,62.994999,1/2/2020,,,,,,,
1/14/2020,61.82,1/2/2020,,,,,,,
1/15/2020,61.392502,1/2/2020,,,,,,,
1/16/2020,62.232498,1/2/2020,,,,,,,
1/17/2020,62.32,1/2/2020,,,,,,,
1/21/2020,61.985001,1/2/2020,,,,,,,
1/22/2020,62.5275,1/2/2020,,,,,,,
1/23/2020,63.215,1/2/2020,,,,,,,
1/24/2020,62.619999,1/2/2020,,,,,,,
1/27/2020,60.049999,1/2/2020,,,,,,,
1/28/2020,61.9925,1/2/2020,,,,,,,
1/29/2020,61.384998,1/2/2020,,,,,,,
1/30/2020,61.452499,1/2/2020,,,,,,,
1/31/2020,59.107498,1/2/2020,,,,,,,
2/3/2020,60.0825,1/2/2020,,,,,,,
2/4/2020,61.782501,1/2/2020,,,,,,,
2/5/2020,62.689999,1/2/2020,,,,,,,
2/6/2020,63.5625,1/2/2020,,,,,,,
2/7/2020,62.897499,1/2/2020,,,,,,,
2/10/2020,65.7425,1/2/2020,,,,,,,
2/11/2020,66.972504,1/2/2020,,,,,,,
2/12/2020,68.135002,1/2/2020,,,,,,,
2/13/2020,67.695,1/2/2020,,,,,,,
2/14/2020,72.447502,1/2/2020,,,,,,,
2/18/2020,74.142502,1/2/2020,,,,,,,
2/19/2020,78.675003,1/2/2020,,,,,,,
2/20/2020,77.175003,1/2/2020,,,,,,,
2/21/2020,73.517502,1/2/2020,,,,,,,
2/24/2020,68.32,1/2/2020,,,,,,,
2/25/2020,65.512497,1/2/2020,,,,,,,
2/26/2020,66.912498,1/2/2020,,,,,,,
2/27/2020,63.150002,1/2/2020,,,,,,,
2/28/2020,67.517502,1/2/2020,,,,,,,
3/2/2020,69.107498,1/2/2020,,,,,,,
3/3/2020,66.472504,1/2/2020,,,,,,,
3/4/2020,71.127502,1/2/2020,,,,,,,
3/5/2020,68.322502,1/2/2020,,,,,,,
3/6/2020,66.510002,1/2/2020,,,,,,,
3/9/2020,61.360001,1/2/2020,,,,,,,
3/10/2020,65.269997,1/2/2020,,,,,,,
3/11/2020,61.6175,1/2/2020,,,,,,,
3/12/2020,54.077499,1/2/2020,,,,,,,
3/13/2020,60.209999,1/2/2020,,,,,,,
3/16/2020,49.099998,1/2/2020,,,,,,,
3/17/2020,54.317501,1/2/2020,,,,,,,
3/18/2020,50.705002,1/2/2020,,,,,,,
3/19/2020,53.2425,1/2/2020,,,,,,,
3/20/2020,51.4375,1/2/2020,,,,,,,
3/23/2020,53.172501,1/2/2020,,,,,,,
3/24/2020,62.294998,1/2/2020,,,,,,,
3/25/2020,61.404999,1/2/2020,,,,,,,
3/26/2020,64.309998,1/2/2020,,,,,,,
3/27/2020,63.182499,1/2/2020,,,,,,,
3/30/2020,66.397499,1/2/2020,,,,,,,
3/31/2020,65.900002,1/2/2020,,,,,,,
4/1/2020,60.767502,1/2/2020,,,,,,,
4/2/2020,63.8675,1/2/2020,,,,,,,
4/3/2020,60.977501,1/2/2020,,,,,,,
4/6/2020,67.099998,1/2/2020,,,,,,,
4/7/2020,64.7575,1/2/2020,,,,,,,
4/8/2020,66.737503,1/2/2020,,,,,,,
4/9/2020,65.737503,1/2/2020,,,,,,,
4/13/2020,67.462502,1/2/2020,,,,,,,
4/14/2020,70.987503,1/2/2020,,,,,,,
4/15/2020,70.209999,1/2/2020,,,,,,,
4/16/2020,73.675003,1/2/2020,,,,,,,
4/17/2020,73.080002,1/2/2020,,,,,,,
4/20/2020,71.762497,1/2/2020,,,,,,,
4/21/2020,67.377502,1/2/2020,,,,,,,
4/22/2020,71.537498,1/2/2020,,,,,,,
4/23/2020,71.002502,1/2/2020,,,,,,,
4/24/2020,72.397499,1/2/2020,,,,,,,
4/27/2020,74.269997,1/2/2020,,,,,,,
4/28/2020,72.839996,1/2/2020,,,,,,,
4/29/2020,74.614998,1/2/2020,,,,,,,
4/30/2020,73.07,1/2/2020,,,,,,,
5/1/2020,70.695,1/2/2020,,,,,,,
5/4/2020,72.822502,1/2/2020,,,,,,,
5/5/2020,73.434998,1/2/2020,,,,,,,
5/6/2020,74.447502,1/2/2020,,,,,,,
5/7/2020,76.217499,1/2/2020,,,,,,,
5/8/2020,78.125,1/2/2020,,,,,,,
5/11/2020,80.654999,1/2/2020,,,,,,,
5/12/2020,78.025002,1/2/2020,,,,,,,
5/13/2020,77.800003,1/2/2020,,,,,,,
5/14/2020,80.305,1/2/2020,,,,,,,
5/15/2020,84.907501,1/2/2020,,,,,,,
5/18/2020,87.502502,1/2/2020,,,,,,,
5/19/2020,88.055,1/2/2020,,,,,,,
5/20/2020,89.699997,1/2/2020,,,,,,,
5/21/2020,87.752502,1/2/2020,,,,,,,
5/22/2020,90.262497,1/2/2020,,,,,,,
5/26/2020,87.177498,1/2/2020,,,,,,,
5/27/2020,85.252502,1/2/2020,,,,,,,
5/28/2020,84.870003,1/2/2020,,,,,,,
5/29/2020,88.754997,1/2/2020,,,,,,,
6/1/2020,88.0625,1/2/2020,,,,,,,
6/2/2020,88.252502,1/2/2020,,,,,,,
6/3/2020,87.695,1/2/2020,,,,,,,
6/4/2020,87.665001,1/2/2020,,,,,,,
6/5/2020,89.199997,1/2/2020,,,,,,,
6/8/2020,88.050003,1/2/2020,,,,,,,
6/9/2020,90.459999,1/2/2020,,,,,,,
6/10/2020,93.667503,1/2/2020,,,,,,,
6/11/2020,87.962502,1/2/2020,,,,,,,
6/12/2020,89.324997,1/2/2020,,,,,,,
6/15/2020,91.737503,1/2/2020,,,,,,,
6/16/2020,90.684998,1/2/2020,,,,,,,
6/17/2020,92.360001,1/2/2020,,,,,,,
6/18/2020,92.18,1/2/2020,,,,,,,
6/19/2020,92.612503,1/2/2020,,,,,,,
6/22/2020,95.267502,1/2/2020,,,,,,,
6/23/2020,94.5,1/2/2020,,,,,,,
6/24/2020,92.355003,1/2/2020,,,,,,,
6/25/2020,94.900002,1/2/2020,,,,,,,
6/26/2020,91.550003,1/2/2020,,,,,,,
6/29/2020,92,1/2/2020,,,,,,,
6/30/2020,94.977501,1/2/2020,,,,,,,
7/1/2020,95.300003,1/2/2020,,,,,,,
7/2/2020,96.122498,1/2/2020,,,,,,,
7/6/2020,98.392502,1/2/2020,,,,,,,
7/7/2020,98.717499,1/2/2020,,,,,,,
7/8/2020,102.160004,1/2/2020,,,,,,,
7/9/2020,105.089996,1/2/2020,,,,,,,
7/10/2020,104.792503,1/2/2020,,,,,,,
7/13/2020,100.522499,1/2/2020,,,,,,,
7/14/2020,103.769997,1/2/2020,,,,,,,
7/15/2020,102.272499,1/2/2020,,,,,,,
7/16/2020,101.347504,1/2/2020,,,,,,,
7/17/2020,102.014999,1/2/2020,,,,,,,
7/20/2020,105.107498,1/2/2020,,,,,,,
7/21/2020,103.285004,1/2/2020,,,,,,,
7/22/2020,104.387497,1/2/2020,,,,,,,
7/23/2020,101.297501,1/2/2020,,,,,,,
7/24/2020,101.945,1/2/2020,,,,,,,
7/27/2020,104.214996,1/2/2020,,,,,,,
7/28/2020,102.154999,1/2/2020,,,,,,,
7/29/2020,104.654999,1/2/2020,,,,,,,
7/30/2020,106.139999,1/2/2020,,,,,,,
7/31/2020,106.147499,1/2/2020,,,,,,,
8/3/2020,110.102501,1/2/2020,,,,,,,
8/4/2020,112.277496,1/2/2020,,,,,,,
8/5/2020,112.8675,1/2/2020,,,,,,,
8/6/2020,113.355003,1/2/2020,,,,,,,
8/7/2020,111.995003,1/2/2020,,,,,,,
8/10/2020,111.650002,1/2/2020,,,,,,,
8/11/2020,108.5,1/2/2020,,,,,,,
8/12/2020,114.402496,1/2/2020,,,,,,,
8/13/2020,114.43,1/2/2020,,,,,,,
8/14/2020,115.639999,1/2/2020,,,,,,,
8/17/2020,123.370003,1/2/2020,,,,,,,
8/18/2020,122.607498,1/2/2020,,,,,,,
8/19/2020,121.385002,1/2/2020,,,,,,,
8/20/2020,121.410004,1/2/2020,,,,,,,
8/21/2020,126.834999,1/2/2020,,,,,,,
8/24/2020,127.202499,1/2/2020,,,,,,,
8/25/2020,127.5,1/2/2020,,,,,,,
8/26/2020,127.730003,1/2/2020,,,,,,,
8/27/2020,126.282501,1/2/2020,,,,,,,
8/28/2020,131.477493,1/2/2020,,,,,,,
8/31/2020,133.744995,1/2/2020,,,,,,,
9/1/2020,138.210007,1/2/2020,,,,,,,
9/2/2020,143.464996,1/2/2020,,,,,,,
9/3/2020,130.154999,1/2/2020,,,,,,,
9/4/2020,126.224998,1/2/2020,,,,,,,
9/8/2020,119.129997,1/2/2020,,,,,,,
9/9/2020,127.150002,1/2/2020,,,,,,,
9/10/2020,123.1175,1/2/2020,,,,,,,
9/11/2020,121.644997,1/2/2020,,,,,,,
9/14/2020,128.722504,1/2/2020,,,,,,,
9/15/2020,129.910004,1/2/2020,,,,,,,
9/16/2020,125.144997,1/2/2020,,,,,,,
9/17/2020,124.635002,1/2/2020,,,,,,,
9/18/2020,121.892502,1/2/2020,,,,,,,
9/21/2020,125.172501,1/2/2020,,,,,,,
9/22/2020,126.377502,1/2/2020,,,,,,,
9/23/2020,121.237503,1/2/2020,,,,,,,
9/24/2020,123.480003,1/2/2020,,,,,,,
9/25/2020,128.737503,1/2/2020,,,,,,,
9/28/2020,130.350006,1/2/2020,,,,,,,
9/29/2020,132.257507,1/2/2020,,,,,,,
9/30/2020,135.304993,1/2/2020,,,,,,,
10/1/2020,136.145004,1/2/2020,,,,,,,
10/2/2020,130.622498,1/2/2020,,,,,,,
10/5/2020,136.425003,1/2/2020,,,,,,,
10/6/2020,137.365005,1/2/2020,,,,,,,
10/7/2020,139.639999,1/2/2020,,,,,,,
10/8/2020,138.387497,1/2/2020,,,,,,,
10/9/2020,137.627502,1/2/2020,,,,,,,
10/12/2020,142.259995,1/2/2020,,,,,,,
10/13/2020,142.482498,1/2/2020,,,,,,,
10/14/2020,140.952499,1/2/2020,,,,,,,
10/15/2020,139.699997,1/2/2020,,,,,,,
10/16/2020,138.115005,1/2/2020,,,,,,,
10/19/2020,134.977493,1/2/2020,,,,,,,
10/20/2020,136.455002,1/2/2020,,,,,,,
10/21/2020,135.247498,1/2/2020,,,,,,,
10/22/2020,133.610001,1/2/2020,,,,,,,
10/23/2020,135.902496,1/2/2020,,,,,,,
10/26/2020,131.412506,1/2/2020,,,,,,,
10/27/2020,133.967499,1/2/2020,,,,,,,
10/28/2020,126.269997,1/2/2020,,,,,,,
10/29/2020,130.240005,1/2/2020,,,,,,,
10/30/2020,125.339996,1/2/2020,,,,,,,
11/2/2020,125.807503,1/2/2020,,,,,,,
11/3/2020,130.195007,1/2/2020,,,,,,,
11/4/2020,137.942505,1/2/2020,,,,,,,
11/5/2020,141.600006,1/2/2020,,,,,,,
11/6/2020,145.619995,1/2/2020,,,,,,,
11/9/2020,136.307495,1/2/2020,,,,,,,
11/10/2020,127.699997,1/2/2020,,,,,,,
11/11/2020,134.179993,1/2/2020,,,,,,,
11/12/2020,134.567505,1/2/2020,,,,,,,
11/13/2020,132.970001,1/2/2020,,,,,,,
11/16/2020,135.152496,1/2/2020,,,,,,,
11/17/2020,134.222504,1/2/2020,,,,,,,
11/18/2020,134.287506,1/2/2020,,,,,,,
11/19/2020,134.402496,1/2/2020,,,,,,,
11/20/2020,130.877502,1/2/2020,,,,,,,
11/23/2020,131.399994,1/2/2020,,,,,,,
11/24/2020,129.577499,1/2/2020,,,,,,,
11/25/2020,132.347504,1/2/2020,,,,,,,
11/27/2020,132.612503,1/2/2020,,,,,,,
11/30/2020,134.014999,1/2/2020,,,,,,,
12/1/2020,133.899994,1/2/2020,,,,,,,
12/2/2020,135.445007,1/2/2020,,,,,,,
12/3/2020,133.960007,1/2/2020,,,,,,,
12/4/2020,135.582504,1/2/2020,,,,,,,
12/7/2020,136.067505,1/2/2020,,,,,,,
12/8/2020,133.5,1/2/2020,,,,,,,
12/9/2020,129.307495,1/2/2020,,,,,,,
12/10/2020,129.722504,1/2/2020,,,,,,,
12/11/2020,130.132507,1/2/2020,,,,,,,
12/14/2020,133.087494,1/2/2020,,,,,,,
12/15/2020,133.604996,1/2/2020,,,,,,,
12/16/2020,132.425003,1/2/2020,,,,,,,
12/17/2020,133.412506,1/2/2020,,,,,,,
12/18/2020,132.720001,1/2/2020,,,,,,,
12/21/2020,133.322495,1/2/2020,,,,,,,
12/22/2020,132.782501,1/2/2020,,,,,,,
12/23/2020,130.092499,1/2/2020,,,,,,,
12/24/2020,129.9375,1/2/2020,,,,,,,
12/28/2020,129,1/2/2020,,,,,,,
12/29/2020,129.432495,1/2/2020,,,,,,,
12/30/2020,131.457504,1/2/2020,,,,,,,
12/31/2020,130.550003,1/2/2020,,,,,,,
1/4/2021,131.134995,1/4/2021,,,,,,,
1/5/2021,134.047501,1/4/2021,,,,,,,
1/6/2021,126.144997,1/4/2021,,,,,,,
1/7/2021,133.440002,1/4/2021,,,,,,,
1/8/2021,132.767502,1/4/2021,,,,,,,
1/11/2021,136.214996,1/4/2021,,,,,,,
1/12/2021,134.847504,1/4/2021,,,,,,,
1/13/2021,135.317505,1/4/2021,,,,,,,
1/14/2021,132.002502,1/4/2021,,,,,,,
1/15/2021,128.595001,1/4/2021,,,,,,,
1/19/2021,130.252502,1/4/2021,,,,,,,
1/20/2021,133.657501,1/4/2021,,,,,,,
1/21/2021,138.675003,1/4/2021,,,,,,,
1/22/2021,137.125,1/4/2021,,,,,,,
1/25/2021,136.532501,1/4/2021,,,,,,,
1/26/2021,134.352493,1/4/2021,,,,,,,
1/27/2021,129.177505,1/4/2021,,,,,,,
1/28/2021,130.509995,1/4/2021,,,,,,,
1/29/2021,129.897507,1/4/2021,,,,,,,
2/1/2021,132.369995,1/4/2021,,,,,,,
2/2/2021,135.567505,1/4/2021,,,,,,,
2/3/2021,135.304993,1/4/2021,,,,,,,
2/4/2021,136.642502,1/4/2021,,,,,,,
2/5/2021,135.910004,1/4/2021,,,,,,,
2/8/2021,144.387497,1/4/2021,,,,,,,
2/9/2021,142.632507,1/4/2021,,,,,,,
2/10/2021,147.642502,1/4/2021,,,,,,,
2/11/2021,152.507507,1/4/2021,,,,,,,
2/12/2021,149.612503,1/4/2021,,,,,,,
2/16/2021,153.302505,1/4/2021,,,,,,,
2/17/2021,149.059998,1/4/2021,,,,,,,
2/18/2021,148.289993,1/4/2021,,,,,,,
2/19/2021,149.264999,1/4/2021,,,,,,,
2/22/2021,143.557495,1/4/2021,,,,,,,
2/23/2021,141.419998,1/4/2021,,,,,,,
2/24/2021,144.990005,1/4/2021,,,,,,,
2/25/2021,133.074997,1/4/2021,,,,,,,
2/26/2021,137.145004,1/4/2021,,,,,,,
3/1/2021,138.417496,1/4/2021,,,,,,,
3/2/2021,134.0625,1/4/2021,,,,,,,
3/3/2021,128.047501,1/4/2021,,,,,,,
3/4/2021,123.702499,1/4/2021,,,,,,,
3/5/2021,124.614998,1/4/2021,,,,,,,
3/8/2021,115.932503,1/4/2021,,,,,,,
3/9/2021,125.202499,1/4/2021,,,,,,,
3/10/2021,124.682503,1/4/2021,,,,,,,
3/11/2021,129.934998,1/4/2021,,,,,,,
3/12/2021,128.559998,1/4/2021,,,,,,,
3/15/2021,131.912506,1/4/2021,,,,,,,
3/16/2021,132.912506,1/4/2021,,,,,,,
3/17/2021,133.412506,1/4/2021,,,,,,,
3/18/2021,127.224998,1/4/2021,,,,,,,
3/19/2021,128.457504,1/4/2021,,,,,,,
3/22/2021,131.862503,1/4/2021,,,,,,,
3/23/2021,130.707504,1/4/2021,,,,,,,
3/24/2021,126.43,1/4/2021,,,,,,,
3/25/2021,125.352501,1/4/2021,,,,,,,
3/26/2021,128.392502,1/4/2021,,,,,,,
3/29/2021,129.482498,1/4/2021,,,,,,,
3/30/2021,128.717499,1/4/2021,,,,,,,
3/31/2021,133.482498,1/4/2021,,,,,,,
4/1/2021,138.117493,1/4/2021,,,,,,,
4/5/2021,139.875,1/4/2021,,,,,,,
4/6/2021,138.615005,1/4/2021,,,,,,,
4/7/2021,141.434998,1/4/2021,,,,,,,
4/8/2021,143.169998,1/4/2021,,,,,,,
4/9/2021,144,1/4/2021,,,,,,,
4/12/2021,152.089996,1/4/2021,,,,,,,
4/13/2021,156.794998,1/4/2021,,,,,,,
4/14/2021,152.770004,1/4/2021,,,,,,,
4/15/2021,161.372498,1/4/2021,,,,,,,
4/16/2021,159.125,1/4/2021,,,,,,,
4/19/2021,153.617493,1/4/2021,,,,,,,
4/20/2021,151.712494,1/4/2021,,,,,,,
4/21/2021,153.604996,1/4/2021,,,,,,,
4/22/2021,148.502502,1/4/2021,,,,,,,
4/23/2021,152.652496,1/4/2021,,,,,,,
4/26/2021,154.779999,1/4/2021,,,,,,,
4/27/2021,153.817505,1/4/2021,,,,,,,
4/28/2021,152.767502,1/4/2021,,,,,,,
4/29/2021,153.247498,1/4/2021,,,,,,,
4/30/2021,150.095001,1/4/2021,,,,,,,
5/3/2021,148.367493,1/4/2021,,,,,,,
5/4/2021,143.512497,1/4/2021,,,,,,,
5/5/2021,144.585007,1/4/2021,,,,,,,
5/6/2021,145.229996,1/4/2021,,,,,,,
5/7/2021,148.122498,1/4/2021,,,,,,,
5/10/2021,142.657501,1/4/2021,,,,,,,
5/11/2021,143.0625,1/4/2021,,,,,,,
5/12/2021,137.585007,1/4/2021,,,,,,,
5/13/2021,136.652496,1/4/2021,,,,,,,
5/14/2021,142.429993,1/4/2021,,,,,,,
5/17/2021,141.654999,1/4/2021,,,,,,,
5/18/2021,140.157501,1/4/2021,,,,,,,
5/19/2021,140.657501,1/4/2021,,,,,,,
5/20/2021,146.125,1/4/2021,,,,,,,
5/21/2021,149.917496,1/4/2021,,,,,,,
5/24/2021,156.119995,1/4/2021,,,,,,,
5/25/2021,156.477493,1/4/2021,,,,,,,
5/26/2021,157,1/4/2021,,,,,,,
5/27/2021,154.880005,1/4/2021,,,,,,,
5/28/2021,162.445007,1/4/2021,,,,,,,
6/1/2021,162.645004,1/4/2021,,,,,,,
6/2/2021,167.782501,1/4/2021,,,,,,,
6/3/2021,169.697495,1/4/2021,,,,,,,
6/4/2021,175.782501,1/4/2021,,,,,,,
6/7/2021,176.190002,1/4/2021,,,,,,,
6/8/2021,174.570007,1/4/2021,,,,,,,
6/9/2021,173.582504,1/4/2021,,,,,,,
6/10/2021,174.25,1/4/2021,,,,,,,
6/11/2021,178.252502,1/4/2021,,,,,,,
6/14/2021,180.1875,1/4/2021,,,,,,,
6/15/2021,177.884995,1/4/2021,,,,,,,
6/16/2021,178.102493,1/4/2021,,,,,,,
6/17/2021,186.572495,1/4/2021,,,,,,,
6/18/2021,186.387497,1/4/2021,,,,,,,
6/21/2021,184.272507,1/4/2021,,,,,,,
6/22/2021,188.867493,1/4/2021,,,,,,,
6/23/2021,190.572495,1/4/2021,,,,,,,
6/24/2021,192.054993,1/4/2021,,,,,,,
6/25/2021,190.309998,1/4/2021,,,,,,,
6/28/2021,199.850006,1/4/2021,,,,,,,
6/29/2021,200.267502,1/4/2021,,,,,,,
6/30/2021,200.024994,1/4/2021,,,,,,,
7/1/2021,202.119995,1/4/2021,,,,,,,
7/2/2021,204.869995,1/4/2021,,,,,,,
7/6/2021,206.985001,1/4/2021,,,,,,,
7/7/2021,203.717499,1/4/2021,,,,,,,
7/8/2021,199.027496,1/4/2021,,,,,,,
7/9/2021,200.502502,1/4/2021,,,,,,,
7/12/2021,205.125,1/4/2021,,,,,,,
7/13/2021,202.5,1/4/2021,,,,,,,
7/14/2021,198.414993,1/4/2021,,,,,,,
7/15/2021,189.662506,1/4/2021,,,,,,,
7/16/2021,181.610001,1/4/2021,,,,,,,
7/19/2021,187.797501,1/4/2021,,,,,,,
7/20/2021,186.119995,1/4/2021,,,,,,,
7/21/2021,194.100006,1/4/2021,,,,,,,
7/22/2021,195.940002,1/4/2021,,,,,,,
7/23/2021,195.580002,1/4/2021,,,,,,,
7/26/2021,192.940002,1/4/2021,,,,,,,
7/27/2021,192.080002,1/4/2021,,,,,,,
7/28/2021,195.029999,1/4/2021,,,,,,,
7/29/2021,196.619995,1/4/2021,,,,,,,
7/30/2021,194.990005,1/4/2021,,,,,,,
8/2/2021,197.5,1/4/2021,,,,,,,
8/3/2021,198.149994,1/4/2021,,,,,,,
8/4/2021,202.740005,1/4/2021,,,,,,,
8/5/2021,206.369995,1/4/2021,,,,,,,
8/6/2021,203.660004,1/4/2021,,,,,,,
8/9/2021,202.949997,1/4/2021,,,,,,,
8/10/2021,199.360001,1/4/2021,,,,,,,
8/11/2021,196.990005,1/4/2021,,,,,,,
8/12/2021,199.050003,1/4/2021,,,,,,,
8/13/2021,201.880005,1/4/2021,,,,,,,
8/16/2021,199.5,1/4/2021,,,,,,,
8/17/2021,194.580002,1/4/2021,,,,,,,
8/18/2021,190.399994,1/4/2021,,,,,,,
8/19/2021,197.979996,1/4/2021,,,,,,,
8/20/2021,208.160004,1/4/2021,,,,,,,
8/23/2021,219.580002,1/4/2021,,,,,,,
8/24/2021,217.929993,1/4/2021,,,,,,,
8/25/2021,222.130005,1/4/2021,,,,,,,
8/26/2021,220.679993,1/4/2021,,,,,,,
8/27/2021,226.360001,1/4/2021,,,,,,,
8/30/2021,226.880005,1/4/2021,,,,,,,
8/31/2021,223.850006,1/4/2021,,,,,,,
9/1/2021,224.410004,1/4/2021,,,,,,,
9/2/2021,223.960007,1/4/2021,,,,,,,
9/3/2021,228.429993,1/4/2021,,,,,,,
9/7/2021,226.619995,1/4/2021,,,,,,,
9/8/2021,223.389999,1/4/2021,,,,,,,
9/9/2021,221.770004,1/4/2021,,,,,,,
9/10/2021,224.779999,1/4/2021,,,,,,,
9/13/2021,221.520004,1/4/2021,,,,,,,
9/14/2021,222.419998,1/4/2021,,,,,,,
9/15/2021,223.410004,1/4/2021,,,,,,,
9/16/2021,222.419998,1/4/2021,,,,,,,
9/17/2021,219,1/4/2021,,,,,,,
9/20/2021,211.130005,1/4/2021,,,,,,,
9/21/2021,212.460007,1/4/2021,,,,,,,
9/22/2021,219.410004,1/4/2021,,,,,,,
9/23/2021,224.820007,1/4/2021,,,,,,,
9/24/2021,220.809998,1/4/2021,,,,,,,
9/27/2021,216.600006,1/4/2021,,,,,,,
9/28/2021,206.990005,1/4/2021,,,,,,,
9/29/2021,205.169998,1/4/2021,,,,,,,
9/30/2021,207.160004,1/4/2021,,,,,,,
10/1/2021,207.419998,1/4/2021,,,,,,,
10/4/2021,197.320007,1/4/2021,,,,,,,
10/5/2021,204.509995,1/4/2021,,,,,,,
10/6/2021,207,1/4/2021,,,,,,,
10/7/2021,210.75,1/4/2021,,,,,,,
10/8/2021,208.309998,1/4/2021,,,,,,,
10/11/2021,206.949997,1/4/2021,,,,,,,
10/12/2021,206.710007,1/4/2021,,,,,,,
10/13/2021,209.389999,1/4/2021,,,,,,,
10/14/2021,217.460007,1/4/2021,,,,,,,
10/15/2021,218.619995,1/4/2021,,,,,,,
10/18/2021,222.220001,1/4/2021,,,,,,,
10/19/2021,222.899994,1/4/2021,,,,,,,
10/20/2021,221.029999,1/4/2021,,,,,,,
10/21/2021,226.919998,1/4/2021,,,,,,,
10/22/2021,227.259995,1/4/2021,,,,,,,
10/25/2021,231.660004,1/4/2021,,,,,,,
10/26/2021,247.169998,1/4/2021,,,,,,,
10/27/2021,244.509995,1/4/2021,,,,,,,
10/28/2021,249.410004,1/4/2021,,,,,,,
10/29/2021,255.669998,1/4/2021,,,,,,,
11/1/2021,258.269989,1/4/2021,,,,,,,
11/2/2021,264.01001,1/4/2021,,,,,,,
11/3/2021,265.980011,1/4/2021,,,,,,,
11/4/2021,298.01001,1/4/2021,,,,,,,
11/5/2021,297.519989,1/4/2021,,,,,,,
11/8/2021,308.040009,1/4/2021,,,,,,,
11/9/2021,306.570007,1/4/2021,,,,,,,
11/10/2021,294.589996,1/4/2021,,,,,,,
11/11/2021,303.899994,1/4/2021,,,,,,,
11/12/2021,303.899994,1/4/2021,,,,,,,
11/15/2021,300.25,1/4/2021,,,,,,,
11/16/2021,302.029999,1/4/2021,,,,,,,
11/17/2021,292.609985,1/4/2021,,,,,,,
11/18/2021,316.75,1/4/2021,,,,,,,
11/19/2021,329.850006,1/4/2021,,,,,,,
11/22/2021,319.559998,1/4/2021,,,,,,,
11/23/2021,317.459991,1/4/2021,,,,,,,
11/24/2021,326.73999,1/4/2021,,,,,,,
11/26/2021,315.029999,1/4/2021,,,,,,,
11/29/2021,333.76001,1/4/2021,,,,,,,
11/30/2021,326.76001,1/4/2021,,,,,,,
12/1/2021,314.350006,1/4/2021,,,,,,,
12/2/2021,321.26001,1/4/2021,,,,,,,
12/3/2021,306.929993,1/4/2021,,,,,,,
12/6/2021,300.369995,1/4/2021,,,,,,,
12/7/2021,324.269989,1/4/2021,,,,,,,
12/8/2021,318.26001,1/4/2021,,,,,,,
12/9/2021,304.899994,1/4/2021,,,,,,,
12/10/2021,301.980011,1/4/2021,,,,,,,
12/13/2021,281.609985,1/4/2021,,,,,,,
12/14/2021,283.369995,1/4/2021,,,,,,,
12/15/2021,304.589996,1/4/2021,,,,,,,
12/16/2021,283.869995,1/4/2021,,,,,,,
12/17/2021,278.01001,1/4/2021,,,,,,,
12/20/2021,277.190002,1/4/2021,,,,,,,
12/21/2021,290.75,1/4/2021,,,,,,,
12/22/2021,294,1/4/2021,,,,,,,
12/23/2021,296.399994,1/4/2021,,,,,,,
12/27/2021,309.450012,1/4/2021,,,,,,,
12/28/2021,303.220001,1/4/2021,,,,,,,
12/29/2021,300.01001,1/4/2021,,,,,,,
12/30/2021,295.859985,1/4/2021,,,,,,,
12/31/2021,294.109985,1/4/2021,,,,,,,
1/3/2022,301.209991,1/3/2022,,,,,,,
1/4/2022,292.899994,1/3/2022,,,,,,,
1/5/2022,276.040009,1/3/2022,,,,,,,
1/6/2022,281.779999,1/3/2022,,,,,,,
1/7/2022,272.470001,1/3/2022,,,,,,,
1/10/2022,274,1/3/2022,,,,,,,
1/11/2022,278.170013,1/3/2022,,,,,,,
1/12/2022,279.98999,1/3/2022,,,,,,,
1/13/2022,265.75,1/3/2022,,,,,,,
1/14/2022,269.420013,1/3/2022,,,,,,,
1/18/2022,259.029999,1/3/2022,,,,,,,
1/19/2022,250.669998,1/3/2022,,,,,,,
1/20/2022,241.5,1/3/2022,,,,,,,
1/21/2022,233.740005,1/3/2022,,,,,,,
1/24/2022,233.720001,1/3/2022,,,,,,,
1/25/2022,223.240005,1/3/2022,,,,,,,
1/26/2022,227.720001,1/3/2022,,,,,,,
1/27/2022,219.440002,1/3/2022,,,,,,,
1/28/2022,228.399994,1/3/2022,,,,,,,
1/31/2022,244.860001,1/3/2022,,,,,,,
2/1/2022,246.380005,1/3/2022,,,,,,,
2/2/2022,252.419998,1/3/2022,,,,,,,
2/3/2022,239.479996,1/3/2022,,,,,,,
2/4/2022,243.190002,1/3/2022,,,,,,,
2/7/2022,247.279999,1/3/2022,,,,,,,
2/8/2022,251.080002,1/3/2022,,,,,,,
2/9/2022,267.049988,1/3/2022,,,,,,,
2/10/2022,258.23999,1/3/2022,,,,,,,
2/11/2022,239.490005,1/3/2022,,,,,,,
2/14/2022,242.669998,1/3/2022,,,,,,,
2/15/2022,264.950012,1/3/2022,,,,,,,
2/16/2022,265.109985,1/3/2022,,,,,,,
2/17/2022,245.070007,1/3/2022,,,,,,,
2/18/2022,236.419998,1/3/2022,,,,,,,
2/22/2022,233.899994,1/3/2022,,,,,,,
2/23/2022,223.869995,1/3/2022,,,,,,,
2/24/2022,237.479996,1/3/2022,,,,,,,
2/25/2022,241.570007,1/3/2022,,,,,,,
2/28/2022,243.850006,1/3/2022,,,,,,,
3/1/2022,234.770004,1/3/2022,,,,,,,
3/2/2022,242.199997,1/3/2022,,,,,,,
3/3/2022,237.139999,1/3/2022,,,,,,,
3/4/2022,229.360001,1/3/2022,,,,,,,
3/7/2022,213.520004,1/3/2022,,,,,,,
3/8/2022,215.139999,1/3/2022,,,,,,,
3/9/2022,230.139999,1/3/2022,,,,,,,
3/10/2022,226.580002,1/3/2022,,,,,,,
3/11/2022,221,1/3/2022,,,,,,,
3/14/2022,213.300003,1/3/2022,,,,,,,
3/15/2022,229.729996,1/3/2022,,,,,,,
3/16/2022,244.960007,1/3/2022,,,,,,,
3/17/2022,247.660004,1/3/2022,,,,,,,
3/18/2022,264.529999,1/3/2022,,,,,,,
3/21/2022,267.339996,1/3/2022,,,,,,,
3/22/2022,265.23999,1/3/2022,,,,,,,
3/23/2022,256.339996,1/3/2022,,,,,,,
3/24/2022,281.5,1/3/2022,,,,,,,
3/25/2022,276.920013,1/3/2022,,,,,,,
3/28/2022,282.190002,1/3/2022,,,,,,,
3/29/2022,286.559998,1/3/2022,,,,,,,
3/30/2022,276.899994,1/3/2022,,,,,,,
3/31/2022,272.859985,1/3/2022,,,,,,,
4/1/2022,267.119995,1/3/2022,,,,,,,
4/4/2022,273.600006,1/3/2022,,,,,,,
4/5/2022,259.309998,1/3/2022,,,,,,,
4/6/2022,244.070007,1/3/2022,,,,,,,
4/7/2022,242.080002,1/3/2022,,,,,,,
4/8/2022,231.190002,1/3/2022,,,,,,,
4/11/2022,219.169998,1/3/2022,,,,,,,
4/12/2022,215.039993,1/3/2022,,,,,,,
4/13/2022,222.029999,1/3/2022,,,,,,,
4/14/2022,212.580002,1/3/2022,,,,,,,
4/18/2022,217.830002,1/3/2022,,,,,,,
4/19/2022,221.979996,1/3/2022,,,,,,,
4/20/2022,214.820007,1/3/2022,,,,,,,
4/21/2022,201.830002,1/3/2022,,,,,,,
4/22/2022,195.149994,1/3/2022,,,,,,,
4/25/2022,199.020004,1/3/2022,,,,,,,
4/26/2022,187.880005,1/3/2022,,,,,,,
4/27/2022,184.149994,1/3/2022,,,,,,,
4/28/2022,197.820007,1/3/2022,,,,,,,
4/29/2022,185.470001,1/3/2022,,,,,,,
5/2/2022,195.330002,1/3/2022,,,,,,,
5/3/2022,196.020004,1/3/2022,,,,,,,
5/4/2022,203.339996,1/3/2022,,,,,,,
5/5/2022,188.440002,1/3/2022,,,,,,,
5/6/2022,186.75,1/3/2022,,,,,,,
5/9/2022,169.5,1/3/2022,,,,,,,
5/10/2022,175.949997,1/3/2022,,,,,,,
5/11/2022,166.300003,1/3/2022,,,,,,,
5/12/2022,161.75,1/3/2022,,,,,,,
5/13/2022,177.059998,1/3/2022,,,,,,,
5/16/2022,172.639999,1/3/2022,,,,,,,
5/17/2022,181.770004,1/3/2022,,,,,,,
5/18/2022,169.380005,1/3/2022,,,,,,,
5/19/2022,171.240005,1/3/2022,,,,,,,
5/20/2022,166.940002,1/3/2022,,,,,,,
5/23/2022,168.979996,1/3/2022,,,,,,,
5/24/2022,161.539993,1/3/2022,,,,,,,
5/25/2022,169.75,1/3/2022,,,,,,,
5/26/2022,178.509995,1/3/2022,,,,,,,
5/27/2022,188.110001,1/3/2022,,,,,,,
5/31/2022,186.720001,1/3/2022,,,,,,,
6/1/2022,183.199997,1/3/2022,,,,,,,
6/2/2022,195.919998,1/3/2022,,,,,,,
6/3/2022,187.199997,1/3/2022,,,,,,,
6/6/2022,187.860001,1/3/2022,,,,,,,
6/7/2022,189.259995,1/3/2022,,,,,,,
6/8/2022,186.479996,1/3/2022,,,,,,,
6/9/2022,180.479996,1/3/2022,,,,,,,
6/10/2022,169.740005,1/3/2022,,,,,,,
6/13/2022,156.470001,1/3/2022,,,,,,,
6/14/2022,158.360001,1/3/2022,,,,,,,
6/15/2022,165.270004,1/3/2022,,,,,,,
6/16/2022,156.009995,1/3/2022,,,,,,,
6/17/2022,158.800003,1/3/2022,,,,,,,
6/21/2022,165.660004,1/3/2022,,,,,,,
6/22/2022,163.600006,1/3/2022,,,,,,,
6/23/2022,162.25,1/3/2022,,,,,,,
6/24/2022,171.259995,1/3/2022,,,,,,,
6/27/2022,168.690002,1/3/2022,,,,,,,
6/28/2022,159.820007,1/3/2022,,,,,,,
6/29/2022,155.419998,1/3/2022,,,,,,,
6/30/2022,151.589996,1/3/2022,,,,,,,
7/1/2022,145.229996,1/3/2022,,,,,,,
7/5/2022,149.639999,1/3/2022,,,,,,,
7/6/2022,151.300003,1/3/2022,,,,,,,
7/7/2022,158.580002,1/3/2022,,,,,,,
7/8/2022,158.380005,1/3/2022,,,,,,,
7/11/2022,151.520004,1/3/2022,,,,,,,
7/12/2022,150.820007,1/3/2022,,,,,,,
7/13/2022,151.639999,1/3/2022,,,,,,,
7/14/2022,153.720001,1/3/2022,,,,,,,
7/15/2022,157.619995,1/3/2022,,,,,,,
7/18/2022,161.009995,1/3/2022,,,,,,,
7/19/2022,169.919998,1/3/2022,,,,,,,
7/20/2022,178.070007,1/3/2022,,,,,,,
7/21/2022,180.5,1/3/2022,,,,,,,
7/22/2022,173.190002,1/3/2022,,,,,,,
7/25/2022,170.240005,1/3/2022,,,,,,,
7/26/2022,165.330002,1/3/2022,,,,,,,
7/27/2022,177.899994,1/3/2022,,,,,,,
7/28/2022,179.839996,1/3/2022,,,,,,,
7/29/2022,181.630005,1/3/2022,,,,,,,
8/1/2022,184.410004,1/3/2022,,,,,,,
8/2/2022,185.259995,1/3/2022,,,,,,,
8/3/2022,188.929993,1/3/2022,,,,,,,
8/4/2022,192.149994,1/3/2022,,,,,,,
8/5/2022,189.889999,1/3/2022,,,,,,,
8/8/2022,177.929993,1/3/2022,,,,,,,
8/9/2022,170.860001,1/3/2022,,,,,,,
8/10/2022,180.970001,1/3/2022,,,,,,,
8/11/2022,179.419998,1/3/2022,,,,,,,
8/12/2022,187.089996,1/3/2022,,,,,,,
8/15/2022,190.320007,1/3/2022,,,,,,,
8/16/2022,188.789993,1/3/2022,,,,,,,
8/17/2022,183.350006,1/3/2022,,,,,,,
8/18/2022,187.729996,1/3/2022,,,,,,,
8/19/2022,178.490005,1/3/2022,,,,,,,
8/22/2022,170.339996,1/3/2022,,,,,,,
8/23/2022,171.809998,1/3/2022,,,,,,,
8/24/2022,172.220001,1/3/2022,,,,,,,
8/25/2022,179.130005,1/3/2022,,,,,,,
8/26/2022,162.600006,1/3/2022,,,,,,,
8/29/2022,158.009995,1/3/2022,,,,,,,
8/30/2022,154.679993,1/3/2022,,,,,,,
8/31/2022,150.940002,1/3/2022,,,,,,,
9/1/2022,139.369995,1/3/2022,,,,,,,
9/2/2022,136.470001,1/3/2022,,,,,,,
9/6/2022,134.649994,1/3/2022,,,,,,,
9/7/2022,137.139999,1/3/2022,,,,,,,
9/8/2022,139.899994,1/3/2022,,,,,,,
9/9/2022,143.869995,1/3/2022,,,,,,,
9/12/2022,145.050003,1/3/2022,,,,,,,
9/13/2022,131.309998,1/3/2022,,,,,,,
9/14/2022,131.279999,1/3/2022,,,,,,,
9/15/2022,129.289993,1/3/2022,,,,,,,
9/16/2022,131.979996,1/3/2022,,,,,,,
9/19/2022,133.820007,1/3/2022,,,,,,,
9/20/2022,131.759995,1/3/2022,,,,,,,
9/21/2022,132.610001,1/3/2022,,,,,,,
9/22/2022,125.610001,1/3/2022,,,,,,,
9/23/2022,125.160004,1/3/2022,,,,,,,
9/26/2022,122.279999,1/3/2022,,,,,,,
9/27/2022,124.129997,1/3/2022,,,,,,,
9/28/2022,127.360001,1/3/2022,,,,,,,
9/29/2022,122.199997,1/3/2022,,,,,,,
9/30/2022,121.389999,1/3/2022,,,,,,,
10/3/2022,125.120003,1/3/2022,,,,,,,
10/4/2022,131.669998,1/3/2022,,,,,,,
10/5/2022,132.089996,1/3/2022,,,,,,,
10/6/2022,131.300003,1/3/2022,,,,,,,
10/7/2022,120.760002,1/3/2022,,,,,,,
10/10/2022,116.699997,1/3/2022,,,,,,,
10/11/2022,115.860001,1/3/2022,,,,,,,
10/12/2022,115,1/3/2022,,,,,,,
10/13/2022,119.599998,1/3/2022,,,,,,,
10/14/2022,112.269997,1/3/2022,,,,,,,
10/17/2022,118.879997,1/3/2022,,,,,,,
10/18/2022,119.669998,1/3/2022,,,,,,,
10/19/2022,120.510002,1/3/2022,,,,,,,
10/20/2022,121.940002,1/3/2022,,,,,,,
10/21/2022,124.660004,1/3/2022,,,,,,,
10/24/2022,125.989998,1/3/2022,,,,,,,
10/25/2022,132.610001,1/3/2022,,,,,,,
10/26/2022,128.960007,1/3/2022,,,,,,,
10/27/2022,131.759995,1/3/2022,,,,,,,
10/28/2022,138.339996,1/3/2022,,,,,,,
10/31/2022,134.970001,1/3/2022,,,,,,,
11/1/2022,135.429993,1/3/2022,,,,,,,
11/2/2022,132.190002,1/3/2022,,,,,,,
11/3/2022,134.210007,1/3/2022,,,,,,,
11/4/2022,141.559998,1/3/2022,,,,,,,
11/7/2022,143.009995,1/3/2022,,,,,,,
11/8/2022,146.020004,1/3/2022,,,,,,,
11/9/2022,137.759995,1/3/2022,,,,,,,
11/10/2022,157.5,1/3/2022,,,,,,,
11/11/2022,163.270004,1/3/2022,,,,,,,
11/14/2022,162.949997,1/3/2022,,,,,,,
11/15/2022,166.660004,1/3/2022,,,,,,,
11/16/2022,159.100006,1/3/2022,,,,,,,
11/17/2022,156.770004,1/3/2022,,,,,,,
11/18/2022,154.089996,1/3/2022,,,,,,,
11/21/2022,153.169998,1/3/2022,,,,,,,
11/22/2022,160.380005,1/3/2022,,,,,,,
11/23/2022,165.190002,1/3/2022,,,,,,,
11/25/2022,162.699997,1/3/2022,,,,,,,
11/28/2022,158.270004,1/3/2022,,,,,,,
11/29/2022,156.389999,1/3/2022,,,,,,,
11/30/2022,169.229996,1/3/2022,,,,,,,
12/1/2022,171.350006,1/3/2022,,,,,,,
12/2/2022,168.759995,1/3/2022,,,,,,,
12/5/2022,166.100006,1/3/2022,,,,,,,
12/6/2022,159.869995,1/3/2022,,,,,,,
12/7/2022,161.199997,1/3/2022,,,,,,,
12/8/2022,171.690002,1/3/2022,,,,,,,
12/9/2022,170.009995,1/3/2022,,,,,,,
12/12/2022,175.350006,1/3/2022,,,,,,,
12/13/2022,180.720001,1/3/2022,,,,,,,
12/14/2022,176.740005,1/3/2022,,,,,,,
12/15/2022,169.520004,1/3/2022,,,,,,,
12/16/2022,165.710007,1/3/2022,,,,,,,
12/19/2022,162.539993,1/3/2022,,,,,,,
12/20/2022,160.850006,1/3/2022,,,,,,,
12/21/2022,165.009995,1/3/2022,,,,,,,
12/22/2022,153.389999,1/3/2022,,,,,,,
12/23/2022,152.059998,1/3/2022,,,,,,,
12/27/2022,141.210007,1/3/2022,,,,,,,
12/28/2022,140.360001,1/3/2022,,,,,,,
12/29/2022,146.029999,1/3/2022,,,,,,,
12/30/2022,146.139999,1/3/2022,,,,,,,
1/3/2023,143.149994,1/3/2023,,,,,,,
1/4/2023,147.490005,1/3/2023,,,,,,,
1/5/2023,142.649994,1/3/2023,,,,,,,
1/6/2023,148.589996,1/3/2023,,,,,,,
1/9/2023,156.279999,1/3/2023,,,,,,,
1/10/2023,159.089996,1/3/2023,,,,,,,
1/11/2023,160.009995,1/3/2023,,,,,,,
1/12/2023,165.110001,1/3/2023,,,,,,,
1/13/2023,168.990005,1/3/2023,,,,,,,
1/17/2023,177.020004,1/3/2023,,,,,,,
1/18/2023,173.770004,1/3/2023,,,,,,,
1/19/2023,167.649994,1/3/2023,,,,,,,
1/20/2023,178.389999,1/3/2023,,,,,,,
1/23/2023,191.929993,1/3/2023,,,,,,,
1/24/2023,192.649994,1/3/2023,,,,,,,
1/25/2023,193.229996,1/3/2023,,,,,,,
1/26/2023,198.020004,1/3/2023,,,,,,,
1/27/2023,203.649994,1/3/2023,,,,,,,
1/30/2023,191.619995,1/3/2023,,,,,,,
1/31/2023,195.369995,1/3/2023,,,,,,,
2/1/2023,209.429993,1/3/2023,,,,,,,
2/2/2023,217.089996,1/3/2023,,,,,,,
2/3/2023,211,1/3/2023,,,,,,,
2/6/2023,210.889999,1/3/2023,,,,,,,
2/7/2023,221.729996,1/3/2023,,,,,,,
2/8/2023,222.050003,1/3/2023,,,,,,,
2/9/2023,223.369995,1/3/2023,,,,,,,
2/10/2023,212.649994,1/3/2023,,,,,,,
2/13/2023,217.880005,1/3/2023,,,,,,,
2/14/2023,229.710007,1/3/2023,,,,,,,
2/15/2023,227.639999,1/3/2023,,,,,,,
2/16/2023,220.020004,1/3/2023,,,,,,,
2/17/2023,213.880005,1/3/2023,,,,,,,
2/21/2023,206.550003,1/3/2023,,,,,,,
2/22/2023,207.539993,1/3/2023,,,,,,,
2/23/2023,236.639999,1/3/2023,,,,,,,
2/24/2023,232.860001,1/3/2023,,,,,,,
2/27/2023,235.009995,1/3/2023,,,,,,,
2/28/2023,232.160004,1/3/2023,,,,,,,
3/1/2023,226.979996,1/3/2023,,,,,,,
3/2/2023,233.139999,1/3/2023,,,,,,,
3/3/2023,238.899994,1/3/2023,,,,,,,
3/6/2023,235.539993,1/3/2023,,,,,,,
3/7/2023,232.880005,1/3/2023,,,,,,,
3/8/2023,241.809998,1/3/2023,,,,,,,
3/9/2023,234.360001,1/3/2023,,,,,,,
3/10/2023,229.649994,1/3/2023,,,,,,,
3/13/2023,229.660004,1/3/2023,,,,,,,
3/14/2023,240.630005,1/3/2023,,,,,,,
3/15/2023,242.279999,1/3/2023,,,,,,,
3/16/2023,255.410004,1/3/2023,,,,,,,
3/17/2023,257.25,1/3/2023,,,,,,,
3/20/2023,259,1/3/2023,,,,,,,
3/21/2023,261.98999,1/3/2023,,,,,,,
3/22/2023,264.679993,1/3/2023,,,,,,,
3/23/2023,271.910004,1/3/2023,,,,,,,
3/24/2023,267.790009,1/3/2023,,,,,,,
3/27/2023,265.309998,1/3/2023,,,,,,,
3/28/2023,264.100006,1/3/2023,,,,,,,
3/29/2023,269.839996,1/3/2023,,,,,,,
3/30/2023,273.829987,1/3/2023,,,,,,,
3/31/2023,277.769989,1/3/2023,,,,,,,
4/3/2023,279.649994,1/3/2023,,,,,,,
4/4/2023,274.529999,1/3/2023,,,,,,,
4/5/2023,268.809998,1/3/2023,,,,,,,
4/6/2023,270.369995,1/3/2023,,,,,,,
4/10/2023,275.790009,1/3/2023,,,,,,,
4/11/2023,271.690002,1/3/2023,,,,,,,
4/12/2023,264.950012,1/3/2023,,,,,,,
4/13/2023,264.630005,1/3/2023,,,,,,,
4/14/2023,267.579987,1/3/2023,,,,,,,
4/17/2023,270.019989,1/3/2023,,,,,,,
4/18/2023,276.670013,1/3/2023,,,,,,,
4/19/2023,279.309998,1/3/2023,,,,,,,
4/20/2023,271.040009,1/3/2023,,,,,,,
4/21/2023,271.190002,1/3/2023,,,,,,,
4/24/2023,270.420013,1/3/2023,,,,,,,
4/25/2023,262.410004,1/3/2023,,,,,,,
4/26/2023,269.559998,1/3/2023,,,,,,,
4/27/2023,272.26001,1/3/2023,,,,,,,
4/28/2023,277.48999,1/3/2023,,,,,,,
5/1/2023,289.100006,1/3/2023,,,,,,,
5/2/2023,282.100006,1/3/2023,,,,,,,
5/3/2023,278.019989,1/3/2023,,,,,,,
5/4/2023,275.619995,1/3/2023,,,,,,,
5/5/2023,286.799988,1/3/2023,,,,,,,
5/8/2023,291.51001,1/3/2023,,,,,,,
5/9/2023,285.709991,1/3/2023,,,,,,,
5/10/2023,288.850006,1/3/2023,,,,,,,
5/11/2023,285.779999,1/3/2023,,,,,,,
5/12/2023,283.399994,1/3/2023,,,,,,,
5/15/2023,289.529999,1/3/2023,,,,,,,
5/16/2023,292.130005,1/3/2023,,,,,,,
5/17/2023,301.779999,1/3/2023,,,,,,,
5/18/2023,316.779999,1/3/2023,,,,,,,
5/19/2023,312.640015,1/3/2023,,,,,,,
5/22/2023,311.76001,1/3/2023,,,,,,,
5/23/2023,306.880005,1/3/2023,,,,,,,
5/24/2023,305.380005,1/3/2023,,,,,,,
5/25/2023,379.799988,1/3/2023,,,,,,,
5/26/2023,389.459991,1/3/2023,,,,,,,
5/30/2023,401.109985,1/3/2023,,,,,,,
5/31/2023,378.339996,1/3/2023,,,,,,,
6/1/2023,397.700012,1/3/2023,,,,,,,
6/2/2023,393.269989,1/3/2023,,,,,,,
6/5/2023,391.709991,1/3/2023,,,,,,,
6/6/2023,386.540009,1/3/2023,,,,,,,
6/7/2023,374.75,1/3/2023,,,,,,,
6/8/2023,385.100006,1/3/2023,,,,,,,
6/9/2023,387.700012,1/3/2023,,,,,,,
6/12/2023,394.820007,1/3/2023,,,,,,,
6/13/2023,410.220001,1/3/2023,,,,,,,
6/14/2023,429.970001,1/3/2023,,,,,,,
6/15/2023,426.529999,1/3/2023,,,,,,,
6/16/2023,426.920013,1/3/2023,,,,,,,
6/20/2023,438.079987,1/3/2023,,,,,,,
6/21/2023,430.450012,1/3/2023,,,,,,,
6/22/2023,430.25,1/3/2023,,,,,,,
6/23/2023,422.089996,1/3/2023,,,,,,,
6/26/2023,406.320007,1/3/2023,,,,,,,
6/27/2023,418.76001,1/3/2023,,,,,,,
6/28/2023,411.170013,1/3/2023,,,,,,,
6/29/2023,408.220001,1/3/2023,,,,,,,
6/30/2023,423.019989,1/3/2023,,,,,,,
7/3/2023,424.130005,1/3/2023,,,,,,,
7/5/2023,423.170013,1/3/2023,,,,,,,
7/6/2023,421.029999,1/3/2023,,,,,,,
7/7/2023,425.029999,1/3/2023,,,,,,,
7/10/2023,421.799988,1/3/2023,,,,,,,
7/11/2023,424.049988,1/3/2023,,,,,,,
7/12/2023,439.019989,1/3/2023,,,,,,,
7/13/2023,459.769989,1/3/2023,,,,,,,
7/14/2023,454.690002,1/3/2023,,,,,,,
7/17/2023,464.609985,1/3/2023,,,,,,,
7/18/2023,474.940002,1/3/2023,,,,,,,
7/19/2023,470.769989,1/3/2023,,,,,,,
7/20/2023,455.200012,1/3/2023,,,,,,,
7/21/2023,443.089996,1/3/2023,,,,,,,
7/24/2023,446.119995,1/3/2023,,,,,,,
7/25/2023,456.790009,1/3/2023,,,,,,,
7/26/2023,454.519989,1/3/2023,,,,,,,
7/27/2023,459,1/3/2023,,,,,,,
7/28/2023,467.5,1/3/2023,,,,,,,
7/31/2023,467.290009,1/3/2023,,,,,,,
8/1/2023,465.070007,1/3/2023,,,,,,,
8/2/2023,442.690002,1/3/2023,,,,,,,
8/3/2023,445.149994,1/3/2023,,,,,,,
8/4/2023,446.799988,1/3/2023,,,,,,,
8/7/2023,454.170013,1/3/2023,,,,,,,
8/8/2023,446.640015,1/3/2023,,,,,,,
8/9/2023,425.540009,1/3/2023,,,,,,,
8/10/2023,423.880005,1/3/2023,,,,,,,
8/11/2023,408.549988,1/3/2023,,,,,,,
8/14/2023,437.529999,1/3/2023,,,,,,,
8/15/2023,439.399994,1/3/2023,,,,,,,
8/16/2023,434.859985,1/3/2023,,,,,,,
8/17/2023,433.440002,1/3/2023,,,,,,,
8/18/2023,432.98999,1/3/2023,,,,,,,
8/21/2023,469.670013,1/3/2023,,,,,,,
8/22/2023,456.679993,1/3/2023,,,,,,,
8/23/2023,471.160004,1/3/2023,,,,,,,
8/24/2023,471.630005,1/3/2023,,,,,,,
8/25/2023,460.179993,1/3/2023,,,,,,,
8/28/2023,468.350006,1/3/2023,,,,,,,
8/29/2023,487.839996,1/3/2023,,,,,,,
8/30/2023,492.640015,1/3/2023,,,,,,,
8/31/2023,493.549988,1/3/2023,,,,,,,
9/1/2023,485.089996,1/3/2023,,,,,,,
9/5/2023,485.480011,1/3/2023,,,,,,,
9/6/2023,470.609985,1/3/2023,,,,,,,
9/7/2023,462.410004,1/3/2023,,,,,,,
9/8/2023,455.720001,1/3/2023,,,,,,,
9/11/2023,451.779999,1/3/2023,,,,,,,
9/12/2023,448.700012,1/3/2023,,,,,,,
9/13/2023,454.850006,1/3/2023,,,,,,,
9/14/2023,455.809998,1/3/2023,,,,,,,
9/15/2023,439,1/3/2023,,,,,,,
9/18/2023,439.660004,1/3/2023,,,,,,,
9/19/2023,435.200012,1/3/2023,,,,,,,
9/20/2023,422.390015,1/3/2023,,,,,,,
9/21/2023,410.170013,1/3/2023,,,,,,,
9/22/2023,416.100006,1/3/2023,,,,,,,
9/25/2023,422.220001,1/3/2023,,,,,,,
9/26/2023,419.109985,1/3/2023,,,,,,,
9/27/2023,424.679993,1/3/2023,,,,,,,
9/28/2023,430.890015,1/3/2023,,,,,,,
9/29/2023,434.98999,1/3/2023,,,,,,,
10/2/2023,447.820007,1/3/2023,,,,,,,
10/3/2023,435.170013,1/3/2023,,,,,,,
10/4/2023,440.410004,1/3/2023,,,,,,,
10/5/2023,446.880005,1/3/2023,,,,,,,
10/6/2023,457.619995,1/3/2023,,,,,,,
10/9/2023,452.730011,1/3/2023,,,,,,,
10/10/2023,457.980011,1/3/2023,,,,,,,
10/11/2023,468.059998,1/3/2023,,,,,,,
10/12/2023,469.450012,1/3/2023,,,,,,,
10/13/2023,454.609985,1/3/2023,,,,,,,
10/16/2023,460.950012,1/3/2023,,,,,,,
10/17/2023,439.380005,1/3/2023,,,,,,,
10/18/2023,421.959991,1/3/2023,,,,,,,
10/19/2023,421.01001,1/3/2023,,,,,,,
10/20/2023,413.869995,1/3/2023,,,,,,,
10/23/2023,429.75,1/3/2023,,,,,,,
10/24/2023,436.630005,1/3/2023,,,,,,,
10/25/2023,417.790009,1/3/2023,,,,,,,
10/26/2023,403.26001,1/3/2023,,,,,,,
10/27/2023,405,1/3/2023,,,,,,,
10/30/2023,411.609985,1/3/2023,,,,,,,
10/31/2023,407.799988,1/3/2023,,,,,,,
11/1/2023,423.25,1/3/2023,,,,,,,
11/2/2023,435.059998,1/3/2023,,,,,,,
11/3/2023,450.049988,1/3/2023,,,,,,,
11/6/2023,457.51001,1/3/2023,,,,,,,
11/7/2023,459.549988,1/3/2023,,,,,,,
11/8/2023,465.73999,1/3/2023,,,,,,,
11/9/2023,469.5,1/3/2023,,,,,,,
11/10/2023,483.350006,1/3/2023,,,,,,,
11/13/2023,486.200012,1/3/2023,,,,,,,
11/14/2023,496.559998,1/3/2023,,,,,,,
11/15/2023,488.880005,1/3/2023,,,,,,,
11/16/2023,494.799988,1/3/2023,,,,,,,
11/17/2023,492.980011,1/3/2023,,,,,,,
11/20/2023,504.089996,1/3/2023,,,,,,,
11/21/2023,499.440002,1/3/2023,,,,,,,
11/22/2023,487.160004,1/3/2023,,,,,,,
11/24/2023,477.76001,1/3/2023,,,,,,,
11/27/2023,482.420013,1/3/2023,,,,,,,
11/28/2023,478.209991,1/3/2023,,,,,,,
11/29/2023,481.399994,1/3/2023,,,,,,,
11/30/2023,467.700012,1/3/2023,,,,,,,
12/1/2023,467.649994,1/3/2023,,,,,,,
12/4/2023,455.100006,1/3/2023,,,,,,,
12/5/2023,465.660004,1/3/2023,,,,,,,
12/6/2023,455.029999,1/3/2023,,,,,,,
12/7/2023,465.959991,1/3/2023,,,,,,,
12/8/2023,475.059998,1/3/2023,,,,,,,
12/11/2023,466.269989,1/3/2023,,,,,,,
12/12/2023,476.570007,1/3/2023,,,,,,,
12/13/2023,480.880005,1/3/2023,,,,,,,
12/14/2023,483.5,1/3/2023,,,,,,,
12/15/2023,488.899994,1/3/2023,,,,,,,
12/18/2023,500.769989,1/3/2023,,,,,,,
12/19/2023,496.040009,1/3/2023,,,,,,,
12/20/2023,481.109985,1/3/2023,,,,,,,
12/21/2023,489.899994,1/3/2023,,,,,,,
12/22/2023,488.299988,1/3/2023,,,,,,,
12/26/2023,492.790009,1/3/2023,,,,,,,
12/27/2023,494.170013,1/3/2023,,,,,,,
12/28/2023,495.220001,1/3/2023,,,,,,,
12/29/2023,495.220001,1/3/2023,,,,,,,
1/2/2024,481.679993,1/2/2024,,,,,,,
1/3/2024,475.690002,1/2/2024,,,,,,,
1/4/2024,479.980011,1/2/2024,,,,,,,
1/5/2024,490.970001,1/2/2024,,,,,,,
1/8/2024,522.530029,1/2/2024,,,,,,,
1/9/2024,531.400024,1/2/2024,,,,,,,
1/10/2024,543.5,1/2/2024,,,,,,,
1/11/2024,548.219971,1/2/2024,,,,,,,
1/12/2024,547.099976,1/2/2024,,,,,,,
1/16/2024,563.820007,1/2/2024,,,,,,,
1/17/2024,560.530029,1/2/2024,,,,,,,
1/18/2024,571.070007,1/2/2024,,,,,,,
1/19/2024,594.909973,1/2/2024,,,,,,,
1/22/2024,596.539978,1/2/2024,,,,,,,
1/23/2024,598.72998,1/2/2024,,,,,,,
1/24/2024,613.619995,1/2/2024,,,,,,,
1/25/2024,616.169983,1/2/2024,,,,,,,
1/26/2024,610.309998,1/2/2024,,,,,,,
1/29/2024,624.650024,1/2/2024,,,,,,,
1/30/2024,627.73999,1/2/2024,,,,,,,
1/31/2024,615.27002,1/2/2024,,,,,,,
2/1/2024,630.27002,1/2/2024,,,,,,,
2/2/2024,661.599976,1/2/2024,,,,,,,
2/5/2024,693.320007,1/2/2024,,,,,,,
2/6/2024,682.22998,1/2/2024,,,,,,,
2/7/2024,700.98999,1/2/2024,,,,,,,
2/8/2024,696.409973,1/2/2024,,,,,,,
2/9/2024,721.330017,1/2/2024,,,,,,,
2/12/2024,722.47998,1/2/2024,,,,,,,
2/13/2024,721.280029,1/2/2024,,,,,,,
2/14/2024,739,1/2/2024,,,,,,,
2/15/2024,726.580017,1/2/2024,,,,,,,
2/16/2024,726.130005,1/2/2024,,,,,,,
2/20/2024,694.52002,1/2/2024,,,,,,,
2/21/2024,674.719971,1/2/2024,,,,,,,
2/22/2024,785.380005,1/2/2024,,,,,,,
2/23/2024,788.169983,1/2/2024,,,,,,,
2/26/2024,790.919983,1/2/2024,,,,,,,
2/27/2024,787.01001,1/2/2024,,,,,,,
2/28/2024,776.630005,1/2/2024,,,,,,,
2/29/2024,791.119995,1/2/2024,,,,,,,
3/1/2024,822.789978,1/2/2024,,,,,,,
3/4/2024,852.369995,1/2/2024,,,,,,,
3/5/2024,859.640015,1/2/2024,,,,,,,
3/6/2024,887,1/2/2024,,,,,,,
3/7/2024,926.690002,1/2/2024,,,,,,,
3/8/2024,875.280029,1/2/2024,,,,,,,
3/11/2024,857.73999,1/2/2024,,,,,,,
3/12/2024,919.130005,1/2/2024,,,,,,,
3/13/2024,908.880005,1/2/2024,,,,,,,
3/14/2024,879.440002,1/2/2024,,,,,,,
3/15/2024,878.369995,1/2/2024,,,,,,,
3/18/2024,884.549988,1/2/2024,,,,,,,
3/19/2024,893.97998,1/2/2024,,,,,,,
3/20/2024,903.719971,1/2/2024,,,,,,,
3/21/2024,914.349976,1/2/2024,,,,,,,
3/22/2024,942.890015,1/2/2024,,,,,,,
3/25/2024,950.02002,1/2/2024,,,,,,,
3/26/2024,925.609985,1/2/2024,,,,,,,
3/27/2024,902.5,1/2/2024,,,,,,,
3/28/2024,903.559998,1/2/2024,,,,,,,
4/1/2024,903.630005,1/2/2024,,,,,,,
4/2/2024,894.52002,1/2/2024,,,,,,,
4/3/2024,889.640015,1/2/2024,,,,,,,
4/4/2024,859.049988,1/2/2024,,,,,,,
4/5/2024,880.080017,1/2/2024,,,,,,,
4/8/2024,871.330017,1/2/2024,,,,,,,
4/9/2024,853.539978,1/2/2024,,,,,,,
4/10/2024,870.390015,1/2/2024,,,,,,,
4/11/2024,906.159973,1/2/2024,,,,,,,
4/12/2024,881.859985,1/2/2024,,,,,,,
4/15/2024,860.01001,1/2/2024,,,,,,,
4/16/2024,874.150024,1/2/2024,,,,,,,
4/17/2024,840.349976,1/2/2024,,,,,,,
4/18/2024,846.710022,1/2/2024,,,,,,,
4/19/2024,762,1/2/2024,,,,,,,
4/22/2024,795.179993,1/2/2024,,,,,,,
4/23/2024,824.22998,1/2/2024,,,,,,,
4/24/2024,796.77002,1/2/2024,,,,,,,
4/25/2024,826.320007,1/2/2024,,,,,,,
4/26/2024,877.349976,1/2/2024,,,,,,,
4/29/2024,877.570007,1/2/2024,,,,,,,
4/30/2024,864.02002,1/2/2024,,,,,,,
5/1/2024,830.409973,1/2/2024,,,,,,,
5/2/2024,858.169983,1/2/2024,,,,,,,
5/3/2024,887.890015,1/2/2024,,,,,,,
5/6/2024,921.400024,1/2/2024,,,,,,,
5/7/2024,905.539978,1/2/2024,,,,,,,
5/8/2024,904.119995,1/2/2024,,,,,,,
5/9/2024,887.469971,1/2/2024,,,,,,,
5/10/2024,898.780029,1/2/2024,,,,,,,
5/13/2024,903.98999,1/2/2024,,,,,,,
5/14/2024,913.559998,1/2/2024,,,,,,,
5/15/2024,946.299988,1/2/2024,,,,,,,
5/16/2024,943.590027,1/2/2024,,,,,,,
5/17/2024,924.789978,1/2/2024,,,,,,,
5/20/2024,947.799988,1/2/2024,,,,,,,
5/21/2024,953.859985,1/2/2024,,,,,,,
5/22/2024,949.5,1/2/2024,,,,,,,
5/23/2024,1037.98999,1/2/2024,,,,,,,
5/24/2024,1064.689941,1/2/2024,,,,,,,
5/28/2024,1139.01001,1/2/2024,,,,,,,
5/29/2024,1148.25,1/2/2024,,,,,,,
5/30/2024,1105,1/2/2024,,,,,,,
5/31/2024,1096.329956,1/2/2024,,,,,,,
6/3/2024,1150,1/2/2024,,,,,,,
6/4/2024,1164.369995,1/2/2024,,,,,,,
6/5/2024,1224.400024,1/2/2024,,,,,,,
6/6/2024,1209.97998,1/2/2024,,,,,,,
