Date,Close,MIN.YEAR,Year,New.Year,Min,Min.Date,Max,Max.Date
6/6/14,13.878,6/6/14,2014,6/6/14,13.187333,12/16/14,19.069332,9/4/14
6/9/14,13.687333,6/6/14,2015,1/2/15,12.333333,3/27/15,18.817333,7/20/15
6/10/14,13.486667,6/6/14,2016,1/4/16,9.578,2/10/16,17.694668,4/6/16
6/11/14,13.631333,6/6/14,2017,1/3/17,14.466,1/3/17,25.666668,9/18/17
6/12/14,13.568,6/6/14,2018,1/2/18,16.704,10/8/18,25.304667,8/7/18
6/13/14,13.761333,6/6/14,2019,1/2/19,11.931333,6/3/19,28.729334,12/26/19
6/16/14,14.974,6/6/14,2020,1/2/20,24.081333,3/18/20,235.223328,12/31/20
6/17/14,15.444667,6/6/14,2021,1/4/21,187.666672,3/8/21,409.970001,11/4/21
6/18/14,15.141333,6/6/14,2022,1/3/22,109.099998,12/27/22,399.926666,1/3/22
6/19/14,15.186,6/6/14,2023,1/3/23,108.099998,1/3/23,293.339996,1/8/21
6/20/14,15.306,6/6/14,2024,1/2/24,142.050003,4/22/24,248.419998,1/2/24
6/23/14,15.814667,6/6/14,,,,,,
6/24/14,15.5,6/6/14,,,,,,
6/25/14,15.792667,6/6/14,,,,,,
6/26/14,15.706667,6/6/14,,,,,,
6/27/14,15.937333,6/6/14,,,,,,
6/30/14,16.004,6/6/14,,,,,,
7/1/14,15.981333,6/6/14,,,,,,
7/2/14,15.295333,6/6/14,,,,,,
7/3/14,15.283333,6/6/14,,,,,,
7/7/14,14.844,6/6/14,,,,,,
7/8/14,14.604667,6/6/14,,,,,,
7/9/14,14.870667,6/6/14,,,,,,
7/10/14,14.630667,6/6/14,,,,,,
7/11/14,14.542,6/6/14,,,,,,
7/14/14,15.113333,6/6/14,,,,,,
7/15/14,14.638667,6/6/14,,,,,,
7/16/14,14.477333,6/6/14,,,,,,
7/17/14,14.36,6/6/14,,,,,,
7/18/14,14.668,6/6/14,,,,,,
7/21/14,14.702667,6/6/14,,,,,,
7/22/14,14.638667,6/6/14,,,,,,
7/23/14,14.832667,6/6/14,,,,,,
7/24/14,14.902667,6/6/14,,,,,,
7/25/14,14.904667,6/6/14,,,,,,
7/28/14,14.988,6/6/14,,,,,,
7/29/14,15.000667,6/6/14,,,,,,
7/30/14,15.261333,6/6/14,,,,,,
7/31/14,14.886667,6/6/14,,,,,,
8/1/14,15.551333,6/6/14,,,,,,
8/4/14,15.901333,6/6/14,,,,,,
8/5/14,15.899333,6/6/14,,,,,,
8/6/14,16.595333,6/6/14,,,,,,
8/7/14,16.826,6/6/14,,,,,,
8/8/14,16.542,6/6/14,,,,,,
8/11/14,17.288,6/6/14,,,,,,
8/12/14,17.330667,6/6/14,,,,,,
8/13/14,17.354,6/6/14,,,,,,
8/14/14,17.425333,6/6/14,,,,,,
8/15/14,17.467333,6/6/14,,,,,,
8/18/14,17.329332,6/6/14,,,,,,
8/19/14,17.117332,6/6/14,,,,,,
8/20/14,17.047333,6/6/14,,,,,,
8/21/14,16.955999,6/6/14,,,,,,
8/22/14,17.118668,6/6/14,,,,,,
8/25/14,17.503332,6/6/14,,,,,,
8/26/14,17.449333,6/6/14,,,,,,
8/27/14,17.549999,6/6/14,,,,,,
8/28/14,17.590668,6/6/14,,,,,,
8/29/14,17.98,6/6/14,,,,,,
9/2/14,18.941334,6/6/14,,,,,,
9/3/14,18.746,6/6/14,,,,,,
9/4/14,19.069332,6/6/14,,,,,,
9/5/14,18.492666,6/6/14,,,,,,
9/8/14,18.807333,6/6/14,,,,,,
9/9/14,18.565332,6/6/14,,,,,,
9/10/14,18.74,6/6/14,,,,,,
9/11/14,18.687332,6/6/14,,,,,,
9/12/14,18.613333,6/6/14,,,,,,
9/15/14,16.924,6/6/14,,,,,,
9/16/14,17.382668,6/6/14,,,,,,
9/17/14,17.425333,6/6/14,,,,,,
9/18/14,17.587999,6/6/14,,,,,,
9/19/14,17.288,6/6/14,,,,,,
9/22/14,16.668667,6/6/14,,,,,,
9/23/14,16.694,6/6/14,,,,,,
9/24/14,16.809334,6/6/14,,,,,,
9/25/14,16.463333,6/6/14,,,,,,
9/26/14,16.440001,6/6/14,,,,,,
9/29/14,16.350668,6/6/14,,,,,,
9/30/14,16.178667,6/6/14,,,,,,
10/1/14,16.016001,6/6/14,,,,,,
10/2/14,16.761333,6/6/14,,,,,,
10/3/14,17.014,6/6/14,,,,,,
10/6/14,17.374666,6/6/14,,,,,,
10/7/14,17.304667,6/6/14,,,,,,
10/8/14,17.285334,6/6/14,,,,,,
10/9/14,17.134001,6/6/14,,,,,,
10/10/14,15.794,6/6/14,,,,,,
10/13/14,14.972667,6/6/14,,,,,,
10/14/14,15.137333,6/6/14,,,,,,
10/15/14,15.313333,6/6/14,,,,,,
10/16/14,15.09,6/6/14,,,,,,
10/17/14,15.165333,6/6/14,,,,,,
10/20/14,15.364667,6/6/14,,,,,,
10/21/14,15.689333,6/6/14,,,,,,
10/22/14,15.406667,6/6/14,,,,,,
10/23/14,15.686,6/6/14,,,,,,
10/24/14,15.682667,6/6/14,,,,,,
10/27/14,14.778,6/6/14,,,,,,
10/28/14,16.184668,6/6/14,,,,,,
10/29/14,15.873333,6/6/14,,,,,,
10/30/14,15.910667,6/6/14,,,,,,
10/31/14,16.113333,6/6/14,,,,,,
11/3/14,16.172667,6/6/14,,,,,,
11/4/14,15.928667,6/6/14,,,,,,
11/5/14,15.398,6/6/14,,,,,,
11/6/14,16.081333,6/6/14,,,,,,
11/7/14,16.013332,6/6/14,,,,,,
11/10/14,16.128668,6/6/14,,,,,,
11/11/14,16.738667,6/6/14,,,,,,
11/12/14,16.606667,6/6/14,,,,,,
11/13/14,16.780001,6/6/14,,,,,,
11/14/14,17.245333,6/6/14,,,,,,
11/17/14,16.931999,6/6/14,,,,,,
11/18/14,17.18,6/6/14,,,,,,
11/19/14,16.516001,6/6/14,,,,,,
11/20/14,16.580667,6/6/14,,,,,,
11/21/14,16.185333,6/6/14,,,,,,
11/24/14,16.448,6/6/14,,,,,,
11/25/14,16.539333,6/6/14,,,,,,
11/26/14,16.562668,6/6/14,,,,,,
11/28/14,16.301332,6/6/14,,,,,,
12/1/14,15.442667,6/6/14,,,,,,
12/2/14,15.428667,6/6/14,,,,,,
12/3/14,15.286667,6/6/14,,,,,,
12/4/14,15.218667,6/6/14,,,,,,
12/5/14,14.914,6/6/14,,,,,,
12/8/14,14.290667,6/6/14,,,,,,
12/9/14,14.459333,6/6/14,,,,,,
12/10/14,13.989333,6/6/14,,,,,,
12/11/14,13.925333,6/6/14,,,,,,
12/12/14,13.8,6/6/14,,,,,,
12/15/14,13.602667,6/6/14,,,,,,
12/16/14,13.187333,6/6/14,,,,,,
12/17/14,13.721333,6/6/14,,,,,,
12/18/14,14.550667,6/6/14,,,,,,
12/19/14,14.619333,6/6/14,,,,,,
12/22/14,14.84,6/6/14,,,,,,
12/23/14,14.731333,6/6/14,,,,,,
12/24/14,14.817333,6/6/14,,,,,,
12/26/14,15.188,6/6/14,,,,,,
12/29/14,15.047333,6/6/14,,,,,,
12/30/14,14.815333,6/6/14,,,,,,
12/31/14,14.827333,6/6/14,,,,,,
1/2/15,14.620667,1/2/15,,,,,,
1/5/15,14.006,1/2/15,,,,,,
1/6/15,14.085333,1/2/15,,,,,,
1/7/15,14.063333,1/2/15,,,,,,
1/8/15,14.041333,1/2/15,,,,,,
1/9/15,13.777333,1/2/15,,,,,,
1/12/15,13.480667,1/2/15,,,,,,
1/13/15,13.616667,1/2/15,,,,,,
1/14/15,12.846,1/2/15,,,,,,
1/15/15,12.791333,1/2/15,,,,,,
1/16/15,12.871333,1/2/15,,,,,,
1/20/15,12.795333,1/2/15,,,,,,
1/21/15,13.104667,1/2/15,,,,,,
1/22/15,13.441333,1/2/15,,,,,,
1/23/15,13.419333,1/2/15,,,,,,
1/26/15,13.77,1/2/15,,,,,,
1/27/15,13.732,1/2/15,,,,,,
1/28/15,13.291333,1/2/15,,,,,,
1/29/15,13.68,1/2/15,,,,,,
1/30/15,13.573333,1/2/15,,,,,,
2/2/15,14.062667,1/2/15,,,,,,
2/3/15,14.557333,1/2/15,,,,,,
2/4/15,14.57,1/2/15,,,,,,
2/5/15,14.732667,1/2/15,,,,,,
2/6/15,14.490667,1/2/15,,,,,,
2/9/15,14.498667,1/2/15,,,,,,
2/10/15,14.419333,1/2/15,,,,,,
2/11/15,14.186667,1/2/15,,,,,,
2/12/15,13.525333,1/2/15,,,,,,
2/13/15,13.584667,1/2/15,,,,,,
2/17/15,13.623333,1/2/15,,,,,,
2/18/15,13.630667,1/2/15,,,,,,
2/19/15,14.114,1/2/15,,,,,,
2/20/15,14.474,1/2/15,,,,,,
2/23/15,13.822667,1/2/15,,,,,,
2/24/15,13.607333,1/2/15,,,,,,
2/25/15,13.584,1/2/15,,,,,,
2/26/15,13.812667,1/2/15,,,,,,
2/27/15,13.556,1/2/15,,,,,,
3/2/15,13.155333,1/2/15,,,,,,
3/3/15,13.304,1/2/15,,,,,,
3/4/15,13.496,1/2/15,,,,,,
3/5/15,13.375333,1/2/15,,,,,,
3/6/15,12.925333,1/2/15,,,,,,
3/9/15,12.725333,1/2/15,,,,,,
3/10/15,12.688,1/2/15,,,,,,
3/11/15,12.916,1/2/15,,,,,,
3/12/15,12.738,1/2/15,,,,,,
3/13/15,12.578667,1/2/15,,,,,,
3/16/15,13.046667,1/2/15,,,,,,
3/17/15,12.982,1/2/15,,,,,,
3/18/15,13.380667,1/2/15,,,,,,
3/19/15,13.043333,1/2/15,,,,,,
3/20/15,13.205333,1/2/15,,,,,,
3/23/15,13.308667,1/2/15,,,,,,
3/24/15,13.448,1/2/15,,,,,,
3/25/15,12.953333,1/2/15,,,,,,
3/26/15,12.694,1/2/15,,,,,,
3/27/15,12.333333,1/2/15,,,,,,
3/30/15,12.704667,1/2/15,,,,,,
3/31/15,12.584667,1/2/15,,,,,,
4/1/15,12.506,1/2/15,,,,,,
4/2/15,12.733333,1/2/15,,,,,,
4/6/15,13.54,1/2/15,,,,,,
4/7/15,13.55,1/2/15,,,,,,
4/8/15,13.844667,1/2/15,,,,,,
4/9/15,14.006,1/2/15,,,,,,
4/10/15,14.06,1/2/15,,,,,,
4/13/15,13.985333,1/2/15,,,,,,
4/14/15,13.830667,1/2/15,,,,,,
4/15/15,13.855333,1/2/15,,,,,,
4/16/15,13.78,1/2/15,,,,,,
4/17/15,13.786,1/2/15,,,,,,
4/20/15,13.684667,1/2/15,,,,,,
4/21/15,13.960667,1/2/15,,,,,,
4/22/15,14.629333,1/2/15,,,,,,
4/23/15,14.573333,1/2/15,,,,,,
4/24/15,14.562,1/2/15,,,,,,
4/27/15,15.436667,1/2/15,,,,,,
4/28/15,15.365333,1/2/15,,,,,,
4/29/15,15.496667,1/2/15,,,,,,
4/30/15,15.07,1/2/15,,,,,,
5/1/15,15.068667,1/2/15,,,,,,
5/4/15,15.367333,1/2/15,,,,,,
5/5/15,15.53,1/2/15,,,,,,
5/6/15,15.362,1/2/15,,,,,,
5/7/15,15.786667,1/2/15,,,,,,
5/8/15,15.774,1/2/15,,,,,,
5/11/15,15.966,1/2/15,,,,,,
5/12/15,16.316,1/2/15,,,,,,
5/13/15,16.212,1/2/15,,,,,,
5/14/15,16.273333,1/2/15,,,,,,
5/15/15,16.589333,1/2/15,,,,,,
5/18/15,16.583332,1/2/15,,,,,,
5/19/15,16.476,1/2/15,,,,,,
5/20/15,16.290001,1/2/15,,,,,,
5/21/15,16.374666,1/2/15,,,,,,
5/22/15,16.515333,1/2/15,,,,,,
5/26/15,16.497334,1/2/15,,,,,,
5/27/15,16.495333,1/2/15,,,,,,
5/28/15,16.763332,1/2/15,,,,,,
5/29/15,16.719999,1/2/15,,,,,,
6/1/15,16.629999,1/2/15,,,,,,
6/2/15,16.556667,1/2/15,,,,,,
6/3/15,16.599333,1/2/15,,,,,,
6/4/15,16.394667,1/2/15,,,,,,
6/5/15,16.609333,1/2/15,,,,,,
6/8/15,17.086,1/2/15,,,,,,
6/9/15,17.066668,1/2/15,,,,,,
6/10/15,16.713333,1/2/15,,,,,,
6/11/15,16.760668,1/2/15,,,,,,
6/12/15,16.712667,1/2/15,,,,,,
6/15/15,16.691999,1/2/15,,,,,,
6/16/15,16.874666,1/2/15,,,,,,
6/17/15,17.360666,1/2/15,,,,,,
6/18/15,17.459333,1/2/15,,,,,,
6/19/15,17.500668,1/2/15,,,,,,
6/22/15,17.319332,1/2/15,,,,,,
6/23/15,17.844667,1/2/15,,,,,,
6/24/15,17.677999,1/2/15,,,,,,
6/25/15,17.919333,1/2/15,,,,,,
6/26/15,17.806,1/2/15,,,,,,
6/29/15,17.468,1/2/15,,,,,,
6/30/15,17.884001,1/2/15,,,,,,
7/1/15,17.943333,1/2/15,,,,,,
7/2/15,18.667999,1/2/15,,,,,,
7/6/15,18.648001,1/2/15,,,,,,
7/7/15,17.858667,1/2/15,,,,,,
7/8/15,16.997334,1/2/15,,,,,,
7/9/15,17.194668,1/2/15,,,,,,
7/10/15,17.276667,1/2/15,,,,,,
7/13/15,17.477333,1/2/15,,,,,,
7/14/15,17.709999,1/2/15,,,,,,
7/15/15,17.542667,1/2/15,,,,,,
7/16/15,17.778667,1/2/15,,,,,,
7/17/15,18.310667,1/2/15,,,,,,
7/20/15,18.817333,1/2/15,,,,,,
7/21/15,17.784666,1/2/15,,,,,,
7/22/15,17.858,1/2/15,,,,,,
7/23/15,17.813334,1/2/15,,,,,,
7/24/15,17.694,1/2/15,,,,,,
7/27/15,16.867332,1/2/15,,,,,,
7/28/15,17.654667,1/2/15,,,,,,
7/29/15,17.587999,1/2/15,,,,,,
7/30/15,17.785999,1/2/15,,,,,,
7/31/15,17.743334,1/2/15,,,,,,
8/3/15,17.332666,1/2/15,,,,,,
8/4/15,17.752001,1/2/15,,,,,,
8/5/15,18.008667,1/2/15,,,,,,
8/6/15,16.408667,1/2/15,,,,,,
8/7/15,16.167334,1/2/15,,,,,,
8/10/15,16.076,1/2/15,,,,,,
8/11/15,15.824667,1/2/15,,,,,,
8/12/15,15.878,1/2/15,,,,,,
8/13/15,16.167334,1/2/15,,,,,,
8/14/15,16.209999,1/2/15,,,,,,
8/17/15,16.999332,1/2/15,,,,,,
8/18/15,17.381332,1/2/15,,,,,,
8/19/15,17.016666,1/2/15,,,,,,
8/20/15,16.145332,1/2/15,,,,,,
8/21/15,15.384667,1/2/15,,,,,,
8/24/15,14.591333,1/2/15,,,,,,
8/25/15,14.668667,1/2/15,,,,,,
8/26/15,14.989333,1/2/15,,,,,,
8/27/15,16.199333,1/2/15,,,,,,
8/28/15,16.565332,1/2/15,,,,,,
8/31/15,16.604,1/2/15,,,,,,
9/1/15,15.908667,1/2/15,,,,,,
9/2/15,16.512667,1/2/15,,,,,,
9/3/15,16.371332,1/2/15,,,,,,
9/4/15,16.128668,1/2/15,,,,,,
9/8/15,16.544666,1/2/15,,,,,,
9/9/15,16.594,1/2/15,,,,,,
9/10/15,16.565332,1/2/15,,,,,,
9/11/15,16.682667,1/2/15,,,,,,
9/14/15,16.879333,1/2/15,,,,,,
9/15/15,16.904667,1/2/15,,,,,,
9/16/15,17.483334,1/2/15,,,,,,
9/17/15,17.471333,1/2/15,,,,,,
9/18/15,17.374666,1/2/15,,,,,,
9/21/15,17.613333,1/2/15,,,,,,
9/22/15,17.396,1/2/15,,,,,,
9/23/15,17.403999,1/2/15,,,,,,
9/24/15,17.541332,1/2/15,,,,,,
9/25/15,17.127333,1/2/15,,,,,,
9/28/15,16.562,1/2/15,,,,,,
9/29/15,16.443333,1/2/15,,,,,,
9/30/15,16.559999,1/2/15,,,,,,
10/1/15,15.992,1/2/15,,,,,,
10/2/15,16.504667,1/2/15,,,,,,
10/5/15,16.41,1/2/15,,,,,,
10/6/15,16.097334,1/2/15,,,,,,
10/7/15,15.464,1/2/15,,,,,,
10/8/15,15.114667,1/2/15,,,,,,
10/9/15,14.712667,1/2/15,,,,,,
10/12/15,14.372,1/2/15,,,,,,
10/13/15,14.616667,1/2/15,,,,,,
10/14/15,14.458667,1/2/15,,,,,,
10/15/15,14.754,1/2/15,,,,,,
10/16/15,15.134,1/2/15,,,,,,
10/19/15,15.206667,1/2/15,,,,,,
10/20/15,14.202,1/2/15,,,,,,
10/21/15,14.006,1/2/15,,,,,,
10/22/15,14.114667,1/2/15,,,,,,
10/23/15,13.939333,1/2/15,,,,,,
10/26/15,14.350667,1/2/15,,,,,,
10/27/15,14.023333,1/2/15,,,,,,
10/28/15,14.197333,1/2/15,,,,,,
10/29/15,14.108667,1/2/15,,,,,,
10/30/15,13.795333,1/2/15,,,,,,
11/2/15,14.252667,1/2/15,,,,,,
11/3/15,13.89,1/2/15,,,,,,
11/4/15,15.442,1/2/15,,,,,,
11/5/15,15.451333,1/2/15,,,,,,
11/6/15,15.490667,1/2/15,,,,,,
11/9/15,15.022,1/2/15,,,,,,
11/10/15,14.433333,1/2/15,,,,,,
11/11/15,14.605333,1/2/15,,,,,,
11/12/15,14.196,1/2/15,,,,,,
11/13/15,13.812667,1/2/15,,,,,,
11/16/15,14.287333,1/2/15,,,,,,
11/17/15,14.266667,1/2/15,,,,,,
11/18/15,14.738,1/2/15,,,,,,
11/19/15,14.786667,1/2/15,,,,,,
11/20/15,14.667333,1/2/15,,,,,,
11/23/15,14.516667,1/2/15,,,,,,
11/24/15,14.55,1/2/15,,,,,,
11/25/15,15.309333,1/2/15,,,,,,
11/27/15,15.440667,1/2/15,,,,,,
11/30/15,15.350667,1/2/15,,,,,,
12/1/15,15.812667,1/2/15,,,,,,
12/2/15,15.466,1/2/15,,,,,,
12/3/15,15.514,1/2/15,,,,,,
12/4/15,15.358667,1/2/15,,,,,,
12/7/15,15.408667,1/2/15,,,,,,
12/8/15,15.114667,1/2/15,,,,,,
12/9/15,14.968,1/2/15,,,,,,
12/10/15,15.138,1/2/15,,,,,,
12/11/15,14.468,1/2/15,,,,,,
12/14/15,14.572,1/2/15,,,,,,
12/15/15,14.739333,1/2/15,,,,,,
12/16/15,15.634,1/2/15,,,,,,
12/17/15,15.559333,1/2/15,,,,,,
12/18/15,15.364,1/2/15,,,,,,
12/21/15,15.504,1/2/15,,,,,,
12/22/15,15.33,1/2/15,,,,,,
12/23/15,15.313333,1/2/15,,,,,,
12/24/15,15.371333,1/2/15,,,,,,
12/28/15,15.263333,1/2/15,,,,,,
12/29/15,15.812667,1/2/15,,,,,,
12/30/15,15.872667,1/2/15,,,,,,
12/31/15,16.000668,1/2/15,,,,,,
1/4/16,14.894,1/4/16,,,,,,
1/5/16,14.895333,1/4/16,,,,,,
1/6/16,14.602667,1/4/16,,,,,,
1/7/16,14.376667,1/4/16,,,,,,
1/8/16,14.066667,1/4/16,,,,,,
1/11/16,13.856667,1/4/16,,,,,,
1/12/16,13.998,1/4/16,,,,,,
1/13/16,13.354,1/4/16,,,,,,
1/14/16,13.745333,1/4/16,,,,,,
1/15/16,13.666,1/4/16,,,,,,
1/19/16,13.648,1/4/16,,,,,,
1/20/16,13.246667,1/4/16,,,,,,
1/21/16,13.331333,1/4/16,,,,,,
1/22/16,13.503333,1/4/16,,,,,,
1/25/16,13.092,1/4/16,,,,,,
1/26/16,12.904,1/4/16,,,,,,
1/27/16,12.538,1/4/16,,,,,,
1/28/16,12.646667,1/4/16,,,,,,
1/29/16,12.746667,1/4/16,,,,,,
2/1/16,13.129333,1/4/16,,,,,,
2/2/16,12.185333,1/4/16,,,,,,
2/3/16,11.565333,1/4/16,,,,,,
2/4/16,11.688667,1/4/16,,,,,,
2/5/16,10.84,1/4/16,,,,,,
2/8/16,9.866,1/4/16,,,,,,
2/9/16,9.883333,1/4/16,,,,,,
2/10/16,9.578,1/4/16,,,,,,
2/11/16,10.031333,1/4/16,,,,,,
2/12/16,10.069333,1/4/16,,,,,,
2/16/16,10.344667,1/4/16,,,,,,
2/17/16,11.245333,1/4/16,,,,,,
2/18/16,11.118,1/4/16,,,,,,
2/19/16,11.105333,1/4/16,,,,,,
2/22/16,11.849333,1/4/16,,,,,,
2/23/16,11.814,1/4/16,,,,,,
2/24/16,11.933333,1/4/16,,,,,,
2/25/16,12.495333,1/4/16,,,,,,
2/26/16,12.689333,1/4/16,,,,,,
2/29/16,12.795333,1/4/16,,,,,,
3/1/16,12.423333,1/4/16,,,,,,
3/2/16,12.556,1/4/16,,,,,,
3/3/16,13.049333,1/4/16,,,,,,
3/4/16,13.402667,1/4/16,,,,,,
3/7/16,13.686,1/4/16,,,,,,
3/8/16,13.506667,1/4/16,,,,,,
3/9/16,13.914667,1/4/16,,,,,,
3/10/16,13.678667,1/4/16,,,,,,
3/11/16,13.833333,1/4/16,,,,,,
3/14/16,14.343333,1/4/16,,,,,,
3/15/16,14.556,1/4/16,,,,,,
3/16/16,14.795333,1/4/16,,,,,,
3/17/16,15.092,1/4/16,,,,,,
3/18/16,15.516,1/4/16,,,,,,
3/21/16,15.888,1/4/16,,,,,,
3/22/16,15.616,1/4/16,,,,,,
3/23/16,14.838667,1/4/16,,,,,,
3/24/16,15.183333,1/4/16,,,,,,
3/28/16,15.350667,1/4/16,,,,,,
3/29/16,15.342,1/4/16,,,,,,
3/30/16,15.126,1/4/16,,,,,,
3/31/16,15.318,1/4/16,,,,,,
4/1/16,15.839333,1/4/16,,,,,,
4/4/16,16.466,1/4/16,,,,,,
4/5/16,17.031334,1/4/16,,,,,,
4/6/16,17.694668,1/4/16,,,,,,
4/7/16,17.146667,1/4/16,,,,,,
4/8/16,16.671333,1/4/16,,,,,,
4/11/16,16.661333,1/4/16,,,,,,
4/12/16,16.521334,1/4/16,,,,,,
4/13/16,16.968666,1/4/16,,,,,,
4/14/16,16.790667,1/4/16,,,,,,
4/15/16,16.967333,1/4/16,,,,,,
4/18/16,16.925333,1/4/16,,,,,,
4/19/16,16.491333,1/4/16,,,,,,
4/20/16,16.664667,1/4/16,,,,,,
4/21/16,16.552668,1/4/16,,,,,,
4/22/16,16.916668,1/4/16,,,,,,
4/25/16,16.788,1/4/16,,,,,,
4/26/16,16.916,1/4/16,,,,,,
4/27/16,16.764668,1/4/16,,,,,,
4/28/16,16.514,1/4/16,,,,,,
4/29/16,16.050667,1/4/16,,,,,,
5/2/16,16.120001,1/4/16,,,,,,
5/3/16,15.488,1/4/16,,,,,,
5/4/16,14.837333,1/4/16,,,,,,
5/5/16,14.102,1/4/16,,,,,,
5/6/16,14.328667,1/4/16,,,,,,
5/9/16,13.928,1/4/16,,,,,,
5/10/16,13.912667,1/4/16,,,,,,
5/11/16,13.930667,1/4/16,,,,,,
5/12/16,13.818667,1/4/16,,,,,,
5/13/16,13.840667,1/4/16,,,,,,
5/16/16,13.886,1/4/16,,,,,,
5/17/16,13.644,1/4/16,,,,,,
5/18/16,14.078,1/4/16,,,,,,
5/19/16,14.347333,1/4/16,,,,,,
5/20/16,14.685333,1/4/16,,,,,,
5/23/16,14.414667,1/4/16,,,,,,
5/24/16,14.527333,1/4/16,,,,,,
5/25/16,14.638667,1/4/16,,,,,,
5/26/16,15.008,1/4/16,,,,,,
5/27/16,14.869333,1/4/16,,,,,,
5/31/16,14.882,1/4/16,,,,,,
6/1/16,14.637333,1/4/16,,,,,,
6/2/16,14.597333,1/4/16,,,,,,
6/3/16,14.599333,1/4/16,,,,,,
6/6/16,14.712,1/4/16,,,,,,
6/7/16,15.489333,1/4/16,,,,,,
6/8/16,15.701333,1/4/16,,,,,,
6/9/16,15.290667,1/4/16,,,,,,
6/10/16,14.586,1/4/16,,,,,,
6/13/16,14.524667,1/4/16,,,,,,
6/14/16,14.330667,1/4/16,,,,,,
6/15/16,14.513333,1/4/16,,,,,,
6/16/16,14.528667,1/4/16,,,,,,
6/17/16,14.364667,1/4/16,,,,,,
6/20/16,14.646667,1/4/16,,,,,,
6/21/16,14.640667,1/4/16,,,,,,
6/22/16,13.110667,1/4/16,,,,,,
6/23/16,13.093333,1/4/16,,,,,,
6/24/16,12.876667,1/4/16,,,,,,
6/27/16,13.236667,1/4/16,,,,,,
6/28/16,13.452667,1/4/16,,,,,,
6/29/16,14.012667,1/4/16,,,,,,
6/30/16,14.152,1/4/16,,,,,,
7/1/16,14.433333,1/4/16,,,,,,
7/5/16,14.265333,1/4/16,,,,,,
7/6/16,14.296,1/4/16,,,,,,
7/7/16,14.396,1/4/16,,,,,,
7/8/16,14.452,1/4/16,,,,,,
7/11/16,14.985333,1/4/16,,,,,,
7/12/16,14.976667,1/4/16,,,,,,
7/13/16,14.835333,1/4/16,,,,,,
7/14/16,14.768667,1/4/16,,,,,,
7/15/16,14.693333,1/4/16,,,,,,
7/18/16,15.083333,1/4/16,,,,,,
7/19/16,15.017333,1/4/16,,,,,,
7/20/16,15.224,1/4/16,,,,,,
7/21/16,14.7,1/4/16,,,,,,
7/22/16,14.818,1/4/16,,,,,,
7/25/16,15.334,1/4/16,,,,,,
7/26/16,15.300667,1/4/16,,,,,,
7/27/16,15.232667,1/4/16,,,,,,
7/28/16,15.374,1/4/16,,,,,,
7/29/16,15.652667,1/4/16,,,,,,
8/1/16,15.334,1/4/16,,,,,,
8/2/16,15.146667,1/4/16,,,,,,
8/3/16,15.052667,1/4/16,,,,,,
8/4/16,15.374,1/4/16,,,,,,
8/5/16,15.335333,1/4/16,,,,,,
8/8/16,15.077333,1/4/16,,,,,,
8/9/16,15.272,1/4/16,,,,,,
8/10/16,15.043333,1/4/16,,,,,,
8/11/16,14.994,1/4/16,,,,,,
8/12/16,15.040667,1/4/16,,,,,,
8/15/16,15.039333,1/4/16,,,,,,
8/16/16,14.907333,1/4/16,,,,,,
8/17/16,14.882667,1/4/16,,,,,,
8/18/16,14.900667,1/4/16,,,,,,
8/19/16,15,1/4/16,,,,,,
8/22/16,14.862,1/4/16,,,,,,
8/23/16,14.989333,1/4/16,,,,,,
8/24/16,14.841333,1/4/16,,,,,,
8/25/16,14.730667,1/4/16,,,,,,
8/26/16,14.666,1/4/16,,,,,,
8/29/16,14.346667,1/4/16,,,,,,
8/30/16,14.089333,1/4/16,,,,,,
8/31/16,14.134,1/4/16,,,,,,
9/1/16,13.384667,1/4/16,,,,,,
9/2/16,13.185333,1/4/16,,,,,,
9/6/16,13.522,1/4/16,,,,,,
9/7/16,13.447333,1/4/16,,,,,,
9/8/16,13.157333,1/4/16,,,,,,
9/9/16,12.964667,1/4/16,,,,,,
9/12/16,13.22,1/4/16,,,,,,
9/13/16,13.07,1/4/16,,,,,,
9/14/16,13.094,1/4/16,,,,,,
9/15/16,13.361333,1/4/16,,,,,,
9/16/16,13.693333,1/4/16,,,,,,
9/19/16,13.756,1/4/16,,,,,,
9/20/16,13.642667,1/4/16,,,,,,
9/21/16,13.681333,1/4/16,,,,,,
9/22/16,13.762,1/4/16,,,,,,
9/23/16,13.83,1/4/16,,,,,,
9/26/16,13.932667,1/4/16,,,,,,
9/27/16,13.720667,1/4/16,,,,,,
9/28/16,13.751333,1/4/16,,,,,,
9/29/16,13.38,1/4/16,,,,,,
9/30/16,13.602,1/4/16,,,,,,
10/3/16,14.246667,1/4/16,,,,,,
10/4/16,14.094,1/4/16,,,,,,
10/5/16,13.897333,1/4/16,,,,,,
10/6/16,13.4,1/4/16,,,,,,
10/7/16,13.107333,1/4/16,,,,,,
10/10/16,13.396667,1/4/16,,,,,,
10/11/16,13.34,1/4/16,,,,,,
10/12/16,13.434,1/4/16,,,,,,
10/13/16,13.349333,1/4/16,,,,,,
10/14/16,13.100667,1/4/16,,,,,,
10/17/16,12.930667,1/4/16,,,,,,
10/18/16,13.273333,1/4/16,,,,,,
10/19/16,13.570667,1/4/16,,,,,,
10/20/16,13.273333,1/4/16,,,,,,
10/21/16,13.339333,1/4/16,,,,,,
10/24/16,13.517333,1/4/16,,,,,,
10/25/16,13.489333,1/4/16,,,,,,
10/26/16,13.482667,1/4/16,,,,,,
10/27/16,13.600667,1/4/16,,,,,,
10/28/16,13.331333,1/4/16,,,,,,
10/31/16,13.182,1/4/16,,,,,,
11/1/16,12.719333,1/4/16,,,,,,
11/2/16,12.534667,1/4/16,,,,,,
11/3/16,12.494667,1/4/16,,,,,,
11/4/16,12.704,1/4/16,,,,,,
11/7/16,12.880667,1/4/16,,,,,,
11/8/16,12.996,1/4/16,,,,,,
11/9/16,12.670667,1/4/16,,,,,,
11/10/16,12.356667,1/4/16,,,,,,
11/11/16,12.570667,1/4/16,,,,,,
11/14/16,12.096667,1/4/16,,,,,,
11/15/16,12.251333,1/4/16,,,,,,
11/16/16,12.262,1/4/16,,,,,,
11/17/16,12.577333,1/4/16,,,,,,
11/18/16,12.334667,1/4/16,,,,,,
11/21/16,12.301333,1/4/16,,,,,,
11/22/16,12.744667,1/4/16,,,,,,
11/23/16,12.876,1/4/16,,,,,,
11/25/16,13.11,1/4/16,,,,,,
11/28/16,13.074667,1/4/16,,,,,,
11/29/16,12.638,1/4/16,,,,,,
11/30/16,12.626667,1/4/16,,,,,,
12/1/16,12.125333,1/4/16,,,,,,
12/2/16,12.098,1/4/16,,,,,,
12/5/16,12.453333,1/4/16,,,,,,
12/6/16,12.39,1/4/16,,,,,,
12/7/16,12.876667,1/4/16,,,,,,
12/8/16,12.819333,1/4/16,,,,,,
12/9/16,12.812,1/4/16,,,,,,
12/12/16,12.828667,1/4/16,,,,,,
12/13/16,13.21,1/4/16,,,,,,
12/14/16,13.246,1/4/16,,,,,,
12/15/16,13.172,1/4/16,,,,,,
12/16/16,13.499333,1/4/16,,,,,,
12/19/16,13.515333,1/4/16,,,,,,
12/20/16,13.919333,1/4/16,,,,,,
12/21/16,13.846667,1/4/16,,,,,,
12/22/16,13.896667,1/4/16,,,,,,
12/23/16,14.222667,1/4/16,,,,,,
12/27/16,14.635333,1/4/16,,,,,,
12/28/16,14.649333,1/4/16,,,,,,
12/29/16,14.312,1/4/16,,,,,,
12/30/16,14.246,1/4/16,,,,,,
1/3/17,14.466,1/3/17,,,,,,
1/4/17,15.132667,1/3/17,,,,,,
1/5/17,15.116667,1/3/17,,,,,,
1/6/17,15.267333,1/3/17,,,,,,
1/9/17,15.418667,1/3/17,,,,,,
1/10/17,15.324667,1/3/17,,,,,,
1/11/17,15.315333,1/3/17,,,,,,
1/12/17,15.306,1/3/17,,,,,,
1/13/17,15.85,1/3/17,,,,,,
1/17/17,15.705333,1/3/17,,,,,,
1/18/17,15.890667,1/3/17,,,,,,
1/19/17,16.250668,1/3/17,,,,,,
1/20/17,16.315332,1/3/17,,,,,,
1/23/17,16.594667,1/3/17,,,,,,
1/24/17,16.974001,1/3/17,,,,,,
1/25/17,16.964666,1/3/17,,,,,,
1/26/17,16.834,1/3/17,,,,,,
1/27/17,16.863333,1/3/17,,,,,,
1/30/17,16.708668,1/3/17,,,,,,
1/31/17,16.795334,1/3/17,,,,,,
2/1/17,16.615999,1/3/17,,,,,,
2/2/17,16.77,1/3/17,,,,,,
2/3/17,16.755333,1/3/17,,,,,,
2/6/17,17.184668,1/3/17,,,,,,
2/7/17,17.165333,1/3/17,,,,,,
2/8/17,17.472,1/3/17,,,,,,
2/9/17,17.946667,1/3/17,,,,,,
2/10/17,17.948668,1/3/17,,,,,,
2/13/17,18.706667,1/3/17,,,,,,
2/14/17,18.732,1/3/17,,,,,,
2/15/17,18.650667,1/3/17,,,,,,
2/16/17,17.93,1/3/17,,,,,,
2/17/17,18.148666,1/3/17,,,,,,
2/21/17,18.492666,1/3/17,,,,,,
2/22/17,18.233999,1/3/17,,,,,,
2/23/17,17.066,1/3/17,,,,,,
2/24/17,17.133333,1/3/17,,,,,,
2/27/17,16.415333,1/3/17,,,,,,
2/28/17,16.666,1/3/17,,,,,,
3/1/17,16.667999,1/3/17,,,,,,
3/2/17,16.698668,1/3/17,,,,,,
3/3/17,16.771334,1/3/17,,,,,,
3/6/17,16.747334,1/3/17,,,,,,
3/7/17,16.572666,1/3/17,,,,,,
3/8/17,16.458,1/3/17,,,,,,
3/9/17,16.326668,1/3/17,,,,,,
3/10/17,16.246,1/3/17,,,,,,
3/13/17,16.411333,1/3/17,,,,,,
3/14/17,17.200001,1/3/17,,,,,,
3/15/17,17.048668,1/3/17,,,,,,
3/16/17,17.469999,1/3/17,,,,,,
3/17/17,17.433332,1/3/17,,,,,,
3/20/17,17.461332,1/3/17,,,,,,
3/21/17,16.712,1/3/17,,,,,,
3/22/17,17.000668,1/3/17,,,,,,
3/23/17,16.985332,1/3/17,,,,,,
3/24/17,17.544001,1/3/17,,,,,,
3/27/17,18.014668,1/3/17,,,,,,
3/28/17,18.496668,1/3/17,,,,,,
3/29/17,18.492001,1/3/17,,,,,,
3/30/17,18.528,1/3/17,,,,,,
3/31/17,18.553333,1/3/17,,,,,,
4/3/17,19.901333,1/3/17,,,,,,
4/4/17,20.246668,1/3/17,,,,,,
4/5/17,19.666668,1/3/17,,,,,,
4/6/17,19.913334,1/3/17,,,,,,
4/7/17,20.169333,1/3/17,,,,,,
4/10/17,20.826,1/3/17,,,,,,
4/11/17,20.580667,1/3/17,,,,,,
4/12/17,19.789333,1/3/17,,,,,,
4/13/17,20.266666,1/3/17,,,,,,
4/17/17,20.096001,1/3/17,,,,,,
4/18/17,20.016666,1/3/17,,,,,,
4/19/17,20.368,1/3/17,,,,,,
4/20/17,20.167334,1/3/17,,,,,,
4/21/17,20.373333,1/3/17,,,,,,
4/24/17,20.535334,1/3/17,,,,,,
4/25/17,20.919333,1/3/17,,,,,,
4/26/17,20.677999,1/3/17,,,,,,
4/27/17,20.575333,1/3/17,,,,,,
4/28/17,20.938,1/3/17,,,,,,
5/1/17,21.521999,1/3/17,,,,,,
5/2/17,21.259333,1/3/17,,,,,,
5/3/17,20.734667,1/3/17,,,,,,
5/4/17,19.697332,1/3/17,,,,,,
5/5/17,20.556667,1/3/17,,,,,,
5/8/17,20.479334,1/3/17,,,,,,
5/9/17,21.417334,1/3/17,,,,,,
5/10/17,21.681334,1/3/17,,,,,,
5/11/17,21.540001,1/3/17,,,,,,
5/12/17,21.653999,1/3/17,,,,,,
5/15/17,21.058666,1/3/17,,,,,,
5/16/17,21.134001,1/3/17,,,,,,
5/17/17,20.407333,1/3/17,,,,,,
5/18/17,20.870667,1/3/17,,,,,,
5/19/17,20.722,1/3/17,,,,,,
5/22/17,20.690001,1/3/17,,,,,,
5/23/17,20.257334,1/3/17,,,,,,
5/24/17,20.681334,1/3/17,,,,,,
5/25/17,21.122,1/3/17,,,,,,
5/26/17,21.676001,1/3/17,,,,,,
5/30/17,22.34,1/3/17,,,,,,
5/31/17,22.733999,1/3/17,,,,,,
6/1/17,22.691334,1/3/17,,,,,,
6/2/17,22.656668,1/3/17,,,,,,
6/5/17,23.154667,1/3/17,,,,,,
6/6/17,23.523333,1/3/17,,,,,,
6/7/17,23.976667,1/3/17,,,,,,
6/8/17,24.666668,1/3/17,,,,,,
6/9/17,23.821333,1/3/17,,,,,,
6/12/17,23.934,1/3/17,,,,,,
6/13/17,25.063334,1/3/17,,,,,,
6/14/17,25.377333,1/3/17,,,,,,
6/15/17,25.022667,1/3/17,,,,,,
6/16/17,24.76,1/3/17,,,,,,
6/19/17,24.653334,1/3/17,,,,,,
6/20/17,24.816,1/3/17,,,,,,
6/21/17,25.093332,1/3/17,,,,,,
6/22/17,25.507334,1/3/17,,,,,,
6/23/17,25.563334,1/3/17,,,,,,
6/26/17,25.166,1/3/17,,,,,,
6/27/17,24.158001,1/3/17,,,,,,
6/28/17,24.749332,1/3/17,,,,,,
6/29/17,24.049999,1/3/17,,,,,,
6/30/17,24.107332,1/3/17,,,,,,
7/3/17,23.507999,1/3/17,,,,,,
7/5/17,21.806,1/3/17,,,,,,
7/6/17,20.588667,1/3/17,,,,,,
7/7/17,20.881332,1/3/17,,,,,,
7/10/17,21.07,1/3/17,,,,,,
7/11/17,21.814667,1/3/17,,,,,,
7/12/17,21.968,1/3/17,,,,,,
7/13/17,21.560667,1/3/17,,,,,,
7/14/17,21.851999,1/3/17,,,,,,
7/17/17,21.304667,1/3/17,,,,,,
7/18/17,21.882668,1/3/17,,,,,,
7/19/17,21.684,1/3/17,,,,,,
7/20/17,21.994667,1/3/17,,,,,,
7/21/17,21.893333,1/3/17,,,,,,
7/24/17,22.834667,1/3/17,,,,,,
7/25/17,22.639999,1/3/17,,,,,,
7/26/17,22.923332,1/3/17,,,,,,
7/27/17,22.297333,1/3/17,,,,,,
7/28/17,22.337999,1/3/17,,,,,,
7/31/17,21.564667,1/3/17,,,,,,
8/1/17,21.304667,1/3/17,,,,,,
8/2/17,21.726,1/3/17,,,,,,
8/3/17,23.139334,1/3/17,,,,,,
8/4/17,23.794001,1/3/17,,,,,,
8/7/17,23.677999,1/3/17,,,,,,
8/8/17,24.348,1/3/17,,,,,,
8/9/17,24.235332,1/3/17,,,,,,
8/10/17,23.693333,1/3/17,,,,,,
8/11/17,23.858,1/3/17,,,,,,
8/14/17,24.253332,1/3/17,,,,,,
8/15/17,24.155333,1/3/17,,,,,,
8/16/17,24.194,1/3/17,,,,,,
8/17/17,23.461332,1/3/17,,,,,,
8/18/17,23.164,1/3/17,,,,,,
8/21/17,22.524,1/3/17,,,,,,
8/22/17,22.756666,1/3/17,,,,,,
8/23/17,23.518,1/3/17,,,,,,
8/24/17,23.528667,1/3/17,,,,,,
8/25/17,23.203333,1/3/17,,,,,,
8/28/17,23.044001,1/3/17,,,,,,
8/29/17,23.157333,1/3/17,,,,,,
8/30/17,23.545334,1/3/17,,,,,,
8/31/17,23.726667,1/3/17,,,,,,
9/1/17,23.693333,1/3/17,,,,,,
9/5/17,23.306,1/3/17,,,,,,
9/6/17,22.968666,1/3/17,,,,,,
9/7/17,23.374001,1/3/17,,,,,,
9/8/17,22.893333,1/3/17,,,,,,
9/11/17,24.246,1/3/17,,,,,,
9/12/17,24.183332,1/3/17,,,,,,
9/13/17,24.415333,1/3/17,,,,,,
9/14/17,25.176001,1/3/17,,,,,,
9/15/17,25.320667,1/3/17,,,,,,
9/18/17,25.666668,1/3/17,,,,,,
9/19/17,25.006666,1/3/17,,,,,,
9/20/17,24.927334,1/3/17,,,,,,
9/21/17,24.431999,1/3/17,,,,,,
9/22/17,23.406,1/3/17,,,,,,
9/25/17,22.999332,1/3/17,,,,,,
9/26/17,23.016666,1/3/17,,,,,,
9/27/17,22.731333,1/3/17,,,,,,
9/28/17,22.639999,1/3/17,,,,,,
9/29/17,22.74,1/3/17,,,,,,
10/2/17,22.768667,1/3/17,,,,,,
10/3/17,23.209333,1/3/17,,,,,,
10/4/17,23.667334,1/3/17,,,,,,
10/5/17,23.688667,1/3/17,,,,,,
10/6/17,23.792,1/3/17,,,,,,
10/9/17,22.862667,1/3/17,,,,,,
10/10/17,23.705999,1/3/17,,,,,,
10/11/17,23.639999,1/3/17,,,,,,
10/12/17,23.712,1/3/17,,,,,,
10/13/17,23.704666,1/3/17,,,,,,
10/16/17,23.373333,1/3/17,,,,,,
10/17/17,23.716667,1/3/17,,,,,,
10/18/17,23.976667,1/3/17,,,,,,
10/19/17,23.454,1/3/17,,,,,,
10/20/17,23.006666,1/3/17,,,,,,
10/23/17,22.468,1/3/17,,,,,,
10/24/17,22.489332,1/3/17,,,,,,
10/25/17,21.722668,1/3/17,,,,,,
10/26/17,21.744667,1/3/17,,,,,,
10/27/17,21.391333,1/3/17,,,,,,
10/30/17,21.338667,1/3/17,,,,,,
10/31/17,22.101999,1/3/17,,,,,,
11/1/17,21.405333,1/3/17,,,,,,
11/2/17,19.950666,1/3/17,,,,,,
11/3/17,20.406,1/3/17,,,,,,
11/6/17,20.185333,1/3/17,,,,,,
11/7/17,20.403334,1/3/17,,,,,,
11/8/17,20.292667,1/3/17,,,,,,
11/9/17,20.199333,1/3/17,,,,,,
11/10/17,20.199333,1/3/17,,,,,,
11/13/17,21.026667,1/3/17,,,,,,
11/14/17,20.58,1/3/17,,,,,,
11/15/17,20.753332,1/3/17,,,,,,
11/16/17,20.833332,1/3/17,,,,,,
11/17/17,21.003332,1/3/17,,,,,,
11/20/17,20.582666,1/3/17,,,,,,
11/21/17,21.187332,1/3/17,,,,,,
11/22/17,20.84,1/3/17,,,,,,
11/24/17,21.036667,1/3/17,,,,,,
11/27/17,21.120667,1/3/17,,,,,,
11/28/17,21.17,1/3/17,,,,,,
11/29/17,20.502666,1/3/17,,,,,,
11/30/17,20.59,1/3/17,,,,,,
12/1/17,20.435333,1/3/17,,,,,,
12/4/17,20.346666,1/3/17,,,,,,
12/5/17,20.246668,1/3/17,,,,,,
12/6/17,20.884001,1/3/17,,,,,,
12/7/17,20.749332,1/3/17,,,,,,
12/8/17,21.008667,1/3/17,,,,,,
12/11/17,21.927334,1/3/17,,,,,,
12/12/17,22.735332,1/3/17,,,,,,
12/13/17,22.601999,1/3/17,,,,,,
12/14/17,22.525999,1/3/17,,,,,,
12/15/17,22.896667,1/3/17,,,,,,
12/18/17,22.591333,1/3/17,,,,,,
12/19/17,22.073334,1/3/17,,,,,,
12/20/17,21.931999,1/3/17,,,,,,
12/21/17,22.110666,1/3/17,,,,,,
12/22/17,21.68,1/3/17,,,,,,
12/26/17,21.152666,1/3/17,,,,,,
12/27/17,20.775999,1/3/17,,,,,,
12/28/17,21.024,1/3/17,,,,,,
12/29/17,20.756666,1/3/17,,,,,,
1/2/18,21.368668,1/2/18,,,,,,
1/3/18,21.15,1/2/18,,,,,,
1/4/18,20.974667,1/2/18,,,,,,
1/5/18,21.105333,1/2/18,,,,,,
1/8/18,22.427334,1/2/18,,,,,,
1/9/18,22.246,1/2/18,,,,,,
1/10/18,22.32,1/2/18,,,,,,
1/11/18,22.530001,1/2/18,,,,,,
1/12/18,22.414667,1/2/18,,,,,,
1/16/18,22.670668,1/2/18,,,,,,
1/17/18,23.143999,1/2/18,,,,,,
1/18/18,22.971333,1/2/18,,,,,,
1/19/18,23.334667,1/2/18,,,,,,
1/22/18,23.437332,1/2/18,,,,,,
1/23/18,23.519333,1/2/18,,,,,,
1/24/18,23.059334,1/2/18,,,,,,
1/25/18,22.509333,1/2/18,,,,,,
1/26/18,22.856667,1/2/18,,,,,,
1/29/18,23.302,1/2/18,,,,,,
1/30/18,23.054667,1/2/18,,,,,,
1/31/18,23.620667,1/2/18,,,,,,
2/1/18,23.283333,1/2/18,,,,,,
2/2/18,22.916668,1/2/18,,,,,,
2/5/18,22.208668,1/2/18,,,,,,
2/6/18,22.264668,1/2/18,,,,,,
2/7/18,23,1/2/18,,,,,,
2/8/18,21.015333,1/2/18,,,,,,
2/9/18,20.694668,1/2/18,,,,,,
2/12/18,21.048668,1/2/18,,,,,,
2/13/18,21.577333,1/2/18,,,,,,
2/14/18,21.487333,1/2/18,,,,,,
2/15/18,22.271334,1/2/18,,,,,,
2/16/18,22.365999,1/2/18,,,,,,
2/20/18,22.318001,1/2/18,,,,,,
2/21/18,22.219999,1/2/18,,,,,,
2/22/18,23.077999,1/2/18,,,,,,
2/23/18,23.469999,1/2/18,,,,,,
2/26/18,23.827999,1/2/18,,,,,,
2/27/18,23.399332,1/2/18,,,,,,
2/28/18,22.870667,1/2/18,,,,,,
3/1/18,22.062,1/2/18,,,,,,
3/2/18,22.341333,1/2/18,,,,,,
3/5/18,22.223333,1/2/18,,,,,,
3/6/18,21.879999,1/2/18,,,,,,
3/7/18,22.153334,1/2/18,,,,,,
3/8/18,21.940001,1/2/18,,,,,,
3/9/18,21.811333,1/2/18,,,,,,
3/12/18,23.034,1/2/18,,,,,,
3/13/18,22.789333,1/2/18,,,,,,
3/14/18,21.775333,1/2/18,,,,,,
3/15/18,21.706667,1/2/18,,,,,,
3/16/18,21.423332,1/2/18,,,,,,
3/19/18,20.903999,1/2/18,,,,,,
3/20/18,20.703333,1/2/18,,,,,,
3/21/18,21.101999,1/2/18,,,,,,
3/22/18,20.606667,1/2/18,,,,,,
3/23/18,20.102667,1/2/18,,,,,,
3/26/18,20.278667,1/2/18,,,,,,
3/27/18,18.612,1/2/18,,,,,,
3/28/18,17.185333,1/2/18,,,,,,
3/29/18,17.742001,1/2/18,,,,,,
4/2/18,16.832001,1/2/18,,,,,,
4/3/18,17.835333,1/2/18,,,,,,
4/4/18,19.129333,1/2/18,,,,,,
4/5/18,20.381332,1/2/18,,,,,,
4/6/18,19.953333,1/2/18,,,,,,
4/9/18,19.310667,1/2/18,,,,,,
4/10/18,20.313334,1/2/18,,,,,,
4/11/18,20.062,1/2/18,,,,,,
4/12/18,19.605333,1/2/18,,,,,,
4/13/18,20.022667,1/2/18,,,,,,
4/16/18,19.414,1/2/18,,,,,,
4/17/18,19.179333,1/2/18,,,,,,
4/18/18,19.556667,1/2/18,,,,,,
4/19/18,20.005333,1/2/18,,,,,,
4/20/18,19.349333,1/2/18,,,,,,
4/23/18,18.891333,1/2/18,,,,,,
4/24/18,18.897333,1/2/18,,,,,,
4/25/18,18.712667,1/2/18,,,,,,
4/26/18,19.032,1/2/18,,,,,,
4/27/18,19.605333,1/2/18,,,,,,
4/30/18,19.593332,1/2/18,,,,,,
5/1/18,19.994667,1/2/18,,,,,,
5/2/18,20.076668,1/2/18,,,,,,
5/3/18,18.963333,1/2/18,,,,,,
5/4/18,19.606001,1/2/18,,,,,,
5/7/18,20.184668,1/2/18,,,,,,
5/8/18,20.131332,1/2/18,,,,,,
5/9/18,20.456667,1/2/18,,,,,,
5/10/18,20.334667,1/2/18,,,,,,
5/11/18,20.070667,1/2/18,,,,,,
5/14/18,19.464666,1/2/18,,,,,,
5/15/18,18.945333,1/2/18,,,,,,
5/16/18,19.098667,1/2/18,,,,,,
5/17/18,18.969334,1/2/18,,,,,,
5/18/18,18.454666,1/2/18,,,,,,
5/21/18,18.966,1/2/18,,,,,,
5/22/18,18.334,1/2/18,,,,,,
5/23/18,18.604668,1/2/18,,,,,,
5/24/18,18.523333,1/2/18,,,,,,
5/25/18,18.59,1/2/18,,,,,,
5/29/18,18.917334,1/2/18,,,,,,
5/30/18,19.448,1/2/18,,,,,,
5/31/18,18.982,1/2/18,,,,,,
6/1/18,19.454666,1/2/18,,,,,,
6/4/18,19.782667,1/2/18,,,,,,
6/5/18,19.408667,1/2/18,,,,,,
6/6/18,21.299999,1/2/18,,,,,,
6/7/18,21.072666,1/2/18,,,,,,
6/8/18,21.177334,1/2/18,,,,,,
6/11/18,22.139999,1/2/18,,,,,,
6/12/18,22.851334,1/2/18,,,,,,
6/13/18,22.985332,1/2/18,,,,,,
6/14/18,23.848,1/2/18,,,,,,
6/15/18,23.878,1/2/18,,,,,,
6/18/18,24.722,1/2/18,,,,,,
6/19/18,23.503332,1/2/18,,,,,,
6/20/18,24.148001,1/2/18,,,,,,
6/21/18,23.167334,1/2/18,,,,,,
6/22/18,22.242001,1/2/18,,,,,,
6/25/18,22.200666,1/2/18,,,,,,
6/26/18,22.799999,1/2/18,,,,,,
6/27/18,22.966667,1/2/18,,,,,,
6/28/18,23.328667,1/2/18,,,,,,
6/29/18,22.863333,1/2/18,,,,,,
7/2/18,22.337999,1/2/18,,,,,,
7/3/18,20.724001,1/2/18,,,,,,
7/5/18,20.610666,1/2/18,,,,,,
7/6/18,20.593332,1/2/18,,,,,,
7/9/18,21.233999,1/2/18,,,,,,
7/10/18,21.497999,1/2/18,,,,,,
7/11/18,21.264,1/2/18,,,,,,
7/12/18,21.114,1/2/18,,,,,,
7/13/18,21.257999,1/2/18,,,,,,
7/16/18,20.673332,1/2/18,,,,,,
7/17/18,21.512667,1/2/18,,,,,,
7/18/18,21.59,1/2/18,,,,,,
7/19/18,21.348667,1/2/18,,,,,,
7/20/18,20.905333,1/2/18,,,,,,
7/23/18,20.213333,1/2/18,,,,,,
7/24/18,19.828667,1/2/18,,,,,,
7/25/18,20.582666,1/2/18,,,,,,
7/26/18,20.443333,1/2/18,,,,,,
7/27/18,19.812,1/2/18,,,,,,
7/30/18,19.344667,1/2/18,,,,,,
7/31/18,19.875999,1/2/18,,,,,,
8/1/18,20.056,1/2/18,,,,,,
8/2/18,23.302668,1/2/18,,,,,,
8/3/18,23.211332,1/2/18,,,,,,
8/6/18,22.799334,1/2/18,,,,,,
8/7/18,25.304667,1/2/18,,,,,,
8/8/18,24.689333,1/2/18,,,,,,
8/9/18,23.496668,1/2/18,,,,,,
8/10/18,23.699333,1/2/18,,,,,,
8/13/18,23.760668,1/2/18,,,,,,
8/14/18,23.176001,1/2/18,,,,,,
8/15/18,22.579332,1/2/18,,,,,,
8/16/18,22.363333,1/2/18,,,,,,
8/17/18,20.366667,1/2/18,,,,,,
8/20/18,20.562668,1/2/18,,,,,,
8/21/18,21.459999,1/2/18,,,,,,
8/22/18,21.442667,1/2/18,,,,,,
8/23/18,21.34,1/2/18,,,,,,
8/24/18,21.521334,1/2/18,,,,,,
8/27/18,21.284666,1/2/18,,,,,,
8/28/18,20.790667,1/2/18,,,,,,
8/29/18,20.334,1/2/18,,,,,,
8/30/18,20.209999,1/2/18,,,,,,
8/31/18,20.110666,1/2/18,,,,,,
9/4/18,19.263332,1/2/18,,,,,,
9/5/18,18.716,1/2/18,,,,,,
9/6/18,18.73,1/2/18,,,,,,
9/7/18,17.549334,1/2/18,,,,,,
9/10/18,19.033333,1/2/18,,,,,,
9/11/18,18.629333,1/2/18,,,,,,
9/12/18,19.369333,1/2/18,,,,,,
9/13/18,19.297333,1/2/18,,,,,,
9/14/18,19.68,1/2/18,,,,,,
9/17/18,19.656,1/2/18,,,,,,
9/18/18,18.997334,1/2/18,,,,,,
9/19/18,19.934668,1/2/18,,,,,,
9/20/18,19.888666,1/2/18,,,,,,
9/21/18,19.940001,1/2/18,,,,,,
9/24/18,19.978666,1/2/18,,,,,,
9/25/18,20.066,1/2/18,,,,,,
9/26/18,20.638666,1/2/18,,,,,,
9/27/18,20.501333,1/2/18,,,,,,
9/28/18,17.651333,1/2/18,,,,,,
10/1/18,20.713333,1/2/18,,,,,,
10/2/18,20.068001,1/2/18,,,,,,
10/3/18,19.653334,1/2/18,,,,,,
10/4/18,18.788668,1/2/18,,,,,,
10/5/18,17.463333,1/2/18,,,,,,
10/8/18,16.704,1/2/18,,,,,,
10/9/18,17.52,1/2/18,,,,,,
10/10/18,17.125334,1/2/18,,,,,,
10/11/18,16.815332,1/2/18,,,,,,
10/12/18,17.252001,1/2/18,,,,,,
10/15/18,17.306,1/2/18,,,,,,
10/16/18,18.439333,1/2/18,,,,,,
10/17/18,18.118668,1/2/18,,,,,,
10/18/18,17.594,1/2/18,,,,,,
10/19/18,17.333332,1/2/18,,,,,,
10/22/18,17.396667,1/2/18,,,,,,
10/23/18,19.609333,1/2/18,,,,,,
10/24/18,19.233334,1/2/18,,,,,,
10/25/18,20.990667,1/2/18,,,,,,
10/26/18,22.059999,1/2/18,,,,,,
10/29/18,22.323334,1/2/18,,,,,,
10/30/18,21.993334,1/2/18,,,,,,
10/31/18,22.488001,1/2/18,,,,,,
11/1/18,22.952,1/2/18,,,,,,
11/2/18,23.094,1/2/18,,,,,,
11/5/18,22.76,1/2/18,,,,,,
11/6/18,22.737333,1/2/18,,,,,,
11/7/18,23.210667,1/2/18,,,,,,
11/8/18,23.426666,1/2/18,,,,,,
11/9/18,23.367332,1/2/18,,,,,,
11/12/18,22.085333,1/2/18,,,,,,
11/13/18,22.582001,1/2/18,,,,,,
11/14/18,22.933332,1/2/18,,,,,,
11/15/18,23.229334,1/2/18,,,,,,
11/16/18,23.620667,1/2/18,,,,,,
11/19/18,23.564667,1/2/18,,,,,,
11/20/18,23.166,1/2/18,,,,,,
11/21/18,22.546,1/2/18,,,,,,
11/23/18,21.722,1/2/18,,,,,,
11/26/18,23.066668,1/2/18,,,,,,
11/27/18,22.927999,1/2/18,,,,,,
11/28/18,23.191334,1/2/18,,,,,,
11/29/18,22.744667,1/2/18,,,,,,
11/30/18,23.365334,1/2/18,,,,,,
12/3/18,23.899332,1/2/18,,,,,,
12/4/18,23.98,1/2/18,,,,,,
12/6/18,24.204,1/2/18,,,,,,
12/7/18,23.864668,1/2/18,,,,,,
12/10/18,24.343332,1/2/18,,,,,,
12/11/18,24.450666,1/2/18,,,,,,
12/12/18,24.440001,1/2/18,,,,,,
12/13/18,25.119333,1/2/18,,,,,,
12/14/18,24.380667,1/2/18,,,,,,
12/17/18,23.228001,1/2/18,,,,,,
12/18/18,22.468666,1/2/18,,,,,,
12/19/18,22.198,1/2/18,,,,,,
12/20/18,21.025333,1/2/18,,,,,,
12/21/18,21.318001,1/2/18,,,,,,
12/24/18,19.692667,1/2/18,,,,,,
12/26/18,21.739332,1/2/18,,,,,,
12/27/18,21.075333,1/2/18,,,,,,
12/28/18,22.257999,1/2/18,,,,,,
12/31/18,22.186666,1/2/18,,,,,,
1/2/19,20.674667,1/2/19,,,,,,
1/3/19,20.024,1/2/19,,,,,,
1/4/19,21.179333,1/2/19,,,,,,
1/7/19,22.330667,1/2/19,,,,,,
1/8/19,22.356667,1/2/19,,,,,,
1/9/19,22.568666,1/2/19,,,,,,
1/10/19,22.997999,1/2/19,,,,,,
1/11/19,23.150667,1/2/19,,,,,,
1/14/19,22.293333,1/2/19,,,,,,
1/15/19,22.962,1/2/19,,,,,,
1/16/19,23.07,1/2/19,,,,,,
1/17/19,23.153999,1/2/19,,,,,,
1/18/19,20.150667,1/2/19,,,,,,
1/22/19,19.927999,1/2/19,,,,,,
1/23/19,19.172667,1/2/19,,,,,,
1/24/19,19.434,1/2/19,,,,,,
1/25/19,19.802668,1/2/19,,,,,,
1/28/19,19.758667,1/2/19,,,,,,
1/29/19,19.830667,1/2/19,,,,,,
1/30/19,20.584667,1/2/19,,,,,,
1/31/19,20.468,1/2/19,,,,,,
2/1/19,20.813999,1/2/19,,,,,,
2/4/19,20.859333,1/2/19,,,,,,
2/5/19,21.423332,1/2/19,,,,,,
2/6/19,21.148001,1/2/19,,,,,,
2/7/19,20.500668,1/2/19,,,,,,
2/8/19,20.386667,1/2/19,,,,,,
2/11/19,20.856001,1/2/19,,,,,,
2/12/19,20.787333,1/2/19,,,,,,
2/13/19,20.544666,1/2/19,,,,,,
2/14/19,20.251333,1/2/19,,,,,,
2/15/19,20.525333,1/2/19,,,,,,
2/19/19,20.375999,1/2/19,,,,,,
2/20/19,20.170668,1/2/19,,,,,,
2/21/19,19.415333,1/2/19,,,,,,
2/22/19,19.647333,1/2/19,,,,,,
2/25/19,19.917999,1/2/19,,,,,,
2/26/19,19.857332,1/2/19,,,,,,
2/27/19,20.982668,1/2/19,,,,,,
2/28/19,21.325333,1/2/19,,,,,,
3/1/19,19.652666,1/2/19,,,,,,
3/4/19,19.024,1/2/19,,,,,,
3/5/19,18.436001,1/2/19,,,,,,
3/6/19,18.416,1/2/19,,,,,,
3/7/19,18.439333,1/2/19,,,,,,
3/8/19,18.942667,1/2/19,,,,,,
3/11/19,19.394667,1/2/19,,,,,,
3/12/19,18.890667,1/2/19,,,,,,
3/13/19,19.264,1/2/19,,,,,,
3/14/19,19.330667,1/2/19,,,,,,
3/15/19,18.362,1/2/19,,,,,,
3/18/19,17.966,1/2/19,,,,,,
3/19/19,17.831333,1/2/19,,,,,,
3/20/19,18.24,1/2/19,,,,,,
3/21/19,18.268,1/2/19,,,,,,
3/22/19,17.635332,1/2/19,,,,,,
3/25/19,17.361334,1/2/19,,,,,,
3/26/19,17.851334,1/2/19,,,,,,
3/27/19,18.322001,1/2/19,,,,,,
3/28/19,18.574667,1/2/19,,,,,,
3/29/19,18.657333,1/2/19,,,,,,
4/1/19,19.278667,1/2/19,,,,,,
4/2/19,19.058666,1/2/19,,,,,,
4/3/19,19.454,1/2/19,,,,,,
4/4/19,17.851999,1/2/19,,,,,,
4/5/19,18.330667,1/2/19,,,,,,
4/8/19,18.213333,1/2/19,,,,,,
4/9/19,18.153999,1/2/19,,,,,,
4/10/19,18.403999,1/2/19,,,,,,
4/11/19,17.894667,1/2/19,,,,,,
4/12/19,17.846666,1/2/19,,,,,,
4/15/19,17.758667,1/2/19,,,,,,
4/16/19,18.224001,1/2/19,,,,,,
4/17/19,18.082001,1/2/19,,,,,,
4/18/19,18.217333,1/2/19,,,,,,
4/22/19,17.516666,1/2/19,,,,,,
4/23/19,17.593332,1/2/19,,,,,,
4/24/19,17.243999,1/2/19,,,,,,
4/25/19,16.508667,1/2/19,,,,,,
4/26/19,15.676,1/2/19,,,,,,
4/29/19,16.098,1/2/19,,,,,,
4/30/19,15.912667,1/2/19,,,,,,
5/1/19,15.600667,1/2/19,,,,,,
5/2/19,16.273333,1/2/19,,,,,,
5/3/19,17.002001,1/2/19,,,,,,
5/6/19,17.022667,1/2/19,,,,,,
5/7/19,16.470667,1/2/19,,,,,,
5/8/19,16.322666,1/2/19,,,,,,
5/9/19,16.132,1/2/19,,,,,,
5/10/19,15.968,1/2/19,,,,,,
5/13/19,15.134,1/2/19,,,,,,
5/14/19,15.487333,1/2/19,,,,,,
5/15/19,15.463333,1/2/19,,,,,,
5/16/19,15.222,1/2/19,,,,,,
5/17/19,14.068667,1/2/19,,,,,,
5/20/19,13.690667,1/2/19,,,,,,
5/21/19,13.672,1/2/19,,,,,,
5/22/19,12.848667,1/2/19,,,,,,
5/23/19,13.032667,1/2/19,,,,,,
5/24/19,12.708667,1/2/19,,,,,,
5/28/19,12.58,1/2/19,,,,,,
5/29/19,12.657333,1/2/19,,,,,,
5/30/19,12.548,1/2/19,,,,,,
5/31/19,12.344,1/2/19,,,,,,
6/3/19,11.931333,1/2/19,,,,,,
6/4/19,12.906667,1/2/19,,,,,,
6/5/19,13.106,1/2/19,,,,,,
6/6/19,13.73,1/2/19,,,,,,
6/7/19,13.633333,1/2/19,,,,,,
6/10/19,14.192,1/2/19,,,,,,
6/11/19,14.473333,1/2/19,,,,,,
6/12/19,13.950667,1/2/19,,,,,,
6/13/19,14.260667,1/2/19,,,,,,
6/14/19,14.328,1/2/19,,,,,,
6/17/19,15.002,1/2/19,,,,,,
6/18/19,14.982667,1/2/19,,,,,,
6/19/19,15.095333,1/2/19,,,,,,
6/20/19,14.641333,1/2/19,,,,,,
6/21/19,14.790667,1/2/19,,,,,,
6/24/19,14.909333,1/2/19,,,,,,
6/25/19,14.650667,1/2/19,,,,,,
6/26/19,14.618,1/2/19,,,,,,
6/27/19,14.856,1/2/19,,,,,,
6/28/19,14.897333,1/2/19,,,,,,
7/1/19,15.144667,1/2/19,,,,,,
7/2/19,14.97,1/2/19,,,,,,
7/3/19,15.66,1/2/19,,,,,,
7/5/19,15.54,1/2/19,,,,,,
7/8/19,15.356,1/2/19,,,,,,
7/9/19,15.337333,1/2/19,,,,,,
7/10/19,15.928,1/2/19,,,,,,
7/11/19,15.906667,1/2/19,,,,,,
7/12/19,16.338667,1/2/19,,,,,,
7/15/19,16.9,1/2/19,,,,,,
7/16/19,16.825333,1/2/19,,,,,,
7/17/19,16.990667,1/2/19,,,,,,
7/18/19,16.902666,1/2/19,,,,,,
7/19/19,17.212,1/2/19,,,,,,
7/22/19,17.045334,1/2/19,,,,,,
7/23/19,17.344667,1/2/19,,,,,,
7/24/19,17.658667,1/2/19,,,,,,
7/25/19,15.254667,1/2/19,,,,,,
7/26/19,15.202667,1/2/19,,,,,,
7/29/19,15.718,1/2/19,,,,,,
7/30/19,16.150667,1/2/19,,,,,,
7/31/19,16.107332,1/2/19,,,,,,
8/1/19,15.59,1/2/19,,,,,,
8/2/19,15.622667,1/2/19,,,,,,
8/5/19,15.221333,1/2/19,,,,,,
8/6/19,15.383333,1/2/19,,,,,,
8/7/19,15.561333,1/2/19,,,,,,
8/8/19,15.886667,1/2/19,,,,,,
8/9/19,15.667333,1/2/19,,,,,,
8/12/19,15.267333,1/2/19,,,,,,
8/13/19,15.666667,1/2/19,,,,,,
8/14/19,14.641333,1/2/19,,,,,,
8/15/19,14.376,1/2/19,,,,,,
8/16/19,14.662667,1/2/19,,,,,,
8/19/19,15.122,1/2/19,,,,,,
8/20/19,15.057333,1/2/19,,,,,,
8/21/19,14.722,1/2/19,,,,,,
8/22/19,14.81,1/2/19,,,,,,
8/23/19,14.093333,1/2/19,,,,,,
8/26/19,14.333333,1/2/19,,,,,,
8/27/19,14.272,1/2/19,,,,,,
8/28/19,14.372667,1/2/19,,,,,,
8/29/19,14.780667,1/2/19,,,,,,
8/30/19,15.040667,1/2/19,,,,,,
9/3/19,15.000667,1/2/19,,,,,,
9/4/19,14.712,1/2/19,,,,,,
9/5/19,15.305333,1/2/19,,,,,,
9/6/19,15.163333,1/2/19,,,,,,
9/9/19,15.452667,1/2/19,,,,,,
9/10/19,15.702667,1/2/19,,,,,,
9/11/19,16.473333,1/2/19,,,,,,
9/12/19,16.391333,1/2/19,,,,,,
9/13/19,16.346666,1/2/19,,,,,,
9/16/19,16.187332,1/2/19,,,,,,
9/17/19,16.319332,1/2/19,,,,,,
9/18/19,16.232668,1/2/19,,,,,,
9/19/19,16.440001,1/2/19,,,,,,
9/20/19,16.041332,1/2/19,,,,,,
9/23/19,16.082001,1/2/19,,,,,,
9/24/19,14.880667,1/2/19,,,,,,
9/25/19,15.246667,1/2/19,,,,,,
9/26/19,16.170668,1/2/19,,,,,,
9/27/19,16.142,1/2/19,,,,,,
9/30/19,16.058001,1/2/19,,,,,,
10/1/19,16.312668,1/2/19,,,,,,
10/2/19,16.208668,1/2/19,,,,,,
10/3/19,15.535333,1/2/19,,,,,,
10/4/19,15.428667,1/2/19,,,,,,
10/7/19,15.848,1/2/19,,,,,,
10/8/19,16.003332,1/2/19,,,,,,
10/9/19,16.302,1/2/19,,,,,,
10/10/19,16.316,1/2/19,,,,,,
10/11/19,16.525999,1/2/19,,,,,,
10/14/19,17.130667,1/2/19,,,,,,
10/15/19,17.192667,1/2/19,,,,,,
10/16/19,17.316668,1/2/19,,,,,,
10/17/19,17.464666,1/2/19,,,,,,
10/18/19,17.129999,1/2/19,,,,,,
10/21/19,16.9,1/2/19,,,,,,
10/22/19,17.038668,1/2/19,,,,,,
10/23/19,16.978666,1/2/19,,,,,,
10/24/19,19.978666,1/2/19,,,,,,
10/25/19,21.875334,1/2/19,,,,,,
10/28/19,21.847334,1/2/19,,,,,,
10/29/19,21.081333,1/2/19,,,,,,
10/30/19,21.000668,1/2/19,,,,,,
10/31/19,20.994667,1/2/19,,,,,,
11/1/19,20.887333,1/2/19,,,,,,
11/4/19,21.164667,1/2/19,,,,,,
11/5/19,21.148001,1/2/19,,,,,,
11/6/19,21.771999,1/2/19,,,,,,
11/7/19,22.369333,1/2/19,,,,,,
11/8/19,22.476,1/2/19,,,,,,
11/11/19,23.006001,1/2/19,,,,,,
11/12/19,23.328667,1/2/19,,,,,,
11/13/19,23.073999,1/2/19,,,,,,
11/14/19,23.290001,1/2/19,,,,,,
11/15/19,23.478001,1/2/19,,,,,,
11/18/19,23.332666,1/2/19,,,,,,
11/19/19,23.968,1/2/19,,,,,,
11/20/19,23.481333,1/2/19,,,,,,
11/21/19,23.655333,1/2/19,,,,,,
11/22/19,22.202667,1/2/19,,,,,,
11/25/19,22.422667,1/2/19,,,,,,
11/26/19,21.927999,1/2/19,,,,,,
11/27/19,22.086,1/2/19,,,,,,
11/29/19,21.996,1/2/19,,,,,,
12/2/19,22.324667,1/2/19,,,,,,
12/3/19,22.413334,1/2/19,,,,,,
12/4/19,22.202,1/2/19,,,,,,
12/5/19,22.024668,1/2/19,,,,,,
12/6/19,22.392668,1/2/19,,,,,,
12/9/19,22.635332,1/2/19,,,,,,
12/10/19,23.256001,1/2/19,,,,,,
12/11/19,23.513332,1/2/19,,,,,,
12/12/19,23.978666,1/2/19,,,,,,
12/13/19,23.892668,1/2/19,,,,,,
12/16/19,25.433332,1/2/19,,,,,,
12/17/19,25.266001,1/2/19,,,,,,
12/18/19,26.209999,1/2/19,,,,,,
12/19/19,26.936001,1/2/19,,,,,,
12/20/19,27.039333,1/2/19,,,,,,
12/23/19,27.948,1/2/19,,,,,,
12/24/19,28.35,1/2/19,,,,,,
12/26/19,28.729334,1/2/19,,,,,,
12/27/19,28.691999,1/2/19,,,,,,
12/30/19,27.646667,1/2/19,,,,,,
12/31/19,27.888666,1/2/19,,,,,,
1/2/20,28.684,1/2/20,,,,,,
1/3/20,29.534,1/2/20,,,,,,
1/6/20,30.102667,1/2/20,,,,,,
1/7/20,31.270666,1/2/20,,,,,,
1/8/20,32.809334,1/2/20,,,,,,
1/9/20,32.089333,1/2/20,,,,,,
1/10/20,31.876667,1/2/20,,,,,,
1/13/20,34.990665,1/2/20,,,,,,
1/14/20,35.861332,1/2/20,,,,,,
1/15/20,34.566666,1/2/20,,,,,,
1/16/20,34.232666,1/2/20,,,,,,
1/17/20,34.033333,1/2/20,,,,,,
1/21/20,36.48,1/2/20,,,,,,
1/22/20,37.970669,1/2/20,,,,,,
1/23/20,38.146667,1/2/20,,,,,,
1/24/20,37.654667,1/2/20,,,,,,
1/27/20,37.201332,1/2/20,,,,,,
1/28/20,37.793331,1/2/20,,,,,,
1/29/20,38.732666,1/2/20,,,,,,
1/30/20,42.720669,1/2/20,,,,,,
1/31/20,43.371334,1/2/20,,,,,,
2/3/20,52,1/2/20,,,,,,
2/4/20,59.137333,1/2/20,,,,,,
2/5/20,48.98,1/2/20,,,,,,
2/6/20,49.930668,1/2/20,,,,,,
2/7/20,49.871334,1/2/20,,,,,,
2/10/20,51.418667,1/2/20,,,,,,
2/11/20,51.625332,1/2/20,,,,,,
2/12/20,51.152668,1/2/20,,,,,,
2/13/20,53.599998,1/2/20,,,,,,
2/14/20,53.335335,1/2/20,,,,,,
2/18/20,57.226665,1/2/20,,,,,,
2/19/20,61.161331,1/2/20,,,,,,
2/20/20,59.960667,1/2/20,,,,,,
2/21/20,60.066666,1/2/20,,,,,,
2/24/20,55.585999,1/2/20,,,,,,
2/25/20,53.327332,1/2/20,,,,,,
2/26/20,51.919998,1/2/20,,,,,,
2/27/20,45.266666,1/2/20,,,,,,
2/28/20,44.532665,1/2/20,,,,,,
3/2/20,49.574669,1/2/20,,,,,,
3/3/20,49.700668,1/2/20,,,,,,
3/4/20,49.966667,1/2/20,,,,,,
3/5/20,48.302666,1/2/20,,,,,,
3/6/20,46.898666,1/2/20,,,,,,
3/9/20,40.533333,1/2/20,,,,,,
3/10/20,43.021999,1/2/20,,,,,,
3/11/20,42.282001,1/2/20,,,,,,
3/12/20,37.369999,1/2/20,,,,,,
3/13/20,36.441334,1/2/20,,,,,,
3/16/20,29.671333,1/2/20,,,,,,
3/17/20,28.68,1/2/20,,,,,,
3/18/20,24.081333,1/2/20,,,,,,
3/19/20,28.509333,1/2/20,,,,,,
3/20/20,28.502001,1/2/20,,,,,,
3/23/20,28.952667,1/2/20,,,,,,
3/24/20,33.666668,1/2/20,,,,,,
3/25/20,35.950001,1/2/20,,,,,,
3/26/20,35.210667,1/2/20,,,,,,
3/27/20,34.290668,1/2/20,,,,,,
3/30/20,33.475334,1/2/20,,,,,,
3/31/20,34.933334,1/2/20,,,,,,
4/1/20,32.104,1/2/20,,,,,,
4/2/20,30.298,1/2/20,,,,,,
4/3/20,32.000668,1/2/20,,,,,,
4/6/20,34.416,1/2/20,,,,,,
4/7/20,36.363335,1/2/20,,,,,,
4/8/20,36.589333,1/2/20,,,,,,
4/9/20,38.200001,1/2/20,,,,,,
4/13/20,43.396667,1/2/20,,,,,,
4/14/20,47.326,1/2/20,,,,,,
4/15/20,48.655334,1/2/20,,,,,,
4/16/20,49.680668,1/2/20,,,,,,
4/17/20,50.259335,1/2/20,,,,,,
4/20/20,49.757332,1/2/20,,,,,,
4/21/20,45.781334,1/2/20,,,,,,
4/22/20,48.807335,1/2/20,,,,,,
4/23/20,47.042,1/2/20,,,,,,
4/24/20,48.343334,1/2/20,,,,,,
4/27/20,53.25,1/2/20,,,,,,
4/28/20,51.274666,1/2/20,,,,,,
4/29/20,53.367332,1/2/20,,,,,,
4/30/20,52.125332,1/2/20,,,,,,
5/1/20,46.754665,1/2/20,,,,,,
5/4/20,50.745998,1/2/20,,,,,,
5/5/20,51.214001,1/2/20,,,,,,
5/6/20,52.172001,1/2/20,,,,,,
5/7/20,52.002666,1/2/20,,,,,,
5/8/20,54.627998,1/2/20,,,,,,
5/11/20,54.085999,1/2/20,,,,,,
5/12/20,53.960667,1/2/20,,,,,,
5/13/20,52.730667,1/2/20,,,,,,
5/14/20,53.555332,1/2/20,,,,,,
5/15/20,53.278,1/2/20,,,,,,
5/18/20,54.242001,1/2/20,,,,,,
5/19/20,53.867332,1/2/20,,,,,,
5/20/20,54.370667,1/2/20,,,,,,
5/21/20,55.173332,1/2/20,,,,,,
5/22/20,54.458668,1/2/20,,,,,,
5/26/20,54.591331,1/2/20,,,,,,
5/27/20,54.681999,1/2/20,,,,,,
5/28/20,53.720669,1/2/20,,,,,,
5/29/20,55.666668,1/2/20,,,,,,
6/1/20,59.873333,1/2/20,,,,,,
6/2/20,58.770668,1/2/20,,,,,,
6/3/20,58.863998,1/2/20,,,,,,
6/4/20,57.625332,1/2/20,,,,,,
6/5/20,59.043999,1/2/20,,,,,,
6/8/20,63.327999,1/2/20,,,,,,
6/9/20,62.711334,1/2/20,,,,,,
6/10/20,68.33667,1/2/20,,,,,,
6/11/20,64.856003,1/2/20,,,,,,
6/12/20,62.352001,1/2/20,,,,,,
6/15/20,66.059998,1/2/20,,,,,,
6/16/20,65.475334,1/2/20,,,,,,
6/17/20,66.119331,1/2/20,,,,,,
6/18/20,66.930664,1/2/20,,,,,,
6/19/20,66.726669,1/2/20,,,,,,
6/22/20,66.288002,1/2/20,,,,,,
6/23/20,66.785332,1/2/20,,,,,,
6/24/20,64.056664,1/2/20,,,,,,
6/25/20,65.732002,1/2/20,,,,,,
6/26/20,63.982666,1/2/20,,,,,,
6/29/20,67.290001,1/2/20,,,,,,
6/30/20,71.987335,1/2/20,,,,,,
7/1/20,74.641998,1/2/20,,,,,,
7/2/20,80.577332,1/2/20,,,,,,
7/6/20,91.438667,1/2/20,,,,,,
7/7/20,92.657333,1/2/20,,,,,,
7/8/20,91.05867,1/2/20,,,,,,
7/9/20,92.952003,1/2/20,,,,,,
7/10/20,102.976669,1/2/20,,,,,,
7/13/20,99.804001,1/2/20,,,,,,
7/14/20,101.120003,1/2/20,,,,,,
7/15/20,103.067329,1/2/20,,,,,,
7/16/20,100.042664,1/2/20,,,,,,
7/17/20,100.056,1/2/20,,,,,,
7/20/20,109.533333,1/2/20,,,,,,
7/21/20,104.557335,1/2/20,,,,,,
7/22/20,106.155334,1/2/20,,,,,,
7/23/20,100.87133,1/2/20,,,,,,
7/24/20,94.466667,1/2/20,,,,,,
7/27/20,102.639999,1/2/20,,,,,,
7/28/20,98.432671,1/2/20,,,,,,
7/29/20,99.940666,1/2/20,,,,,,
7/30/20,99.166,1/2/20,,,,,,
7/31/20,95.384003,1/2/20,,,,,,
8/3/20,99,1/2/20,,,,,,
8/4/20,99.133331,1/2/20,,,,,,
8/5/20,99.001335,1/2/20,,,,,,
8/6/20,99.305336,1/2/20,,,,,,
8/7/20,96.847336,1/2/20,,,,,,
8/10/20,94.571335,1/2/20,,,,,,
8/11/20,91.625999,1/2/20,,,,,,
8/12/20,103.650665,1/2/20,,,,,,
8/13/20,108.066666,1/2/20,,,,,,
8/14/20,110.047333,1/2/20,,,,,,
8/17/20,122.375999,1/2/20,,,,,,
8/18/20,125.806,1/2/20,,,,,,
8/19/20,125.235336,1/2/20,,,,,,
8/20/20,133.455338,1/2/20,,,,,,
8/21/20,136.665329,1/2/20,,,,,,
8/24/20,134.279999,1/2/20,,,,,,
8/25/20,134.889328,1/2/20,,,,,,
8/26/20,143.544662,1/2/20,,,,,,
8/27/20,149.25,1/2/20,,,,,,
8/28/20,147.559998,1/2/20,,,,,,
8/31/20,166.106674,1/2/20,,,,,,
9/1/20,158.350006,1/2/20,,,,,,
9/2/20,149.123337,1/2/20,,,,,,
9/3/20,135.666672,1/2/20,,,,,,
9/4/20,139.440002,1/2/20,,,,,,
9/8/20,110.07,1/2/20,,,,,,
9/9/20,122.09333,1/2/20,,,,,,
9/10/20,123.779999,1/2/20,,,,,,
9/11/20,124.239998,1/2/20,,,,,,
9/14/20,139.873337,1/2/20,,,,,,
9/15/20,149.919998,1/2/20,,,,,,
9/16/20,147.253326,1/2/20,,,,,,
9/17/20,141.143326,1/2/20,,,,,,
9/18/20,147.383331,1/2/20,,,,,,
9/21/20,149.796661,1/2/20,,,,,,
9/22/20,141.410004,1/2/20,,,,,,
9/23/20,126.786667,1/2/20,,,,,,
9/24/20,129.263336,1/2/20,,,,,,
9/25/20,135.779999,1/2/20,,,,,,
9/28/20,140.399994,1/2/20,,,,,,
9/29/20,139.690002,1/2/20,,,,,,
9/30/20,143.003326,1/2/20,,,,,,
10/1/20,149.386673,1/2/20,,,,,,
10/2/20,138.363327,1/2/20,,,,,,
10/5/20,141.893326,1/2/20,,,,,,
10/6/20,137.993332,1/2/20,,,,,,
10/7/20,141.766663,1/2/20,,,,,,
10/8/20,141.973328,1/2/20,,,,,,
10/9/20,144.666672,1/2/20,,,,,,
10/12/20,147.433334,1/2/20,,,,,,
10/13/20,148.883331,1/2/20,,,,,,
10/14/20,153.766663,1/2/20,,,,,,
10/15/20,149.626663,1/2/20,,,,,,
10/16/20,146.556671,1/2/20,,,,,,
10/19/20,143.610001,1/2/20,,,,,,
10/20/20,140.646667,1/2/20,,,,,,
10/21/20,140.880005,1/2/20,,,,,,
10/22/20,141.929993,1/2/20,,,,,,
10/23/20,140.210007,1/2/20,,,,,,
10/26/20,140.093338,1/2/20,,,,,,
10/27/20,141.559998,1/2/20,,,,,,
10/28/20,135.339996,1/2/20,,,,,,
10/29/20,136.943329,1/2/20,,,,,,
10/30/20,129.346664,1/2/20,,,,,,
11/2/20,133.503326,1/2/20,,,,,,
11/3/20,141.300003,1/2/20,,,,,,
11/4/20,140.32666,1/2/20,,,,,,
11/5/20,146.029999,1/2/20,,,,,,
11/6/20,143.316666,1/2/20,,,,,,
11/9/20,140.419998,1/2/20,,,,,,
11/10/20,136.786667,1/2/20,,,,,,
11/11/20,139.043335,1/2/20,,,,,,
11/12/20,137.253326,1/2/20,,,,,,
11/13/20,136.166672,1/2/20,,,,,,
11/16/20,136.029999,1/2/20,,,,,,
11/17/20,147.203339,1/2/20,,,,,,
11/18/20,162.213333,1/2/20,,,,,,
11/19/20,166.42334,1/2/20,,,,,,
11/20/20,163.203339,1/2/20,,,,,,
11/23/20,173.949997,1/2/20,,,,,,
11/24/20,185.126663,1/2/20,,,,,,
11/25/20,191.333328,1/2/20,,,,,,
11/27/20,195.253326,1/2/20,,,,,,
11/30/20,189.199997,1/2/20,,,,,,
12/1/20,194.919998,1/2/20,,,,,,
12/2/20,189.606674,1/2/20,,,,,,
12/3/20,197.793335,1/2/20,,,,,,
12/4/20,199.679993,1/2/20,,,,,,
12/7/20,213.919998,1/2/20,,,,,,
12/8/20,216.626663,1/2/20,,,,,,
12/9/20,201.493332,1/2/20,,,,,,
12/10/20,209.023331,1/2/20,,,,,,
12/11/20,203.330002,1/2/20,,,,,,
12/14/20,213.276672,1/2/20,,,,,,
12/15/20,211.083328,1/2/20,,,,,,
12/16/20,207.589996,1/2/20,,,,,,
12/17/20,218.633331,1/2/20,,,,,,
12/18/20,231.666672,1/2/20,,,,,,
12/21/20,216.619995,1/2/20,,,,,,
12/22/20,213.446671,1/2/20,,,,,,
12/23/20,215.32666,1/2/20,,,,,,
12/24/20,220.589996,1/2/20,,,,,,
12/28/20,221.229996,1/2/20,,,,,,
12/29/20,221.996674,1/2/20,,,,,,
12/30/20,231.593338,1/2/20,,,,,,
12/31/20,235.223328,1/2/20,,,,,,
1/4/21,243.256668,1/4/21,,,,,,
1/5/21,245.036667,1/4/21,,,,,,
1/6/21,251.993332,1/4/21,,,,,,
1/7/21,272.013336,1/4/21,,,,,,
1/8/21,293.339996,1/4/21,,,,,,
1/11/21,270.396667,1/4/21,,,,,,
1/12/21,283.146667,1/4/21,,,,,,
1/13/21,284.803345,1/4/21,,,,,,
1/14/21,281.666656,1/4/21,,,,,,
1/15/21,275.386658,1/4/21,,,,,,
1/19/21,281.516663,1/4/21,,,,,,
1/20/21,283.483337,1/4/21,,,,,,
1/21/21,281.66333,1/4/21,,,,,,
1/22/21,282.213318,1/4/21,,,,,,
1/25/21,293.600006,1/4/21,,,,,,
1/26/21,294.363342,1/4/21,,,,,,
1/27/21,288.053345,1/4/21,,,,,,
1/28/21,278.476654,1/4/21,,,,,,
1/29/21,264.51001,1/4/21,,,,,,
2/1/21,279.936676,1/4/21,,,,,,
2/2/21,290.929993,1/4/21,,,,,,
2/3/21,284.896667,1/4/21,,,,,,
2/4/21,283.329987,1/4/21,,,,,,
2/5/21,284.07666,1/4/21,,,,,,
2/8/21,287.806671,1/4/21,,,,,,
2/9/21,283.15332,1/4/21,,,,,,
2/10/21,268.273346,1/4/21,,,,,,
2/11/21,270.553345,1/4/21,,,,,,
2/12/21,272.040009,1/4/21,,,,,,
2/16/21,265.406677,1/4/21,,,,,,
2/17/21,266.049988,1/4/21,,,,,,
2/18/21,262.459991,1/4/21,,,,,,
2/19/21,260.433319,1/4/21,,,,,,
2/22/21,238.166672,1/4/21,,,,,,
2/23/21,232.946671,1/4/21,,,,,,
2/24/21,247.339996,1/4/21,,,,,,
2/25/21,227.406662,1/4/21,,,,,,
2/26/21,225.166672,1/4/21,,,,,,
3/1/21,239.476669,1/4/21,,,,,,
3/2/21,228.813339,1/4/21,,,,,,
3/3/21,217.733337,1/4/21,,,,,,
3/4/21,207.146667,1/4/21,,,,,,
3/5/21,199.316666,1/4/21,,,,,,
3/8/21,187.666672,1/4/21,,,,,,
3/9/21,224.526672,1/4/21,,,,,,
3/10/21,222.686661,1/4/21,,,,,,
3/11/21,233.199997,1/4/21,,,,,,
3/12/21,231.243332,1/4/21,,,,,,
3/15/21,235.979996,1/4/21,,,,,,
3/16/21,225.626663,1/4/21,,,,,,
3/17/21,233.936661,1/4/21,,,,,,
3/18/21,217.720001,1/4/21,,,,,,
3/19/21,218.289993,1/4/21,,,,,,
3/22/21,223.333328,1/4/21,,,,,,
3/23/21,220.720001,1/4/21,,,,,,
3/24/21,210.089996,1/4/21,,,,,,
3/25/21,213.463333,1/4/21,,,,,,
3/26/21,206.236664,1/4/21,,,,,,
3/29/21,203.763336,1/4/21,,,,,,
3/30/21,211.873337,1/4/21,,,,,,
3/31/21,222.643326,1/4/21,,,,,,
4/1/21,220.583328,1/4/21,,,,,,
4/5/21,230.350006,1/4/21,,,,,,
4/6/21,230.539993,1/4/21,,,,,,
4/7/21,223.656662,1/4/21,,,,,,
4/8/21,227.933334,1/4/21,,,,,,
4/9/21,225.67334,1/4/21,,,,,,
4/12/21,233.993332,1/4/21,,,,,,
4/13/21,254.106674,1/4/21,,,,,,
4/14/21,244.07666,1/4/21,,,,,,
4/15/21,246.28334,1/4/21,,,,,,
4/16/21,246.593338,1/4/21,,,,,,
4/19/21,238.210007,1/4/21,,,,,,
4/20/21,239.66333,1/4/21,,,,,,
4/21/21,248.039993,1/4/21,,,,,,
4/22/21,239.896667,1/4/21,,,,,,
4/23/21,243.133331,1/4/21,,,,,,
4/26/21,246.066666,1/4/21,,,,,,
4/27/21,234.91333,1/4/21,,,,,,
4/28/21,231.46666,1/4/21,,,,,,
4/29/21,225.666672,1/4/21,,,,,,
4/30/21,236.479996,1/4/21,,,,,,
5/3/21,228.300003,1/4/21,,,,,,
5/4/21,224.53334,1/4/21,,,,,,
5/5/21,223.646667,1/4/21,,,,,,
5/6/21,221.179993,1/4/21,,,,,,
5/7/21,224.123337,1/4/21,,,,,,
5/10/21,209.679993,1/4/21,,,,,,
5/11/21,205.733337,1/4/21,,,,,,
5/12/21,196.630005,1/4/21,,,,,,
5/13/21,190.563339,1/4/21,,,,,,
5/14/21,196.580002,1/4/21,,,,,,
5/17/21,192.276672,1/4/21,,,,,,
5/18/21,192.623337,1/4/21,,,,,,
5/19/21,187.820007,1/4/21,,,,,,
5/20/21,195.593338,1/4/21,,,,,,
5/21/21,193.626663,1/4/21,,,,,,
5/24/21,202.146667,1/4/21,,,,,,
5/25/21,201.563339,1/4/21,,,,,,
5/26/21,206.376663,1/4/21,,,,,,
5/27/21,210.28334,1/4/21,,,,,,
5/28/21,208.406662,1/4/21,,,,,,
6/1/21,207.96666,1/4/21,,,,,,
6/2/21,201.706665,1/4/21,,,,,,
6/3/21,190.946671,1/4/21,,,,,,
6/4/21,199.683334,1/4/21,,,,,,
6/7/21,201.710007,1/4/21,,,,,,
6/8/21,201.196671,1/4/21,,,,,,
6/9/21,199.593338,1/4/21,,,,,,
6/10/21,203.373337,1/4/21,,,,,,
6/11/21,203.296661,1/4/21,,,,,,
6/14/21,205.896667,1/4/21,,,,,,
6/15/21,199.786667,1/4/21,,,,,,
6/16/21,201.623337,1/4/21,,,,,,
6/17/21,205.53334,1/4/21,,,,,,
6/18/21,207.770004,1/4/21,,,,,,
6/21/21,206.943329,1/4/21,,,,,,
6/22/21,207.903336,1/4/21,,,,,,
6/23/21,218.856674,1/4/21,,,,,,
6/24/21,226.606674,1/4/21,,,,,,
6/25/21,223.956665,1/4/21,,,,,,
6/28/21,229.573334,1/4/21,,,,,,
6/29/21,226.919998,1/4/21,,,,,,
6/30/21,226.566666,1/4/21,,,,,,
7/1/21,225.973328,1/4/21,,,,,,
7/2/21,226.300003,1/4/21,,,,,,
7/6/21,219.860001,1/4/21,,,,,,
7/7/21,214.883331,1/4/21,,,,,,
7/8/21,217.603333,1/4/21,,,,,,
7/9/21,218.983337,1/4/21,,,,,,
7/12/21,228.566666,1/4/21,,,,,,
7/13/21,222.846664,1/4/21,,,,,,
7/14/21,217.793335,1/4/21,,,,,,
7/15/21,216.866669,1/4/21,,,,,,
7/16/21,214.740005,1/4/21,,,,,,
7/19/21,215.406662,1/4/21,,,,,,
7/20/21,220.166672,1/4/21,,,,,,
7/21/21,218.429993,1/4/21,,,,,,
7/22/21,216.419998,1/4/21,,,,,,
7/23/21,214.460007,1/4/21,,,,,,
7/26/21,219.206665,1/4/21,,,,,,
7/27/21,214.926666,1/4/21,,,,,,
7/28/21,215.660004,1/4/21,,,,,,
7/29/21,225.78334,1/4/21,,,,,,
7/30/21,229.066666,1/4/21,,,,,,
8/2/21,236.556671,1/4/21,,,,,,
8/3/21,236.580002,1/4/21,,,,,,
8/4/21,236.973328,1/4/21,,,,,,
8/5/21,238.210007,1/4/21,,,,,,
8/6/21,233.03334,1/4/21,,,,,,
8/9/21,237.919998,1/4/21,,,,,,
8/10/21,236.66333,1/4/21,,,,,,
8/11/21,235.940002,1/4/21,,,,,,
8/12/21,240.75,1/4/21,,,,,,
8/13/21,239.056671,1/4/21,,,,,,
8/16/21,228.723328,1/4/21,,,,,,
8/17/21,221.903336,1/4/21,,,,,,
8/18/21,229.66333,1/4/21,,,,,,
8/19/21,224.490005,1/4/21,,,,,,
8/20/21,226.753326,1/4/21,,,,,,
8/23/21,235.433334,1/4/21,,,,,,
8/24/21,236.16333,1/4/21,,,,,,
8/25/21,237.066666,1/4/21,,,,,,
8/26/21,233.720001,1/4/21,,,,,,
8/27/21,237.306671,1/4/21,,,,,,
8/30/21,243.636673,1/4/21,,,,,,
8/31/21,245.240005,1/4/21,,,,,,
9/1/21,244.696671,1/4/21,,,,,,
9/2/21,244.130005,1/4/21,,,,,,
9/3/21,244.523331,1/4/21,,,,,,
9/7/21,250.973328,1/4/21,,,,,,
9/8/21,251.289993,1/4/21,,,,,,
9/9/21,251.619995,1/4/21,,,,,,
9/10/21,245.42334,1/4/21,,,,,,
9/13/21,247.666672,1/4/21,,,,,,
9/14/21,248.16333,1/4/21,,,,,,
9/15/21,251.943329,1/4/21,,,,,,
9/16/21,252.330002,1/4/21,,,,,,
9/17/21,253.16333,1/4/21,,,,,,
9/20/21,243.389999,1/4/21,,,,,,
9/21/21,246.460007,1/4/21,,,,,,
9/22/21,250.646667,1/4/21,,,,,,
9/23/21,251.213333,1/4/21,,,,,,
9/24/21,258.130005,1/4/21,,,,,,
9/27/21,263.786682,1/4/21,,,,,,
9/28/21,259.186676,1/4/21,,,,,,
9/29/21,260.436676,1/4/21,,,,,,
9/30/21,258.493347,1/4/21,,,,,,
10/1/21,258.406677,1/4/21,,,,,,
10/4/21,260.51001,1/4/21,,,,,,
10/5/21,260.196655,1/4/21,,,,,,
10/6/21,260.916656,1/4/21,,,,,,
10/7/21,264.536682,1/4/21,,,,,,
10/8/21,261.829987,1/4/21,,,,,,
10/11/21,263.980011,1/4/21,,,,,,
10/12/21,268.573334,1/4/21,,,,,,
10/13/21,270.359985,1/4/21,,,,,,
10/14/21,272.773346,1/4/21,,,,,,
10/15/21,281.01001,1/4/21,,,,,,
10/18/21,290.036682,1/4/21,,,,,,
10/19/21,288.089996,1/4/21,,,,,,
10/20/21,288.600006,1/4/21,,,,,,
10/21/21,298,1/4/21,,,,,,
10/22/21,303.226654,1/4/21,,,,,,
10/25/21,341.619995,1/4/21,,,,,,
10/26/21,339.476654,1/4/21,,,,,,
10/27/21,345.953339,1/4/21,,,,,,
10/28/21,359.013336,1/4/21,,,,,,
10/29/21,371.333344,1/4/21,,,,,,
11/1/21,402.863342,1/4/21,,,,,,
11/2/21,390.666656,1/4/21,,,,,,
11/3/21,404.619995,1/4/21,,,,,,
11/4/21,409.970001,1/4/21,,,,,,
11/5/21,407.363342,1/4/21,,,,,,
11/8/21,387.646667,1/4/21,,,,,,
11/9/21,341.166656,1/4/21,,,,,,
11/10/21,355.983337,1/4/21,,,,,,
11/11/21,354.503326,1/4/21,,,,,,
11/12/21,344.473328,1/4/21,,,,,,
11/15/21,337.796661,1/4/21,,,,,,
11/16/21,351.57666,1/4/21,,,,,,
11/17/21,363.003326,1/4/21,,,,,,
11/18/21,365.459991,1/4/21,,,,,,
11/19/21,379.019989,1/4/21,,,,,,
11/22/21,385.623322,1/4/21,,,,,,
11/23/21,369.676666,1/4/21,,,,,,
11/24/21,372,1/4/21,,,,,,
11/26/21,360.640015,1/4/21,,,,,,
11/29/21,378.996674,1/4/21,,,,,,
11/30/21,381.58667,1/4/21,,,,,,
12/1/21,365,1/4/21,,,,,,
12/2/21,361.533325,1/4/21,,,,,,
12/3/21,338.323334,1/4/21,,,,,,
12/6/21,336.33667,1/4/21,,,,,,
12/7/21,350.583344,1/4/21,,,,,,
12/8/21,356.320007,1/4/21,,,,,,
12/9/21,334.600006,1/4/21,,,,,,
12/10/21,339.01001,1/4/21,,,,,,
12/13/21,322.136658,1/4/21,,,,,,
12/14/21,319.503326,1/4/21,,,,,,
12/15/21,325.329987,1/4/21,,,,,,
12/16/21,308.973328,1/4/21,,,,,,
12/17/21,310.856659,1/4/21,,,,,,
12/20/21,299.980011,1/4/21,,,,,,
12/21/21,312.843323,1/4/21,,,,,,
12/22/21,336.290009,1/4/21,,,,,,
12/23/21,355.666656,1/4/21,,,,,,
12/27/21,364.646667,1/4/21,,,,,,
12/28/21,362.823334,1/4/21,,,,,,
12/29/21,362.063324,1/4/21,,,,,,
12/30/21,356.779999,1/4/21,,,,,,
12/31/21,352.26001,1/4/21,,,,,,
1/3/22,399.926666,1/3/22,,,,,,
1/4/22,383.196655,1/3/22,,,,,,
1/5/22,362.706665,1/3/22,,,,,,
1/6/22,354.899994,1/3/22,,,,,,
1/7/22,342.320007,1/3/22,,,,,,
1/10/22,352.706665,1/3/22,,,,,,
1/11/22,354.799988,1/3/22,,,,,,
1/12/22,368.73999,1/3/22,,,,,,
1/13/22,343.853333,1/3/22,,,,,,
1/14/22,349.869995,1/3/22,,,,,,
1/18/22,343.503326,1/3/22,,,,,,
1/19/22,331.883331,1/3/22,,,,,,
1/20/22,332.089996,1/3/22,,,,,,
1/21/22,314.633331,1/3/22,,,,,,
1/24/22,310,1/3/22,,,,,,
1/25/22,306.133331,1/3/22,,,,,,
1/26/22,312.470001,1/3/22,,,,,,
1/27/22,276.366669,1/3/22,,,,,,
1/28/22,282.116669,1/3/22,,,,,,
1/31/22,312.23999,1/3/22,,,,,,
2/1/22,310.416656,1/3/22,,,,,,
2/2/22,301.886658,1/3/22,,,,,,
2/3/22,297.046661,1/3/22,,,,,,
2/4/22,307.773346,1/3/22,,,,,,
2/7/22,302.446655,1/3/22,,,,,,
2/8/22,307.333344,1/3/22,,,,,,
2/9/22,310.666656,1/3/22,,,,,,
2/10/22,301.516663,1/3/22,,,,,,
2/11/22,286.666656,1/3/22,,,,,,
2/14/22,291.920013,1/3/22,,,,,,
2/15/22,307.476654,1/3/22,,,,,,
2/16/22,307.796661,1/3/22,,,,,,
2/17/22,292.116669,1/3/22,,,,,,
2/18/22,285.660004,1/3/22,,,,,,
2/22/22,273.843323,1/3/22,,,,,,
2/23/22,254.679993,1/3/22,,,,,,
2/24/22,266.92334,1/3/22,,,,,,
2/25/22,269.956665,1/3/22,,,,,,
2/28/22,290.143341,1/3/22,,,,,,
3/1/22,288.123322,1/3/22,,,,,,
3/2/22,293.296661,1/3/22,,,,,,
3/3/22,279.763336,1/3/22,,,,,,
3/4/22,279.429993,1/3/22,,,,,,
3/7/22,268.193329,1/3/22,,,,,,
3/8/22,274.799988,1/3/22,,,,,,
3/9/22,286.323334,1/3/22,,,,,,
3/10/22,279.433319,1/3/22,,,,,,
3/11/22,265.116669,1/3/22,,,,,,
3/14/22,255.456665,1/3/22,,,,,,
3/15/22,267.296661,1/3/22,,,,,,
3/16/22,280.07666,1/3/22,,,,,,
3/17/22,290.533325,1/3/22,,,,,,
3/18/22,301.796661,1/3/22,,,,,,
3/21/22,307.053345,1/3/22,,,,,,
3/22/22,331.32666,1/3/22,,,,,,
3/23/22,333.036682,1/3/22,,,,,,
3/24/22,337.973328,1/3/22,,,,,,
3/25/22,336.880005,1/3/22,,,,,,
3/28/22,363.946655,1/3/22,,,,,,
3/29/22,366.523346,1/3/22,,,,,,
3/30/22,364.66333,1/3/22,,,,,,
3/31/22,359.200012,1/3/22,,,,,,
4/1/22,361.529999,1/3/22,,,,,,
4/4/22,381.816681,1/3/22,,,,,,
4/5/22,363.753326,1/3/22,,,,,,
4/6/22,348.58667,1/3/22,,,,,,
4/7/22,352.420013,1/3/22,,,,,,
4/8/22,341.829987,1/3/22,,,,,,
4/11/22,325.309998,1/3/22,,,,,,
4/12/22,328.983337,1/3/22,,,,,,
4/13/22,340.790009,1/3/22,,,,,,
4/14/22,328.333344,1/3/22,,,,,,
4/18/22,334.763336,1/3/22,,,,,,
4/19/22,342.716675,1/3/22,,,,,,
4/20/22,325.733337,1/3/22,,,,,,
4/21/22,336.26001,1/3/22,,,,,,
4/22/22,335.016663,1/3/22,,,,,,
4/25/22,332.67334,1/3/22,,,,,,
4/26/22,292.140015,1/3/22,,,,,,
4/27/22,293.83667,1/3/22,,,,,,
4/28/22,292.503326,1/3/22,,,,,,
4/29/22,290.253326,1/3/22,,,,,,
5/2/22,300.980011,1/3/22,,,,,,
5/3/22,303.083344,1/3/22,,,,,,
5/4/22,317.540009,1/3/22,,,,,,
5/5/22,291.093323,1/3/22,,,,,,
5/6/22,288.549988,1/3/22,,,,,,
5/9/22,262.369995,1/3/22,,,,,,
5/10/22,266.679993,1/3/22,,,,,,
5/11/22,244.666672,1/3/22,,,,,,
5/12/22,242.666672,1/3/22,,,,,,
5/13/22,256.529999,1/3/22,,,,,,
5/16/22,241.456665,1/3/22,,,,,,
5/17/22,253.869995,1/3/22,,,,,,
5/18/22,236.603333,1/3/22,,,,,,
5/19/22,236.473328,1/3/22,,,,,,
5/20/22,221.300003,1/3/22,,,,,,
5/23/22,224.96666,1/3/22,,,,,,
5/24/22,209.386673,1/3/22,,,,,,
5/25/22,219.600006,1/3/22,,,,,,
5/26/22,235.910004,1/3/22,,,,,,
5/27/22,253.210007,1/3/22,,,,,,
5/31/22,252.753326,1/3/22,,,,,,
6/1/22,246.789993,1/3/22,,,,,,
6/2/22,258.333344,1/3/22,,,,,,
6/3/22,234.516663,1/3/22,,,,,,
6/6/22,238.279999,1/3/22,,,,,,
6/7/22,238.886673,1/3/22,,,,,,
6/8/22,241.866669,1/3/22,,,,,,
6/9/22,239.706665,1/3/22,,,,,,
6/10/22,232.229996,1/3/22,,,,,,
6/13/22,215.736664,1/3/22,,,,,,
6/14/22,220.889999,1/3/22,,,,,,
6/15/22,233,1/3/22,,,,,,
6/16/22,213.100006,1/3/22,,,,,,
6/17/22,216.759995,1/3/22,,,,,,
6/21/22,237.036667,1/3/22,,,,,,
6/22/22,236.08667,1/3/22,,,,,,
6/23/22,235.070007,1/3/22,,,,,,
6/24/22,245.706665,1/3/22,,,,,,
6/27/22,244.919998,1/3/22,,,,,,
6/28/22,232.66333,1/3/22,,,,,,
6/29/22,228.490005,1/3/22,,,,,,
6/30/22,224.473328,1/3/22,,,,,,
7/1/22,227.263336,1/3/22,,,,,,
7/5/22,233.066666,1/3/22,,,,,,
7/6/22,231.733337,1/3/22,,,,,,
7/7/22,244.543335,1/3/22,,,,,,
7/8/22,250.763336,1/3/22,,,,,,
7/11/22,234.343338,1/3/22,,,,,,
7/12/22,233.070007,1/3/22,,,,,,
7/13/22,237.039993,1/3/22,,,,,,
7/14/22,238.313339,1/3/22,,,,,,
7/15/22,240.066666,1/3/22,,,,,,
7/18/22,240.546661,1/3/22,,,,,,
7/19/22,245.529999,1/3/22,,,,,,
7/20/22,247.5,1/3/22,,,,,,
7/21/22,271.706665,1/3/22,,,,,,
7/22/22,272.243347,1/3/22,,,,,,
7/25/22,268.433319,1/3/22,,,,,,
7/26/22,258.859985,1/3/22,,,,,,
7/27/22,274.820007,1/3/22,,,,,,
7/28/22,280.899994,1/3/22,,,,,,
7/29/22,297.149994,1/3/22,,,,,,
8/1/22,297.276672,1/3/22,,,,,,
8/2/22,300.58667,1/3/22,,,,,,
8/3/22,307.396667,1/3/22,,,,,,
8/4/22,308.633331,1/3/22,,,,,,
8/5/22,288.170013,1/3/22,,,,,,
8/8/22,290.42334,1/3/22,,,,,,
8/9/22,283.333344,1/3/22,,,,,,
8/10/22,294.356659,1/3/22,,,,,,
8/11/22,286.630005,1/3/22,,,,,,
8/12/22,300.029999,1/3/22,,,,,,
8/15/22,309.320007,1/3/22,,,,,,
8/16/22,306.563324,1/3/22,,,,,,
8/17/22,303.996674,1/3/22,,,,,,
8/18/22,302.869995,1/3/22,,,,,,
8/19/22,296.666656,1/3/22,,,,,,
8/22/22,289.91333,1/3/22,,,,,,
8/23/22,296.453339,1/3/22,,,,,,
8/24/22,297.09668,1/3/22,,,,,,
8/25/22,296.070007,1/3/22,,,,,,
8/26/22,288.089996,1/3/22,,,,,,
8/29/22,284.820007,1/3/22,,,,,,
8/30/22,277.700012,1/3/22,,,,,,
8/31/22,275.609985,1/3/22,,,,,,
9/1/22,277.160004,1/3/22,,,,,,
9/2/22,270.209991,1/3/22,,,,,,
9/6/22,274.420013,1/3/22,,,,,,
9/7/22,283.700012,1/3/22,,,,,,
9/8/22,289.26001,1/3/22,,,,,,
9/9/22,299.679993,1/3/22,,,,,,
9/12/22,304.420013,1/3/22,,,,,,
9/13/22,292.130005,1/3/22,,,,,,
9/14/22,302.609985,1/3/22,,,,,,
9/15/22,303.75,1/3/22,,,,,,
9/16/22,303.350006,1/3/22,,,,,,
9/19/22,309.070007,1/3/22,,,,,,
9/20/22,308.730011,1/3/22,,,,,,
9/21/22,300.799988,1/3/22,,,,,,
9/22/22,288.589996,1/3/22,,,,,,
9/23/22,275.329987,1/3/22,,,,,,
9/26/22,276.01001,1/3/22,,,,,,
9/27/22,282.940002,1/3/22,,,,,,
9/28/22,287.809998,1/3/22,,,,,,
9/29/22,268.209991,1/3/22,,,,,,
9/30/22,265.25,1/3/22,,,,,,
10/3/22,242.399994,1/3/22,,,,,,
10/4/22,249.440002,1/3/22,,,,,,
10/5/22,240.809998,1/3/22,,,,,,
10/6/22,238.130005,1/3/22,,,,,,
10/7/22,223.070007,1/3/22,,,,,,
10/10/22,222.960007,1/3/22,,,,,,
10/11/22,216.5,1/3/22,,,,,,
10/12/22,217.240005,1/3/22,,,,,,
10/13/22,221.720001,1/3/22,,,,,,
10/14/22,204.990005,1/3/22,,,,,,
10/17/22,219.350006,1/3/22,,,,,,
10/18/22,220.190002,1/3/22,,,,,,
10/19/22,222.039993,1/3/22,,,,,,
10/20/22,207.279999,1/3/22,,,,,,
10/21/22,214.440002,1/3/22,,,,,,
10/24/22,211.25,1/3/22,,,,,,
10/25/22,222.419998,1/3/22,,,,,,
10/26/22,224.639999,1/3/22,,,,,,
10/27/22,225.089996,1/3/22,,,,,,
10/28/22,228.520004,1/3/22,,,,,,
10/31/22,227.539993,1/3/22,,,,,,
11/1/22,227.820007,1/3/22,,,,,,
11/2/22,214.979996,1/3/22,,,,,,
11/3/22,215.309998,1/3/22,,,,,,
11/4/22,207.470001,1/3/22,,,,,,
11/7/22,197.080002,1/3/22,,,,,,
11/8/22,191.300003,1/3/22,,,,,,
11/9/22,177.589996,1/3/22,,,,,,
11/10/22,190.720001,1/3/22,,,,,,
11/11/22,195.970001,1/3/22,,,,,,
11/14/22,190.949997,1/3/22,,,,,,
11/15/22,194.419998,1/3/22,,,,,,
11/16/22,186.919998,1/3/22,,,,,,
11/17/22,183.169998,1/3/22,,,,,,
11/18/22,180.190002,1/3/22,,,,,,
11/21/22,167.869995,1/3/22,,,,,,
11/22/22,169.910004,1/3/22,,,,,,
11/23/22,183.199997,1/3/22,,,,,,
11/25/22,182.860001,1/3/22,,,,,,
11/28/22,182.919998,1/3/22,,,,,,
11/29/22,180.830002,1/3/22,,,,,,
11/30/22,194.699997,1/3/22,,,,,,
12/1/22,194.699997,1/3/22,,,,,,
12/2/22,194.860001,1/3/22,,,,,,
12/5/22,182.449997,1/3/22,,,,,,
12/6/22,179.820007,1/3/22,,,,,,
12/7/22,174.039993,1/3/22,,,,,,
12/8/22,173.440002,1/3/22,,,,,,
12/9/22,179.050003,1/3/22,,,,,,
12/12/22,167.820007,1/3/22,,,,,,
12/13/22,160.949997,1/3/22,,,,,,
12/14/22,156.800003,1/3/22,,,,,,
12/15/22,157.669998,1/3/22,,,,,,
12/16/22,150.229996,1/3/22,,,,,,
12/19/22,149.869995,1/3/22,,,,,,
12/20/22,137.800003,1/3/22,,,,,,
12/21/22,137.570007,1/3/22,,,,,,
12/22/22,125.349998,1/3/22,,,,,,
12/23/22,123.150002,1/3/22,,,,,,
12/27/22,109.099998,1/3/22,,,,,,
12/28/22,112.709999,1/3/22,,,,,,
12/29/22,121.82,1/3/22,,,,,,
12/30/22,123.18,1/3/22,,,,,,
1/3/23,108.099998,1/3/23,,,,,,
1/4/23,113.639999,1/3/23,,,,,,
1/5/23,110.339996,1/3/23,,,,,,
1/6/23,113.059998,1/3/23,,,,,,
1/9/23,119.769997,1/3/23,,,,,,
1/10/23,118.849998,1/3/23,,,,,,
1/11/23,123.220001,1/3/23,,,,,,
1/12/23,123.559998,1/3/23,,,,,,
1/13/23,122.400002,1/3/23,,,,,,
1/17/23,131.490005,1/3/23,,,,,,
1/18/23,128.779999,1/3/23,,,,,,
1/19/23,127.169998,1/3/23,,,,,,
1/20/23,133.419998,1/3/23,,,,,,
1/23/23,143.75,1/3/23,,,,,,
1/24/23,143.889999,1/3/23,,,,,,
1/25/23,144.429993,1/3/23,,,,,,
1/26/23,160.270004,1/3/23,,,,,,
1/27/23,177.899994,1/3/23,,,,,,
1/30/23,166.660004,1/3/23,,,,,,
1/31/23,173.220001,1/3/23,,,,,,
2/1/23,181.410004,1/3/23,,,,,,
2/2/23,188.270004,1/3/23,,,,,,
2/3/23,189.979996,1/3/23,,,,,,
2/6/23,194.759995,1/3/23,,,,,,
2/7/23,196.809998,1/3/23,,,,,,
2/8/23,201.289993,1/3/23,,,,,,
2/9/23,207.320007,1/3/23,,,,,,
2/10/23,196.889999,1/3/23,,,,,,
2/13/23,194.639999,1/3/23,,,,,,
2/14/23,209.25,1/3/23,,,,,,
2/15/23,214.240005,1/3/23,,,,,,
2/16/23,202.039993,1/3/23,,,,,,
2/17/23,208.309998,1/3/23,,,,,,
2/21/23,197.369995,1/3/23,,,,,,
2/22/23,200.860001,1/3/23,,,,,,
2/23/23,202.070007,1/3/23,,,,,,
2/24/23,196.880005,1/3/23,,,,,,
2/27/23,207.630005,1/3/23,,,,,,
2/28/23,205.710007,1/3/23,,,,,,
3/1/23,202.770004,1/3/23,,,,,,
3/2/23,190.899994,1/3/23,,,,,,
3/3/23,197.789993,1/3/23,,,,,,
3/6/23,193.809998,1/3/23,,,,,,
3/7/23,187.710007,1/3/23,,,,,,
3/8/23,182,1/3/23,,,,,,
3/9/23,172.919998,1/3/23,,,,,,
3/10/23,173.440002,1/3/23,,,,,,
3/13/23,174.479996,1/3/23,,,,,,
3/14/23,183.259995,1/3/23,,,,,,
3/15/23,180.449997,1/3/23,,,,,,
3/16/23,184.130005,1/3/23,,,,,,
3/17/23,180.130005,1/3/23,,,,,,
3/20/23,183.25,1/3/23,,,,,,
3/21/23,197.580002,1/3/23,,,,,,
3/22/23,191.149994,1/3/23,,,,,,
3/23/23,192.220001,1/3/23,,,,,,
3/24/23,190.410004,1/3/23,,,,,,
3/27/23,191.809998,1/3/23,,,,,,
3/28/23,189.190002,1/3/23,,,,,,
3/29/23,193.880005,1/3/23,,,,,,
3/30/23,195.279999,1/3/23,,,,,,
3/31/23,207.460007,1/3/23,,,,,,
4/3/23,194.770004,1/3/23,,,,,,
4/4/23,192.580002,1/3/23,,,,,,
4/5/23,185.520004,1/3/23,,,,,,
4/6/23,185.059998,1/3/23,,,,,,
4/10/23,184.509995,1/3/23,,,,,,
4/11/23,186.789993,1/3/23,,,,,,
4/12/23,180.539993,1/3/23,,,,,,
4/13/23,185.899994,1/3/23,,,,,,
4/14/23,185,1/3/23,,,,,,
4/17/23,187.039993,1/3/23,,,,,,
4/18/23,184.309998,1/3/23,,,,,,
4/19/23,180.589996,1/3/23,,,,,,
4/20/23,162.990005,1/3/23,,,,,,
4/21/23,165.080002,1/3/23,,,,,,
4/24/23,162.550003,1/3/23,,,,,,
4/25/23,160.669998,1/3/23,,,,,,
4/26/23,153.75,1/3/23,,,,,,
4/27/23,160.190002,1/3/23,,,,,,
4/28/23,164.309998,1/3/23,,,,,,
5/1/23,161.830002,1/3/23,,,,,,
5/2/23,160.309998,1/3/23,,,,,,
5/3/23,160.610001,1/3/23,,,,,,
5/4/23,161.199997,1/3/23,,,,,,
5/5/23,170.059998,1/3/23,,,,,,
5/8/23,171.789993,1/3/23,,,,,,
5/9/23,169.149994,1/3/23,,,,,,
5/10/23,168.539993,1/3/23,,,,,,
5/11/23,172.080002,1/3/23,,,,,,
5/12/23,167.979996,1/3/23,,,,,,
5/15/23,166.350006,1/3/23,,,,,,
5/16/23,166.520004,1/3/23,,,,,,
5/17/23,173.860001,1/3/23,,,,,,
5/18/23,176.889999,1/3/23,,,,,,
5/19/23,180.139999,1/3/23,,,,,,
5/22/23,188.869995,1/3/23,,,,,,
5/23/23,185.770004,1/3/23,,,,,,
5/24/23,182.899994,1/3/23,,,,,,
5/25/23,184.470001,1/3/23,,,,,,
5/26/23,193.169998,1/3/23,,,,,,
5/30/23,201.160004,1/3/23,,,,,,
5/31/23,203.929993,1/3/23,,,,,,
6/1/23,207.520004,1/3/23,,,,,,
6/2/23,213.970001,1/3/23,,,,,,
6/5/23,217.610001,1/3/23,,,,,,
6/6/23,221.309998,1/3/23,,,,,,
6/7/23,224.570007,1/3/23,,,,,,
6/8/23,234.860001,1/3/23,,,,,,
6/9/23,244.399994,1/3/23,,,,,,
6/12/23,249.830002,1/3/23,,,,,,
6/13/23,258.709991,1/3/23,,,,,,
6/14/23,256.790009,1/3/23,,,,,,
6/15/23,255.899994,1/3/23,,,,,,
6/16/23,260.540009,1/3/23,,,,,,
6/20/23,274.450012,1/3/23,,,,,,
6/21/23,259.459991,1/3/23,,,,,,
6/22/23,264.609985,1/3/23,,,,,,
6/23/23,256.600006,1/3/23,,,,,,
6/26/23,241.050003,1/3/23,,,,,,
6/27/23,250.210007,1/3/23,,,,,,
6/28/23,256.23999,1/3/23,,,,,,
6/29/23,257.5,1/3/23,,,,,,
6/30/23,261.769989,1/3/23,,,,,,
7/3/23,279.820007,1/3/23,,,,,,
7/5/23,282.480011,1/3/23,,,,,,
7/6/23,276.540009,1/3/23,,,,,,
7/7/23,274.429993,1/3/23,,,,,,
7/10/23,269.609985,1/3/23,,,,,,
7/11/23,269.790009,1/3/23,,,,,,
7/12/23,271.98999,1/3/23,,,,,,
7/13/23,277.899994,1/3/23,,,,,,
7/14/23,281.380005,1/3/23,,,,,,
7/17/23,290.380005,1/3/23,,,,,,
7/18/23,293.339996,1/3/23,,,,,,
7/19/23,291.26001,1/3/23,,,,,,
7/20/23,262.899994,1/3/23,,,,,,
7/21/23,260.019989,1/3/23,,,,,,
7/24/23,269.059998,1/3/23,,,,,,
7/25/23,265.279999,1/3/23,,,,,,
7/26/23,264.350006,1/3/23,,,,,,
7/27/23,255.710007,1/3/23,,,,,,
7/28/23,266.440002,1/3/23,,,,,,
7/31/23,267.429993,1/3/23,,,,,,
8/1/23,261.070007,1/3/23,,,,,,
8/2/23,254.110001,1/3/23,,,,,,
8/3/23,259.320007,1/3/23,,,,,,
8/4/23,253.860001,1/3/23,,,,,,
8/7/23,251.449997,1/3/23,,,,,,
8/8/23,249.699997,1/3/23,,,,,,
8/9/23,242.190002,1/3/23,,,,,,
8/10/23,245.339996,1/3/23,,,,,,
8/11/23,242.649994,1/3/23,,,,,,
8/14/23,239.759995,1/3/23,,,,,,
8/15/23,232.960007,1/3/23,,,,,,
8/16/23,225.600006,1/3/23,,,,,,
8/17/23,219.220001,1/3/23,,,,,,
8/18/23,215.490005,1/3/23,,,,,,
8/21/23,231.279999,1/3/23,,,,,,
8/22/23,233.190002,1/3/23,,,,,,
8/23/23,236.860001,1/3/23,,,,,,
8/24/23,230.039993,1/3/23,,,,,,
8/25/23,238.589996,1/3/23,,,,,,
8/28/23,238.820007,1/3/23,,,,,,
8/29/23,257.179993,1/3/23,,,,,,
8/30/23,256.899994,1/3/23,,,,,,
8/31/23,258.079987,1/3/23,,,,,,
9/1/23,245.009995,1/3/23,,,,,,
9/5/23,256.48999,1/3/23,,,,,,
9/6/23,251.919998,1/3/23,,,,,,
9/7/23,251.490005,1/3/23,,,,,,
9/8/23,248.5,1/3/23,,,,,,
9/11/23,273.579987,1/3/23,,,,,,
9/12/23,267.480011,1/3/23,,,,,,
9/13/23,271.299988,1/3/23,,,,,,
9/14/23,276.040009,1/3/23,,,,,,
9/15/23,274.390015,1/3/23,,,,,,
9/18/23,265.279999,1/3/23,,,,,,
9/19/23,266.5,1/3/23,,,,,,
9/20/23,262.589996,1/3/23,,,,,,
9/21/23,255.699997,1/3/23,,,,,,
9/22/23,244.880005,1/3/23,,,,,,
9/25/23,246.990005,1/3/23,,,,,,
9/26/23,244.119995,1/3/23,,,,,,
9/27/23,240.5,1/3/23,,,,,,
9/28/23,246.380005,1/3/23,,,,,,
9/29/23,250.220001,1/3/23,,,,,,
10/2/23,251.600006,1/3/23,,,,,,
10/3/23,246.529999,1/3/23,,,,,,
10/4/23,261.160004,1/3/23,,,,,,
10/5/23,260.049988,1/3/23,,,,,,
10/6/23,260.529999,1/3/23,,,,,,
10/9/23,259.670013,1/3/23,,,,,,
10/10/23,263.619995,1/3/23,,,,,,
10/11/23,262.98999,1/3/23,,,,,,
10/12/23,258.869995,1/3/23,,,,,,
10/13/23,251.119995,1/3/23,,,,,,
10/16/23,253.919998,1/3/23,,,,,,
10/17/23,254.850006,1/3/23,,,,,,
10/18/23,242.679993,1/3/23,,,,,,
10/19/23,220.110001,1/3/23,,,,,,
10/20/23,211.990005,1/3/23,,,,,,
10/23/23,212.080002,1/3/23,,,,,,
10/24/23,216.520004,1/3/23,,,,,,
10/25/23,212.419998,1/3/23,,,,,,
10/26/23,205.759995,1/3/23,,,,,,
10/27/23,207.300003,1/3/23,,,,,,
10/30/23,197.360001,1/3/23,,,,,,
10/31/23,200.839996,1/3/23,,,,,,
11/1/23,205.660004,1/3/23,,,,,,
11/2/23,218.509995,1/3/23,,,,,,
11/3/23,219.960007,1/3/23,,,,,,
11/6/23,219.270004,1/3/23,,,,,,
11/7/23,222.179993,1/3/23,,,,,,
11/8/23,222.110001,1/3/23,,,,,,
11/9/23,209.979996,1/3/23,,,,,,
11/10/23,214.649994,1/3/23,,,,,,
11/13/23,223.710007,1/3/23,,,,,,
11/14/23,237.410004,1/3/23,,,,,,
11/15/23,242.839996,1/3/23,,,,,,
11/16/23,233.589996,1/3/23,,,,,,
11/17/23,234.300003,1/3/23,,,,,,
11/20/23,235.600006,1/3/23,,,,,,
11/21/23,241.199997,1/3/23,,,,,,
11/22/23,234.210007,1/3/23,,,,,,
11/24/23,235.449997,1/3/23,,,,,,
11/27/23,236.080002,1/3/23,,,,,,
11/28/23,246.720001,1/3/23,,,,,,
11/29/23,244.139999,1/3/23,,,,,,
11/30/23,240.080002,1/3/23,,,,,,
12/1/23,238.830002,1/3/23,,,,,,
12/4/23,235.580002,1/3/23,,,,,,
12/5/23,238.720001,1/3/23,,,,,,
12/6/23,239.369995,1/3/23,,,,,,
12/7/23,242.639999,1/3/23,,,,,,
12/8/23,243.839996,1/3/23,,,,,,
12/11/23,239.740005,1/3/23,,,,,,
12/12/23,237.009995,1/3/23,,,,,,
12/13/23,239.289993,1/3/23,,,,,,
12/14/23,251.050003,1/3/23,,,,,,
12/15/23,253.5,1/3/23,,,,,,
12/18/23,252.080002,1/3/23,,,,,,
12/19/23,257.220001,1/3/23,,,,,,
12/20/23,247.139999,1/3/23,,,,,,
12/21/23,254.5,1/3/23,,,,,,
12/22/23,252.539993,1/3/23,,,,,,
12/26/23,256.609985,1/3/23,,,,,,
12/27/23,261.440002,1/3/23,,,,,,
12/28/23,253.179993,1/3/23,,,,,,
12/29/23,248.479996,1/3/23,,,,,,
1/2/24,248.419998,1/2/24,,,,,,
1/3/24,238.449997,1/2/24,,,,,,
1/4/24,237.929993,1/2/24,,,,,,
1/5/24,237.490005,1/2/24,,,,,,
1/8/24,240.449997,1/2/24,,,,,,
1/9/24,234.960007,1/2/24,,,,,,
1/10/24,233.940002,1/2/24,,,,,,
1/11/24,227.220001,1/2/24,,,,,,
1/12/24,218.889999,1/2/24,,,,,,
1/16/24,219.910004,1/2/24,,,,,,
1/17/24,215.550003,1/2/24,,,,,,
1/18/24,211.880005,1/2/24,,,,,,
1/19/24,212.190002,1/2/24,,,,,,
1/22/24,208.800003,1/2/24,,,,,,
1/23/24,209.139999,1/2/24,,,,,,
1/24/24,207.830002,1/2/24,,,,,,
1/25/24,182.630005,1/2/24,,,,,,
1/26/24,183.25,1/2/24,,,,,,
1/29/24,190.929993,1/2/24,,,,,,
1/30/24,191.589996,1/2/24,,,,,,
1/31/24,187.289993,1/2/24,,,,,,
2/1/24,188.860001,1/2/24,,,,,,
2/2/24,187.910004,1/2/24,,,,,,
2/5/24,181.059998,1/2/24,,,,,,
2/6/24,185.100006,1/2/24,,,,,,
2/7/24,187.580002,1/2/24,,,,,,
2/8/24,189.559998,1/2/24,,,,,,
2/9/24,193.570007,1/2/24,,,,,,
2/12/24,188.130005,1/2/24,,,,,,
2/13/24,184.020004,1/2/24,,,,,,
2/14/24,188.710007,1/2/24,,,,,,
2/15/24,200.449997,1/2/24,,,,,,
2/16/24,199.949997,1/2/24,,,,,,
2/20/24,193.759995,1/2/24,,,,,,
2/21/24,194.770004,1/2/24,,,,,,
2/22/24,197.410004,1/2/24,,,,,,
2/23/24,191.970001,1/2/24,,,,,,
2/26/24,199.399994,1/2/24,,,,,,
2/27/24,199.729996,1/2/24,,,,,,
2/28/24,202.039993,1/2/24,,,,,,
2/29/24,201.880005,1/2/24,,,,,,
3/1/24,202.639999,1/2/24,,,,,,
3/4/24,188.139999,1/2/24,,,,,,
3/5/24,180.740005,1/2/24,,,,,,
3/6/24,176.539993,1/2/24,,,,,,
3/7/24,178.649994,1/2/24,,,,,,
3/8/24,175.339996,1/2/24,,,,,,
3/11/24,177.770004,1/2/24,,,,,,
3/12/24,177.539993,1/2/24,,,,,,
3/13/24,169.479996,1/2/24,,,,,,
3/14/24,162.5,1/2/24,,,,,,
3/15/24,163.570007,1/2/24,,,,,,
3/18/24,173.800003,1/2/24,,,,,,
3/19/24,171.320007,1/2/24,,,,,,
3/20/24,175.660004,1/2/24,,,,,,
3/21/24,172.820007,1/2/24,,,,,,
3/22/24,170.830002,1/2/24,,,,,,
3/25/24,172.630005,1/2/24,,,,,,
3/26/24,177.669998,1/2/24,,,,,,
3/27/24,179.830002,1/2/24,,,,,,
3/28/24,175.789993,1/2/24,,,,,,
4/1/24,175.220001,1/2/24,,,,,,
4/2/24,166.630005,1/2/24,,,,,,
4/3/24,168.380005,1/2/24,,,,,,
4/4/24,171.110001,1/2/24,,,,,,
4/5/24,164.899994,1/2/24,,,,,,
4/8/24,172.979996,1/2/24,,,,,,
4/9/24,176.880005,1/2/24,,,,,,
4/10/24,171.759995,1/2/24,,,,,,
4/11/24,174.600006,1/2/24,,,,,,
4/12/24,171.050003,1/2/24,,,,,,
4/15/24,161.479996,1/2/24,,,,,,
4/16/24,157.110001,1/2/24,,,,,,
4/17/24,155.449997,1/2/24,,,,,,
4/18/24,149.929993,1/2/24,,,,,,
4/19/24,147.050003,1/2/24,,,,,,
4/22/24,142.050003,1/2/24,,,,,,
4/23/24,144.679993,1/2/24,,,,,,
4/24/24,162.130005,1/2/24,,,,,,
4/25/24,170.179993,1/2/24,,,,,,
4/26/24,168.289993,1/2/24,,,,,,
4/29/24,194.050003,1/2/24,,,,,,
4/30/24,183.279999,1/2/24,,,,,,
5/1/24,179.990005,1/2/24,,,,,,
5/2/24,180.009995,1/2/24,,,,,,
5/3/24,181.190002,1/2/24,,,,,,
5/6/24,184.759995,1/2/24,,,,,,
5/7/24,177.809998,1/2/24,,,,,,
5/8/24,174.720001,1/2/24,,,,,,
5/9/24,171.970001,1/2/24,,,,,,
5/10/24,168.470001,1/2/24,,,,,,
5/13/24,171.889999,1/2/24,,,,,,
5/14/24,177.550003,1/2/24,,,,,,
5/15/24,173.990005,1/2/24,,,,,,
5/16/24,174.839996,1/2/24,,,,,,
5/17/24,177.460007,1/2/24,,,,,,
5/20/24,174.949997,1/2/24,,,,,,
5/21/24,186.600006,1/2/24,,,,,,
5/22/24,180.110001,1/2/24,,,,,,
5/23/24,173.740005,1/2/24,,,,,,
5/24/24,179.240005,1/2/24,,,,,,
5/28/24,176.75,1/2/24,,,,,,
5/29/24,176.190002,1/2/24,,,,,,
5/30/24,178.789993,1/2/24,,,,,,
5/31/24,178.080002,1/2/24,,,,,,
6/3/24,176.289993,1/2/24,,,,,,
6/4/24,174.770004,1/2/24,,,,,,
6/5/24,175,1/2/24,,,,,,
6/6/24,177.940002,1/2/24,,,,,,